[Licensing::Module] Trying to connect to existing licensing client channel...
Built from '6000.3/respin/6000.3.6f1-732c1ec89f18' branch; Version is '6000.3.6f1 (bbb010bdb8a3) revision 12300304'; Using compiler version '194234433'; Build Type 'Release'
[Licensing::IpcConnector] Successfully connected to: "LicenseClient-heric" at "2026-09-30T21:39:47.0873164Z"
OS: 'Windows 10  (10.0.19045) 64bit Professional' Language: 'pt' Physical Memory: 24480 MB
BatchMode: 1, IsHumanControllingUs: 0, StartBugReporterOnCrash: 0, Is64bit: 1
System  architecture: x64
Process architecture: x64
Date: 2026-09-30T21:39:47Z

COMMAND LINE ARGUMENTS:
C:\Program Files\Unity\Hub\Editor\6000.3.6f1\Editor\Unity.exe
-adb2
-batchMode
-noUpm
-name
AssetImportWorker1
-projectPath
F:/Projetos/Unity/ProjetoFastag
-logFile
Logs/AssetImportWorker1.log
-srvPort
64410
-licensingIpc
LicenseClient-heric
-job-worker-count
13
-background-job-worker-count
8
-gc-helper-count
1
-name
AssetImport
Successfully changed project path to: F:/Projetos/Unity/ProjetoFastag
F:/Projetos/Unity/ProjetoFastag
[UnityMemory] Configuration Parameters - Can be set up in boot.config
    "memorysetup-temp-allocator-size-nav-mesh-worker=65536"
    "memorysetup-temp-allocator-size-audio-worker=65536"
    "memorysetup-temp-allocator-size-gfx=262144"
    "memorysetup-allocator-temp-initial-block-size-main=262144"
    "memorysetup-allocator-temp-initial-block-size-worker=262144"
    "memorysetup-temp-allocator-size-background-worker=32768"
    "memorysetup-temp-allocator-size-job-worker=262144"
    "memorysetup-temp-allocator-size-preload-manager=33554432"
    "memorysetup-temp-allocator-size-gi-baking-worker=262144"
    "memorysetup-temp-allocator-size-gi-baking-worker=262144"
    "memorysetup-temp-allocator-size-gi-baking-worker=262144"
    "memorysetup-temp-allocator-size-gi-baking-worker=262144"
    "memorysetup-temp-allocator-size-gi-baking-worker=262144"
    "memorysetup-bucket-allocator-granularity=16"
    "memorysetup-bucket-allocator-bucket-count=8"
    "memorysetup-bucket-allocator-block-size=33554432"
    "memorysetup-bucket-allocator-block-count=8"
    "memorysetup-main-allocator-block-size=16777216"
    "memorysetup-thread-allocator-block-size=16777216"
    "memorysetup-gfx-main-allocator-block-size=16777216"
    "memorysetup-gfx-thread-allocator-block-size=16777216"
    "memorysetup-cache-allocator-block-size=4194304"
    "memorysetup-typetree-allocator-block-size=2097152"
    "memorysetup-profiler-bucket-allocator-granularity=16"
    "memorysetup-profiler-bucket-allocator-bucket-count=8"
    "memorysetup-profiler-bucket-allocator-block-size=33554432"
    "memorysetup-profiler-bucket-allocator-block-count=8"
    "memorysetup-profiler-allocator-block-size=16777216"
    "memorysetup-profiler-editor-allocator-block-size=1048576"
    "memorysetup-temp-allocator-size-main=16777216"
    "memorysetup-job-temp-allocator-block-size=2097152"
    "memorysetup-job-temp-allocator-block-size-background=1048576"
    "memorysetup-job-temp-allocator-reduction-small-platforms=262144"
    "memorysetup-temp-allocator-size-cloud-worker=32768"
Player connection [18592]  Target information:

Player connection [18592]  * "[IP] 192.168.1.110 [Port] 0 [Flags] 2 [Guid] 1142349841 [EditorId] 1142349841 [Version] 1048832 [Id] WindowsEditor(7,DESKTOP-5DUAORT) [Debug] 1 [PackageName] WindowsEditor [ProjectName] Editor" 

Player connection [18592]  * "[IP] 26.189.206.8 [Port] 0 [Flags] 2 [Guid] 1142349841 [EditorId] 1142349841 [Version] 1048832 [Id] WindowsEditor(7,DESKTOP-5DUAORT) [Debug] 1 [PackageName] WindowsEditor [ProjectName] Editor" 

Player connection [18592] Host joined multi-casting on [225.0.0.222:54997]...
Player connection [18592] Host joined alternative multi-casting on [225.0.0.222:34997]...
JobSystem: Creating JobQueue using job-worker-count value 13
Input System module state changed to: Initialized.
[Physics::Module] Initialized fallback backend.
[Physics::Module] Id: 0xdecafbad
Library Redirect Path: Library/
[Physics::Module] Selected backend.
[Physics::Module] Name: PhysX
[Physics::Module] Id: 0xf2b8ea05
[Physics::Module] SDK Version: 4.1.2
[Physics::Module] Integration Version: 1.0.0
[Physics::Module] Threading Mode: Multi-Threaded
Refreshing native plugins compatible for Editor in 4.02 ms, found 3 plugins.
Preloading 0 native plugins for Editor in 0.00 ms.
Initialize engine version: 6000.3.6f1 (bbb010bdb8a3)
[Subsystems] Discovering subsystems at path C:/Program Files/Unity/Hub/Editor/6000.3.6f1/Editor/Data/Resources/UnitySubsystems
[Subsystems] Discovering subsystems at path F:/Projetos/Unity/ProjetoFastag/Assets
GfxDevice: creating device client; kGfxThreadingModeNonThreaded
Direct3D:
    Version:  Direct3D 11.0 [level 11.1]
    Renderer: AMD Radeon RX 7600 (ID=0x7480)
    Vendor:   ATI
    VRAM:     8150 MB
    Driver:   32.0.31019.2002
Initialize mono
Mono path[0] = 'C:/Program Files/Unity/Hub/Editor/6000.3.6f1/Editor/Data/Managed'
Mono path[1] = 'C:/Program Files/Unity/Hub/Editor/6000.3.6f1/Editor/Data/MonoBleedingEdge/lib/mono/unityjit-win32'
Mono config path = 'C:/Program Files/Unity/Hub/Editor/6000.3.6f1/Editor/Data/MonoBleedingEdge/etc'
Using monoOptions --debugger-agent=transport=dt_socket,embedding=1,server=y,suspend=n,address=127.0.0.1:56156
Begin MonoManager ReloadAssembly
Registering precompiled unity dll's ...
Register platform support module: C:/Program Files/Unity/Hub/Editor/6000.3.6f1/Editor/Data/PlaybackEngines/WebGLSupport/UnityEditor.WebGL.Extensions.dll
Register platform support module: C:/Program Files/Unity/Hub/Editor/6000.3.6f1/Editor/Data/PlaybackEngines/WindowsStandaloneSupport/UnityEditor.WindowsStandalone.Extensions.dll
[Licensing::Module] Licensing is not yet initialized.
[Licensing::Client] Handshaking with LicensingClient:
  Version:                 1.17.4+4293ba1
  Session Id:              0ef4e4094b614f028201451527e1aacd
  Correlation Id:          c3b1f154600bcf733d1352bfa1819060
  External correlation Id: 8469349145231825568
  Machine Id:              j7shxX9+bXaR1d19g335bCvrRdM=
[Licensing::Module] Successfully connected to LicensingClient on channel: "LicenseClient-heric" (connect: 0.00s, validation: 0.00s, handshake: 2.32s)
[Licensing::IpcConnector] Successfully connected to: "LicenseClient-heric-notifications" at "2026-09-30T21:39:49.4057738Z"
[Licensing::Module] Licensing Background thread has ended after 2.32s
[Licensing::Module] Licensing is initialized (took 1.06s).
[Licensing::Client] Successfully resolved entitlement details
[Licensing::Module] License group:
  Id: 4672968327011-UnityPersXXXX
  Product: Unity Personal
  Type: Assigned
  Expiration: Unlimited
Register platform support module: C:/Program Files/Unity/Hub/Editor/6000.3.6f1/Editor/Data/PlaybackEngines/AndroidPlayer/UnityEditor.Android.Extensions.dll
Registered in 1.067190 seconds.
- Loaded All Assemblies, in  1.747 seconds
Native extension for Android target not found
Native extension for WindowsStandalone target not found
Native extension for WebGL target not found
ScheduleIndexationOnStartup MainProcess:False IndexOnStartup:True
Mono: successfully reloaded assembly
- Finished resetting the current domain, in  0.790 seconds
Domain Reload Profiling: 2533ms
	BeginReloadAssembly (218ms)
		ExecutionOrderSort (0ms)
		DisableScriptedObjects (0ms)
		BackupInstance (0ms)
		ReleaseScriptingObjects (0ms)
		CreateAndSetChildDomain (1ms)
	RebuildCommonClasses (58ms)
	RebuildNativeTypeToScriptingClass (22ms)
	initialDomainReloadingComplete (1142ms)
	LoadAllAssembliesAndSetupDomain (301ms)
		LoadAssemblies (213ms)
		RebuildTransferFunctionScriptingTraits (0ms)
		AnalyzeDomain (295ms)
			TypeCache.Refresh (293ms)
				TypeCache.ScanAssembly (269ms)
			BuildScriptInfoCaches (0ms)
			ResolveRequiredComponents (1ms)
	FinalizeReload (791ms)
		ReleaseScriptCaches (0ms)
		RebuildScriptCaches (0ms)
		SetupLoadedEditorAssemblies (688ms)
			LogAssemblyErrors (0ms)
			InitializePlatformSupportModulesInManaged (120ms)
			SetLoadedEditorAssemblies (6ms)
			BeforeProcessingInitializeOnLoad (145ms)
			ProcessInitializeOnLoadAttributes (272ms)
			ProcessInitializeOnLoadMethodAttributes (144ms)
			AfterProcessingInitializeOnLoad (0ms)
			EditorAssembliesLoaded (0ms)
		ExecutionOrderSort2 (0ms)
		AwakeInstancesAfterBackupRestoration (0ms)
========================================================================
Worker process is ready to serve import requests
Import Worker Mode flag is 0x00
Begin MonoManager ReloadAssembly
[Licensing::Client] Successfully resolved entitlement details
Symbol file LoadedFromMemory is not a mono symbol file
- Loaded All Assemblies, in  1.800 seconds
'Packages/com.unity.cinemachine/Editor/Obsolete/CinemachineVirtualCameraBaseEditor.cs' contains partial class of Unity.Object, exactly 1 of the partial classes needs to be in a file with the same filename. This is to know the one that can be referenced from ie. GameObjects
'Packages/com.unity.cinemachine/Editor/Editors/CinemachineVirtualCameraBaseEditor.cs' contains partial class of Unity.Object, exactly 1 of the partial classes needs to be in a file with the same filename. This is to know the one that can be referenced from ie. GameObjects
Refreshing native plugins compatible for Editor in 2.41 ms, found 3 plugins.
Native extension for Android target not found
Native extension for WindowsStandalone target not found
Native extension for WebGL target not found
Package Manager log level set to [2]
[Package Manager] Failed to launch server process. Reason: Unity was launched with the -noUpm command-line argument
[Package Manager] Unable to send message (not connected to server process).
[Package Manager] Cannot connect to Unity Package Manager local server
[Package Manager] Failed to launch server process. Reason: Unity was launched with the -noUpm command-line argument
[Package Manager] Unable to send message (not connected to server process).
[Package Manager] Cannot connect to Unity Package Manager local server
Refreshing native plugins compatible for Editor in 2.50 ms, found 3 plugins.
ScheduleIndexationOnStartup MainProcess:False IndexOnStartup:True
Mono: successfully reloaded assembly
[Package Manager] Failed to launch server process. Reason: Unity was launched with the -noUpm command-line argument
[Package Manager] Unable to send message (not connected to server process).
[Package Manager] Cannot connect to Unity Package Manager local server
[Package Manager] Failed to launch server process. Reason: Unity was launched with the -noUpm command-line argument
[Package Manager] Unable to send message (not connected to server process).
[Package Manager] Cannot connect to Unity Package Manager local server
- Finished resetting the current domain, in  2.056 seconds
Domain Reload Profiling: 3849ms
	BeginReloadAssembly (348ms)
		ExecutionOrderSort (0ms)
		DisableScriptedObjects (11ms)
		BackupInstance (0ms)
		ReleaseScriptingObjects (0ms)
		CreateAndSetChildDomain (61ms)
	RebuildCommonClasses (62ms)
	RebuildNativeTypeToScriptingClass (22ms)
	initialDomainReloadingComplete (102ms)
	LoadAllAssembliesAndSetupDomain (1258ms)
		LoadAssemblies (697ms)
		RebuildTransferFunctionScriptingTraits (0ms)
		AnalyzeDomain (757ms)
			TypeCache.Refresh (518ms)
				TypeCache.ScanAssembly (481ms)
			BuildScriptInfoCaches (208ms)
			ResolveRequiredComponents (24ms)
	FinalizeReload (2056ms)
		ReleaseScriptCaches (0ms)
		RebuildScriptCaches (0ms)
		SetupLoadedEditorAssemblies (1768ms)
			LogAssemblyErrors (0ms)
			InitializePlatformSupportModulesInManaged (16ms)
			SetLoadedEditorAssemblies (9ms)
			BeforeProcessingInitializeOnLoad (371ms)
			ProcessInitializeOnLoadAttributes (651ms)
			ProcessInitializeOnLoadMethodAttributes (711ms)
			AfterProcessingInitializeOnLoad (10ms)
			EditorAssembliesLoaded (1ms)
		ExecutionOrderSort2 (0ms)
		AwakeInstancesAfterBackupRestoration (12ms)
Launched and connected shader compiler UnityShaderCompiler.exe after 0.03 seconds
Refreshing native plugins compatible for Editor in 2.75 ms, found 3 plugins.
Preloading 0 native plugins for Editor in 0.00 ms.
Unloading 12 Unused Serialized files (Serialized files now loaded: 0)
Unloading 10726 unused Assets / (5.4 MB). Loaded Objects now: 11802.
Memory consumption went from 250.6 MB to 245.2 MB.
Total: 18.277700 ms (FindLiveObjects: 1.964100 ms CreateObjectMapping: 1.502200 ms MarkObjects: 10.461500 ms  DeleteObjects: 4.348700 ms)

========================================================================
Received Import Request.
  Time since last request: 5605.449467 seconds.
  path: Assets/_header.uss
  artifactKey: Guid(6f69c0d9951b1ee49938a70839bd12ac) Importer(815301076,1909f56bfc062723c751e8b465ee728b)
Start importing Assets/_header.uss using Guid(6f69c0d9951b1ee49938a70839bd12ac) Importer(815301076,1909f56bfc062723c751e8b465ee728b) (PreviewImporter) -> (artifact id: 'd2e2ebb21f4d0ca1e7ad4e01f7cfa95e') in 0.0439468 seconds
Number of updated asset objects reloaded before import = 0Number of asset objects unloaded after import = 1

========================================================================
Received Import Request.
  Time since last request: 0.000023 seconds.
  path: Assets/botaoFechar.uss
  artifactKey: Guid(87de04bd1350c7c40be18c1495207a42) Importer(815301076,1909f56bfc062723c751e8b465ee728b)
Start importing Assets/botaoFechar.uss using Guid(87de04bd1350c7c40be18c1495207a42) Importer(815301076,1909f56bfc062723c751e8b465ee728b) (PreviewImporter) -> (artifact id: '667f6584e3361fd56f9ab55827b709c3') in 0.0015932 seconds
Number of updated asset objects reloaded before import = 0Number of asset objects unloaded after import = 1

========================================================================
Received Import Request.
  Time since last request: 7.692099 seconds.
  path: Assets/Projeto/UI/ControladorUI.cs
  artifactKey: Guid(fca9e3b8953794f48af3873161804e46) Importer(2089858483,b0f066a214c2f5e87bad3c948f4d605d)
Start importing Assets/Projeto/UI/ControladorUI.cs using Guid(fca9e3b8953794f48af3873161804e46) Importer(2089858483,b0f066a214c2f5e87bad3c948f4d605d) (ScriptedImporter) -> (artifact id: '2006909e97ec3908c1c6a1ae7007c1ce') in 0.1785287 seconds
Number of updated asset objects reloaded before import = 0Number of asset objects unloaded after import = 0

========================================================================
Received Import Request.
  Time since last request: 0.000026 seconds.
  path: Assets/Projeto/UI/Game_HUD/Game_HUD.uss
  artifactKey: Guid(380bd99719daaa6478d5d2f0a739764d) Importer(2089858483,b0f066a214c2f5e87bad3c948f4d605d)
Start importing Assets/Projeto/UI/Game_HUD/Game_HUD.uss using Guid(380bd99719daaa6478d5d2f0a739764d) Importer(2089858483,b0f066a214c2f5e87bad3c948f4d605d) (ScriptedImporter) -> (artifact id: 'e503a6ad4952939704dda5cab4bc928f') in 0.0645614 seconds
Number of updated asset objects reloaded before import = 0Number of asset objects unloaded after import = 4

========================================================================
Received Import Request.
  Time since last request: 0.000030 seconds.
  path: Assets/Projeto/Assets/Henrique/Personagens/Texturas/Material.001.mat
  artifactKey: Guid(3452702a3a31cf64ea192013db732843) Importer(2089858483,b0f066a214c2f5e87bad3c948f4d605d)
Start importing Assets/Projeto/Assets/Henrique/Personagens/Texturas/Material.001.mat using Guid(3452702a3a31cf64ea192013db732843) Importer(2089858483,b0f066a214c2f5e87bad3c948f4d605d) (ScriptedImporter) -> (artifact id: 'ab483c1b470d4229fb5221d65c8f1b27') in 0.1262304 seconds
Number of updated asset objects reloaded before import = 0Number of asset objects unloaded after import = 1

========================================================================
Received Import Request.
  Time since last request: 0.000024 seconds.
  path: Assets/Projeto/UI/Menu/transitions.uss
  artifactKey: Guid(87005daf716472c4b9fa642f282df8a9) Importer(2089858483,b0f066a214c2f5e87bad3c948f4d605d)
Start importing Assets/Projeto/UI/Menu/transitions.uss using Guid(87005daf716472c4b9fa642f282df8a9) Importer(2089858483,b0f066a214c2f5e87bad3c948f4d605d) (ScriptedImporter) -> (artifact id: '9d1db9e0d27ac96b5cffed4f286de8fb') in 0.0167531 seconds
Number of updated asset objects reloaded before import = 0Number of asset objects unloaded after import = 1

========================================================================
Received Import Request.
  Time since last request: 0.000035 seconds.
  path: Assets/Projeto/Assets/Torres/placeholders/olaceholder2.png
  artifactKey: Guid(807c5e6f68efd3447b8a8f9bdbccd4b4) Importer(2089858483,b0f066a214c2f5e87bad3c948f4d605d)
Start importing Assets/Projeto/Assets/Torres/placeholders/olaceholder2.png using Guid(807c5e6f68efd3447b8a8f9bdbccd4b4) Importer(2089858483,b0f066a214c2f5e87bad3c948f4d605d) (ScriptedImporter) -> (artifact id: 'af8f425a352d014b5d24965b1b796c89') in 0.0996214 seconds
Number of updated asset objects reloaded before import = 0Number of asset objects unloaded after import = 3

========================================================================
Received Import Request.
  Time since last request: 0.000023 seconds.
  path: Assets/Projeto/UI/Menu/MainMenu.uxml
  artifactKey: Guid(4e3a8c89df65df64f813d7ba3157443c) Importer(2089858483,b0f066a214c2f5e87bad3c948f4d605d)
Start importing Assets/Projeto/UI/Menu/MainMenu.uxml using Guid(4e3a8c89df65df64f813d7ba3157443c) Importer(2089858483,b0f066a214c2f5e87bad3c948f4d605d) (ScriptedImporter) -> (artifact id: 'bd29f31d1e0ca68536bcb294a7161ea0') in 0.1703277 seconds
Number of updated asset objects reloaded before import = 0Number of asset objects unloaded after import = 20

========================================================================
Received Import Request.
  Time since last request: 0.000031 seconds.
  path: Assets/Projeto/Scena/Menu/LoadScene.unity
  artifactKey: Guid(79cb3c972ac1e4346a2248ce0c9bc035) Importer(2089858483,b0f066a214c2f5e87bad3c948f4d605d)
Start importing Assets/Projeto/Scena/Menu/LoadScene.unity using Guid(79cb3c972ac1e4346a2248ce0c9bc035) Importer(2089858483,b0f066a214c2f5e87bad3c948f4d605d) (ScriptedImporter) -> (artifact id: '0e400cc880f27dd06b6e7a404b7e6565') in 0.0134001 seconds
Number of updated asset objects reloaded before import = 0Number of asset objects unloaded after import = 1

========================================================================
Received Import Request.
  Time since last request: 0.000020 seconds.
  path: Assets/Projeto/Assets/Torres/Sons/sound-1.mp3
  artifactKey: Guid(991e4b5e8734d7743b9c3d5bb9f99b9d) Importer(2089858483,b0f066a214c2f5e87bad3c948f4d605d)
Start importing Assets/Projeto/Assets/Torres/Sons/sound-1.mp3 using Guid(991e4b5e8734d7743b9c3d5bb9f99b9d) Importer(2089858483,b0f066a214c2f5e87bad3c948f4d605d) (ScriptedImporter) -> (artifact id: 'a90e672f525297bfdbdd644ccf0d35d3') in 0.0702503 seconds
Number of updated asset objects reloaded before import = 0Number of asset objects unloaded after import = 1

========================================================================
Received Import Request.
  Time since last request: 0.000042 seconds.
  path: Assets/Projeto/Materials
  artifactKey: Guid(81aac36440c67c043a9c79150ded179e) Importer(2089858483,b0f066a214c2f5e87bad3c948f4d605d)
Start importing Assets/Projeto/Materials using Guid(81aac36440c67c043a9c79150ded179e) Importer(2089858483,b0f066a214c2f5e87bad3c948f4d605d) (ScriptedImporter) -> (artifact id: 'ae288cc24423801c539ab1e655e8e58f') in 0.012366 seconds
Number of updated asset objects reloaded before import = 0Number of asset objects unloaded after import = 1

========================================================================
Received Import Request.
  Time since last request: 0.000024 seconds.
  path: Assets/Projeto/Prefabs/SoundEmitter.prefab
  artifactKey: Guid(b5c38b304a8e65e4299fba53a54fa8e1) Importer(2089858483,b0f066a214c2f5e87bad3c948f4d605d)
Start importing Assets/Projeto/Prefabs/SoundEmitter.prefab using Guid(b5c38b304a8e65e4299fba53a54fa8e1) Importer(2089858483,b0f066a214c2f5e87bad3c948f4d605d) (ScriptedImporter) -> (artifact id: '8b059ea7ccd8ca3de068eba92e9d80d1') in 0.0454339 seconds
Number of updated asset objects reloaded before import = 0Number of asset objects unloaded after import = 6

========================================================================
Received Import Request.
  Time since last request: 0.000033 seconds.
  path: Assets/Projeto/Prefabs/(MB)AnimatorCharacter.controller
  artifactKey: Guid(e868549413a3c4a488e078846535e153) Importer(2089858483,b0f066a214c2f5e87bad3c948f4d605d)
Start importing Assets/Projeto/Prefabs/(MB)AnimatorCharacter.controller using Guid(e868549413a3c4a488e078846535e153) Importer(2089858483,b0f066a214c2f5e87bad3c948f4d605d) (ScriptedImporter) -> (artifact id: '52e680ea90510ad0b7cb24ef77b2dd67') in 0.0370372 seconds
Number of updated asset objects reloaded before import = 0Number of asset objects unloaded after import = 12

========================================================================
Received Import Request.
  Time since last request: 0.000022 seconds.
  path: Assets/Projeto/Assets/Guilherme/personagens/lawrence/lawrence_Normal.png
  artifactKey: Guid(981ac937e456441068b6307b32cf2ca3) Importer(2089858483,b0f066a214c2f5e87bad3c948f4d605d)
Start importing Assets/Projeto/Assets/Guilherme/personagens/lawrence/lawrence_Normal.png using Guid(981ac937e456441068b6307b32cf2ca3) Importer(2089858483,b0f066a214c2f5e87bad3c948f4d605d) (ScriptedImporter) -> (artifact id: '6b14be5d08d265c1e7f9d6b100c14a68') in 0.0188223 seconds
Number of updated asset objects reloaded before import = 0Number of asset objects unloaded after import = 1

========================================================================
Received Import Request.
  Time since last request: 0.000030 seconds.
  path: Assets/Projeto/Assets/Guilherme/personagens/lawrence/lawrence do mal_Normal_OpenGL.png
  artifactKey: Guid(6ef49fbc73e754715894cc2cfb59e069) Importer(2089858483,b0f066a214c2f5e87bad3c948f4d605d)
Start importing Assets/Projeto/Assets/Guilherme/personagens/lawrence/lawrence do mal_Normal_OpenGL.png using Guid(6ef49fbc73e754715894cc2cfb59e069) Importer(2089858483,b0f066a214c2f5e87bad3c948f4d605d) (ScriptedImporter) -> (artifact id: '713c555a9f79a952665cc05d99af5f34') in 0.0325105 seconds
Number of updated asset objects reloaded before import = 0Number of asset objects unloaded after import = 1

========================================================================
Received Import Request.
  Time since last request: 0.000021 seconds.
  path: Assets/Projeto/Assets/Torres/placeholders/placeholder 1.png
  artifactKey: Guid(ee1afd58bafe2c04880b7e239a57586f) Importer(2089858483,b0f066a214c2f5e87bad3c948f4d605d)
Start importing Assets/Projeto/Assets/Torres/placeholders/placeholder 1.png using Guid(ee1afd58bafe2c04880b7e239a57586f) Importer(2089858483,b0f066a214c2f5e87bad3c948f4d605d) (ScriptedImporter) -> (artifact id: '97aae78ecaa9202f04d4aa36ca8d68a8') in 0.0224368 seconds
Number of updated asset objects reloaded before import = 0Number of asset objects unloaded after import = 3

========================================================================
Received Import Request.
  Time since last request: 0.000029 seconds.
  path: Assets/Projeto/Assets/Henrique/Personagens
  artifactKey: Guid(d4df6fefc35db574bb083906e7656519) Importer(2089858483,b0f066a214c2f5e87bad3c948f4d605d)
Start importing Assets/Projeto/Assets/Henrique/Personagens using Guid(d4df6fefc35db574bb083906e7656519) Importer(2089858483,b0f066a214c2f5e87bad3c948f4d605d) (ScriptedImporter) -> (artifact id: 'c879d2f52dfbdb9da526d68a3f8c6d9f') in 0.0099329 seconds
Number of updated asset objects reloaded before import = 0Number of asset objects unloaded after import = 1

========================================================================
Received Import Request.
  Time since last request: 0.000018 seconds.
  path: Assets/Projeto/Materials/Materials provisórios/Cadeira.mat
  artifactKey: Guid(0c65d35ff4c7f8c4db58ca8b89f659c5) Importer(2089858483,b0f066a214c2f5e87bad3c948f4d605d)
Start importing Assets/Projeto/Materials/Materials provisórios/Cadeira.mat using Guid(0c65d35ff4c7f8c4db58ca8b89f659c5) Importer(2089858483,b0f066a214c2f5e87bad3c948f4d605d) (ScriptedImporter) -> (artifact id: '7298e1071849b77a483e6882e9f9662f') in 0.0199454 seconds
Number of updated asset objects reloaded before import = 0Number of asset objects unloaded after import = 1

========================================================================
Received Import Request.
  Time since last request: 0.000022 seconds.
  path: Assets/Projeto/Assets/Guilherme/personagens/Baiana/pret_Height.png
  artifactKey: Guid(e59d20f8a75824677b72c6b9d985c001) Importer(2089858483,b0f066a214c2f5e87bad3c948f4d605d)
Start importing Assets/Projeto/Assets/Guilherme/personagens/Baiana/pret_Height.png using Guid(e59d20f8a75824677b72c6b9d985c001) Importer(2089858483,b0f066a214c2f5e87bad3c948f4d605d) (ScriptedImporter) -> (artifact id: '380927ab113306e0bea05d3a83e9015e') in 0.0256727 seconds
Number of updated asset objects reloaded before import = 0Number of asset objects unloaded after import = 1

========================================================================
Received Import Request.
  Time since last request: 0.000028 seconds.
  path: Assets/Projeto/Materials/Materials provisórios/Mesa.mat
  artifactKey: Guid(db962507b8266674b87372e5dc9af054) Importer(2089858483,b0f066a214c2f5e87bad3c948f4d605d)
Start importing Assets/Projeto/Materials/Materials provisórios/Mesa.mat using Guid(db962507b8266674b87372e5dc9af054) Importer(2089858483,b0f066a214c2f5e87bad3c948f4d605d) (ScriptedImporter) -> (artifact id: '3b588f7f8a14799fcd77201de2b9a970') in 0.0242206 seconds
Number of updated asset objects reloaded before import = 0Number of asset objects unloaded after import = 1

========================================================================
Received Import Request.
  Time since last request: 0.000022 seconds.
  path: Assets/Projeto/Assets/Torres/Sons/sound-15_01.mp3
  artifactKey: Guid(ce18ca9ae00a9ca43a9d430ed8b50a95) Importer(2089858483,b0f066a214c2f5e87bad3c948f4d605d)
Start importing Assets/Projeto/Assets/Torres/Sons/sound-15_01.mp3 using Guid(ce18ca9ae00a9ca43a9d430ed8b50a95) Importer(2089858483,b0f066a214c2f5e87bad3c948f4d605d) (ScriptedImporter) -> (artifact id: '3d49099e988245ab20619352f3a3f9b1') in 0.0447279 seconds
Number of updated asset objects reloaded before import = 0Number of asset objects unloaded after import = 1

========================================================================
Received Import Request.
  Time since last request: 0.000027 seconds.
  path: Assets/Projeto/Assets/Torres/Sons/sound-3.mp3
  artifactKey: Guid(77b9baf7b08f5bd469ad7c39d00614eb) Importer(2089858483,b0f066a214c2f5e87bad3c948f4d605d)
Start importing Assets/Projeto/Assets/Torres/Sons/sound-3.mp3 using Guid(77b9baf7b08f5bd469ad7c39d00614eb) Importer(2089858483,b0f066a214c2f5e87bad3c948f4d605d) (ScriptedImporter) -> (artifact id: '8cdf826255dc5e8c650717bc56d3c356') in 0.0635624 seconds
Number of updated asset objects reloaded before import = 0Number of asset objects unloaded after import = 1

========================================================================
Received Import Request.
  Time since last request: 0.000020 seconds.
  path: Assets/Projeto/Assets/Guilherme/personagens/lawrence/lawrence do mal.fbx
  artifactKey: Guid(33ad78c402951473a97cb4f311f0dd23) Importer(2089858483,b0f066a214c2f5e87bad3c948f4d605d)
Start importing Assets/Projeto/Assets/Guilherme/personagens/lawrence/lawrence do mal.fbx using Guid(33ad78c402951473a97cb4f311f0dd23) Importer(2089858483,b0f066a214c2f5e87bad3c948f4d605d) (ScriptedImporter) -> (artifact id: '1fff5dc9dccf6e9f5cf6f967dc34a382') in 0.0771111 seconds
Number of updated asset objects reloaded before import = 0Number of asset objects unloaded after import = 143

========================================================================
Received Import Request.
  Time since last request: 0.000033 seconds.
  path: Assets/Projeto/Assets/Guilherme/personagens/Baiana/Materials/pret_Base_metalness.mat
  artifactKey: Guid(8b8161635035ad9419dcba3455a8313f) Importer(2089858483,b0f066a214c2f5e87bad3c948f4d605d)
Start importing Assets/Projeto/Assets/Guilherme/personagens/Baiana/Materials/pret_Base_metalness.mat using Guid(8b8161635035ad9419dcba3455a8313f) Importer(2089858483,b0f066a214c2f5e87bad3c948f4d605d) (ScriptedImporter) -> (artifact id: 'fd34b3c7d22dd9b7c9661ce03bc38738') in 0.0481204 seconds
Number of updated asset objects reloaded before import = 0Number of asset objects unloaded after import = 3

========================================================================
Received Import Request.
  Time since last request: 0.000021 seconds.
  path: Assets/Projeto/Scripts/Audio/SoundManager.cs
  artifactKey: Guid(3f6372ecadacb394693eceec4abc7468) Importer(2089858483,b0f066a214c2f5e87bad3c948f4d605d)
Start importing Assets/Projeto/Scripts/Audio/SoundManager.cs using Guid(3f6372ecadacb394693eceec4abc7468) Importer(2089858483,b0f066a214c2f5e87bad3c948f4d605d) (ScriptedImporter) -> (artifact id: '9b518299e7fe5637b087b92a839f6f2c') in 0.0175343 seconds
Number of updated asset objects reloaded before import = 0Number of asset objects unloaded after import = 0

========================================================================
Received Import Request.
  Time since last request: 0.000030 seconds.
  path: Assets/Projeto/Assets/Guilherme/personagens/Baiana/pret_Base_metalness.png
  artifactKey: Guid(a9c257732568a45b1ba67bf20b257b1d) Importer(2089858483,b0f066a214c2f5e87bad3c948f4d605d)
Start importing Assets/Projeto/Assets/Guilherme/personagens/Baiana/pret_Base_metalness.png using Guid(a9c257732568a45b1ba67bf20b257b1d) Importer(2089858483,b0f066a214c2f5e87bad3c948f4d605d) (ScriptedImporter) -> (artifact id: '2fd7a8715b32eaeeab9ce150660524e7') in 0.028204 seconds
Number of updated asset objects reloaded before import = 0Number of asset objects unloaded after import = 1

========================================================================
Received Import Request.
  Time since last request: 0.000020 seconds.
  path: Assets/Projeto/Assets/Torres/fONTS
  artifactKey: Guid(829b03fb01696504d90431b35c7dcbe8) Importer(2089858483,b0f066a214c2f5e87bad3c948f4d605d)
Start importing Assets/Projeto/Assets/Torres/fONTS using Guid(829b03fb01696504d90431b35c7dcbe8) Importer(2089858483,b0f066a214c2f5e87bad3c948f4d605d) (ScriptedImporter) -> (artifact id: '9c513568de19e79bc3e7cb7df54a4002') in 0.0209408 seconds
Number of updated asset objects reloaded before import = 0Number of asset objects unloaded after import = 1

========================================================================
Received Import Request.
  Time since last request: 0.000022 seconds.
  path: Assets/Projeto/Assets/Guilherme/personagens/lawrence/lawrence_Base_color.png
  artifactKey: Guid(4f1358043bc3945e4a8c74443c1b3a56) Importer(2089858483,b0f066a214c2f5e87bad3c948f4d605d)
Start importing Assets/Projeto/Assets/Guilherme/personagens/lawrence/lawrence_Base_color.png using Guid(4f1358043bc3945e4a8c74443c1b3a56) Importer(2089858483,b0f066a214c2f5e87bad3c948f4d605d) (ScriptedImporter) -> (artifact id: '010af51a2a6e0066e6e8e5e7c501de27') in 0.0271002 seconds
Number of updated asset objects reloaded before import = 0Number of asset objects unloaded after import = 1

========================================================================
Received Import Request.
  Time since last request: 0.000029 seconds.
  path: Assets/Projeto/Scripts/Audio/AudioExtensions.cs
  artifactKey: Guid(501ad4f13299cf24cade1db961902827) Importer(2089858483,b0f066a214c2f5e87bad3c948f4d605d)
Start importing Assets/Projeto/Scripts/Audio/AudioExtensions.cs using Guid(501ad4f13299cf24cade1db961902827) Importer(2089858483,b0f066a214c2f5e87bad3c948f4d605d) (ScriptedImporter) -> (artifact id: 'c07974341e7e862038a68afe601d4d91') in 0.0190351 seconds
Number of updated asset objects reloaded before import = 0Number of asset objects unloaded after import = 0

========================================================================
Received Import Request.
  Time since last request: 0.000024 seconds.
  path: Assets/Projeto/Materials/Materials provisórios/bANCADA.mat
  artifactKey: Guid(45bad14430b09b44a9b192fcf129675f) Importer(2089858483,b0f066a214c2f5e87bad3c948f4d605d)
Start importing Assets/Projeto/Materials/Materials provisórios/bANCADA.mat using Guid(45bad14430b09b44a9b192fcf129675f) Importer(2089858483,b0f066a214c2f5e87bad3c948f4d605d) (ScriptedImporter) -> (artifact id: 'b3ea076c6151d7adef112c5841a8fe2b') in 0.0219847 seconds
Number of updated asset objects reloaded before import = 0Number of asset objects unloaded after import = 1

========================================================================
Received Import Request.
  Time since last request: 0.000029 seconds.
  path: Assets/Projeto/Assets/Guilherme/personagens/Baiana/Macabea v2.fbx
  artifactKey: Guid(effc99836a16741bbbd8d4d088901117) Importer(2089858483,b0f066a214c2f5e87bad3c948f4d605d)
Start importing Assets/Projeto/Assets/Guilherme/personagens/Baiana/Macabea v2.fbx using Guid(effc99836a16741bbbd8d4d088901117) Importer(2089858483,b0f066a214c2f5e87bad3c948f4d605d) (ScriptedImporter) -> (artifact id: 'c836d271a46d4e9f186f1454d0191779') in 0.0330447 seconds
Number of updated asset objects reloaded before import = 0Number of asset objects unloaded after import = 113

========================================================================
Received Import Request.
  Time since last request: 0.000022 seconds.
  path: Assets/Projeto/Scena/Teste/Global Volume Profile.asset
  artifactKey: Guid(a50864b7c93144e64b7325464cf103a6) Importer(2089858483,b0f066a214c2f5e87bad3c948f4d605d)
Start importing Assets/Projeto/Scena/Teste/Global Volume Profile.asset using Guid(a50864b7c93144e64b7325464cf103a6) Importer(2089858483,b0f066a214c2f5e87bad3c948f4d605d) (ScriptedImporter) -> (artifact id: 'b014aee2fb2abf64a1739b2fa657911c') in 0.0152224 seconds
Number of updated asset objects reloaded before import = 0Number of asset objects unloaded after import = 2

========================================================================
Received Import Request.
  Time since last request: 0.000027 seconds.
  path: Assets/Projeto/Materials/Materials provisórios/Pia.mat
  artifactKey: Guid(499ba9b11ea66d64da3b218c345f649f) Importer(2089858483,b0f066a214c2f5e87bad3c948f4d605d)
Start importing Assets/Projeto/Materials/Materials provisórios/Pia.mat using Guid(499ba9b11ea66d64da3b218c345f649f) Importer(2089858483,b0f066a214c2f5e87bad3c948f4d605d) (ScriptedImporter) -> (artifact id: '61feee260c8bc43b4e4fc769c0a07739') in 0.0279518 seconds
Number of updated asset objects reloaded before import = 0Number of asset objects unloaded after import = 1

========================================================================
Received Import Request.
  Time since last request: 0.000017 seconds.
  path: Assets/Projeto/Prefabs/(MM)AnimatorCharacter.controller
  artifactKey: Guid(f778a33ecb16d3b4b83c4ec1f0128a88) Importer(2089858483,b0f066a214c2f5e87bad3c948f4d605d)
Start importing Assets/Projeto/Prefabs/(MM)AnimatorCharacter.controller using Guid(f778a33ecb16d3b4b83c4ec1f0128a88) Importer(2089858483,b0f066a214c2f5e87bad3c948f4d605d) (ScriptedImporter) -> (artifact id: '012688cc49c524e0bf2989ab8b378062') in 0.019561 seconds
Number of updated asset objects reloaded before import = 0Number of asset objects unloaded after import = 12

========================================================================
Received Import Request.
  Time since last request: 0.000019 seconds.
  path: Assets/Projeto/Prefabs/Camera/Camera.prefab
  artifactKey: Guid(7dadd4a4bf8fafe4cb2a69b6621a4715) Importer(2089858483,b0f066a214c2f5e87bad3c948f4d605d)
Start importing Assets/Projeto/Prefabs/Camera/Camera.prefab using Guid(7dadd4a4bf8fafe4cb2a69b6621a4715) Importer(2089858483,b0f066a214c2f5e87bad3c948f4d605d) (ScriptedImporter) -> (artifact id: '61223a0381680175070866882144181d') in 0.0987012 seconds
Number of updated asset objects reloaded before import = 0Number of asset objects unloaded after import = 9

========================================================================
Received Import Request.
  Time since last request: 0.000028 seconds.
  path: Assets/Projeto/Materials/Materials provisórios/Cabine.mat
  artifactKey: Guid(04e3a43685bfac84bb58692c3562bc6d) Importer(2089858483,b0f066a214c2f5e87bad3c948f4d605d)
Start importing Assets/Projeto/Materials/Materials provisórios/Cabine.mat using Guid(04e3a43685bfac84bb58692c3562bc6d) Importer(2089858483,b0f066a214c2f5e87bad3c948f4d605d) (ScriptedImporter) -> (artifact id: 'e84dda70b870b480c44901ca433d7466') in 0.0223931 seconds
Number of updated asset objects reloaded before import = 0Number of asset objects unloaded after import = 1

========================================================================
Received Import Request.
  Time since last request: 0.000017 seconds.
  path: Assets/Projeto/UI/Menu/botao-menu.uss
  artifactKey: Guid(c5d6cf822fdb42946b7d8416b06944bd) Importer(2089858483,b0f066a214c2f5e87bad3c948f4d605d)
Start importing Assets/Projeto/UI/Menu/botao-menu.uss using Guid(c5d6cf822fdb42946b7d8416b06944bd) Importer(2089858483,b0f066a214c2f5e87bad3c948f4d605d) (ScriptedImporter) -> (artifact id: '6f4db18a03c2fa2aec8d69e0c05d3ae6') in 0.0250058 seconds
Number of updated asset objects reloaded before import = 0Number of asset objects unloaded after import = 5

========================================================================
Received Import Request.
  Time since last request: 0.000020 seconds.
  path: Assets/Projeto/Assets/Torres/placeholders/43dsa.png
  artifactKey: Guid(dc56a7d75e4730f4eac7f08663b32127) Importer(2089858483,b0f066a214c2f5e87bad3c948f4d605d)
Start importing Assets/Projeto/Assets/Torres/placeholders/43dsa.png using Guid(dc56a7d75e4730f4eac7f08663b32127) Importer(2089858483,b0f066a214c2f5e87bad3c948f4d605d) (ScriptedImporter) -> (artifact id: '834a1df3e98dce22a57dfa90ed2418f4') in 0.021207 seconds
Number of updated asset objects reloaded before import = 0Number of asset objects unloaded after import = 3

========================================================================
Received Import Request.
  Time since last request: 0.000049 seconds.
  path: Assets/Projeto/Assets/Guilherme/personagens/Fortoes/Material 1.mat
  artifactKey: Guid(5f7e19051a6824e188600c875fb34364) Importer(2089858483,b0f066a214c2f5e87bad3c948f4d605d)
Start importing Assets/Projeto/Assets/Guilherme/personagens/Fortoes/Material 1.mat using Guid(5f7e19051a6824e188600c875fb34364) Importer(2089858483,b0f066a214c2f5e87bad3c948f4d605d) (ScriptedImporter) -> (artifact id: 'e6491ecdf083752a1898259707b82eb9') in 0.0558267 seconds
Number of updated asset objects reloaded before import = 0Number of asset objects unloaded after import = 2

========================================================================
Received Import Request.
  Time since last request: 0.000021 seconds.
  path: Assets/Projeto/UI/Menu/Scripts/UIManager.cs
  artifactKey: Guid(f84826a1cf3cbb34e998c78ece273f58) Importer(2089858483,b0f066a214c2f5e87bad3c948f4d605d)
Start importing Assets/Projeto/UI/Menu/Scripts/UIManager.cs using Guid(f84826a1cf3cbb34e998c78ece273f58) Importer(2089858483,b0f066a214c2f5e87bad3c948f4d605d) (ScriptedImporter) -> (artifact id: '755a383427af51eb46b59f6cb13fdfb4') in 0.0141307 seconds
Number of updated asset objects reloaded before import = 0Number of asset objects unloaded after import = 0

========================================================================
Received Import Request.
  Time since last request: 0.000028 seconds.
  path: Assets/Projeto/UI/Game_HUD
  artifactKey: Guid(6515298227780724b9d6cc3b8257e0f1) Importer(2089858483,b0f066a214c2f5e87bad3c948f4d605d)
Start importing Assets/Projeto/UI/Game_HUD using Guid(6515298227780724b9d6cc3b8257e0f1) Importer(2089858483,b0f066a214c2f5e87bad3c948f4d605d) (ScriptedImporter) -> (artifact id: '07db39cd702f30a1aa44b0b72b1254f2') in 0.0106306 seconds
Number of updated asset objects reloaded before import = 0Number of asset objects unloaded after import = 1

========================================================================
Received Import Request.
  Time since last request: 0.000018 seconds.
  path: Assets/Projeto/Prefabs/Camera/Third_Person.prefab
  artifactKey: Guid(73e17f487ef95854a875c6edf9400500) Importer(2089858483,b0f066a214c2f5e87bad3c948f4d605d)
Start importing Assets/Projeto/Prefabs/Camera/Third_Person.prefab using Guid(73e17f487ef95854a875c6edf9400500) Importer(2089858483,b0f066a214c2f5e87bad3c948f4d605d) (ScriptedImporter) -> (artifact id: '926e170fea0f3098fa696f825eeb51ef') in 0.033372 seconds
Number of updated asset objects reloaded before import = 0Number of asset objects unloaded after import = 7

========================================================================
Received Import Request.
  Time since last request: 0.000020 seconds.
  path: Assets/Projeto/Assets/Guilherme/Musicas
  artifactKey: Guid(ce3499dbcc858bd4a93956e008762ae3) Importer(2089858483,b0f066a214c2f5e87bad3c948f4d605d)
Start importing Assets/Projeto/Assets/Guilherme/Musicas using Guid(ce3499dbcc858bd4a93956e008762ae3) Importer(2089858483,b0f066a214c2f5e87bad3c948f4d605d) (ScriptedImporter) -> (artifact id: '1670d92cb4b0a32b208864ac32b0b4b1') in 0.0178227 seconds
Number of updated asset objects reloaded before import = 0Number of asset objects unloaded after import = 1

========================================================================
Received Import Request.
  Time since last request: 0.000026 seconds.
  path: Assets/Projeto/Assets/Torres/placeholders/placeholder.jpg
  artifactKey: Guid(da8f093fc0e9eb94da7c0223446f8c82) Importer(2089858483,b0f066a214c2f5e87bad3c948f4d605d)
Start importing Assets/Projeto/Assets/Torres/placeholders/placeholder.jpg using Guid(da8f093fc0e9eb94da7c0223446f8c82) Importer(2089858483,b0f066a214c2f5e87bad3c948f4d605d) (ScriptedImporter) -> (artifact id: '801eb50b5a16f661222e69fa5a6ef688') in 0.0315725 seconds
Number of updated asset objects reloaded before import = 0Number of asset objects unloaded after import = 3

========================================================================
Received Import Request.
  Time since last request: 0.000024 seconds.
  path: Assets/Projeto/Assets/Guilherme/personagens/Baiana/mulher do mal_Base_color.png
  artifactKey: Guid(e41c6215ab6824896b4f732b34f7058c) Importer(2089858483,b0f066a214c2f5e87bad3c948f4d605d)
Start importing Assets/Projeto/Assets/Guilherme/personagens/Baiana/mulher do mal_Base_color.png using Guid(e41c6215ab6824896b4f732b34f7058c) Importer(2089858483,b0f066a214c2f5e87bad3c948f4d605d) (ScriptedImporter) -> (artifact id: '613c41928fe3ebdeca6e3b7408589423') in 0.028805 seconds
Number of updated asset objects reloaded before import = 0Number of asset objects unloaded after import = 1

========================================================================
Received Import Request.
  Time since last request: 0.000029 seconds.
  path: Assets/Projeto/Prefabs/Camera/Canvas.prefab
  artifactKey: Guid(3ea7c2b8edc1af244b6d899b4426fe59) Importer(2089858483,b0f066a214c2f5e87bad3c948f4d605d)
Start importing Assets/Projeto/Prefabs/Camera/Canvas.prefab using Guid(3ea7c2b8edc1af244b6d899b4426fe59) Importer(2089858483,b0f066a214c2f5e87bad3c948f4d605d) (ScriptedImporter) -> (artifact id: '4498a8c5416fa95782b51e62d2314fa0') in 0.0357903 seconds
Number of updated asset objects reloaded before import = 0Number of asset objects unloaded after import = 12

========================================================================
Received Import Request.
  Time since last request: 0.000016 seconds.
  path: Assets/Projeto/Assets/Guilherme/personagens/lawrence/Material 1.mat
  artifactKey: Guid(82621b1cad5b64b2688bb5d148b50b8b) Importer(2089858483,b0f066a214c2f5e87bad3c948f4d605d)
Start importing Assets/Projeto/Assets/Guilherme/personagens/lawrence/Material 1.mat using Guid(82621b1cad5b64b2688bb5d148b50b8b) Importer(2089858483,b0f066a214c2f5e87bad3c948f4d605d) (ScriptedImporter) -> (artifact id: 'a89615b42edfdf016c90db066b07f1ff') in 0.0203791 seconds
Number of updated asset objects reloaded before import = 0Number of asset objects unloaded after import = 3

========================================================================
Received Import Request.
  Time since last request: 0.000020 seconds.
  path: Assets/Projeto/Assets/Guilherme/personagens/Baiana/mulher do mal_Specular_roughness.png
  artifactKey: Guid(4a9e5ad02ad124eba86d95376e1bf65b) Importer(2089858483,b0f066a214c2f5e87bad3c948f4d605d)
Start importing Assets/Projeto/Assets/Guilherme/personagens/Baiana/mulher do mal_Specular_roughness.png using Guid(4a9e5ad02ad124eba86d95376e1bf65b) Importer(2089858483,b0f066a214c2f5e87bad3c948f4d605d) (ScriptedImporter) -> (artifact id: 'cc393ac81f82cad18f729171a115f8c3') in 0.0231194 seconds
Number of updated asset objects reloaded before import = 0Number of asset objects unloaded after import = 1

========================================================================
Received Import Request.
  Time since last request: 0.000028 seconds.
  path: Assets/TextMesh Pro/Resources/Fonts & Materials/LiberationSans SDF.asset
  artifactKey: Guid(8f586378b4e144a9851e7b34d9b748ee) Importer(2089858483,b0f066a214c2f5e87bad3c948f4d605d)
Start importing Assets/TextMesh Pro/Resources/Fonts & Materials/LiberationSans SDF.asset using Guid(8f586378b4e144a9851e7b34d9b748ee) Importer(2089858483,b0f066a214c2f5e87bad3c948f4d605d) (ScriptedImporter) -> (artifact id: '25459a485329325a0a37ebdbf0a6bb1c') in 0.0660245 seconds
Number of updated asset objects reloaded before import = 0Number of asset objects unloaded after import = 8

========================================================================
Received Import Request.
  Time since last request: 0.000020 seconds.
  path: Assets/Projeto/Materials/Materials provisórios
  artifactKey: Guid(67eed6351679b784ca3128455f28e593) Importer(2089858483,b0f066a214c2f5e87bad3c948f4d605d)
Start importing Assets/Projeto/Materials/Materials provisórios using Guid(67eed6351679b784ca3128455f28e593) Importer(2089858483,b0f066a214c2f5e87bad3c948f4d605d) (ScriptedImporter) -> (artifact id: '821a6b48c251c6a187a61d1a8d5f5047') in 0.0179743 seconds
Number of updated asset objects reloaded before import = 0Number of asset objects unloaded after import = 1

========================================================================
Received Import Request.
  Time since last request: 0.000028 seconds.
  path: Assets/Projeto/Materials/Materials provisórios/Cama.mat
  artifactKey: Guid(fca638b11e909e849a6a4b8d75f757dc) Importer(2089858483,b0f066a214c2f5e87bad3c948f4d605d)
Start importing Assets/Projeto/Materials/Materials provisórios/Cama.mat using Guid(fca638b11e909e849a6a4b8d75f757dc) Importer(2089858483,b0f066a214c2f5e87bad3c948f4d605d) (ScriptedImporter) -> (artifact id: 'd58823e837d78a6f1d0df962c1e1c3ff') in 0.0176277 seconds
Number of updated asset objects reloaded before import = 0Number of asset objects unloaded after import = 1

========================================================================
Received Import Request.
  Time since last request: 0.000018 seconds.
  path: Assets/Projeto/Materials/Materials provisórios/chao/texture_chao_Normal.png
  artifactKey: Guid(e45e97274ad3542b3a1c636aa0856c78) Importer(2089858483,b0f066a214c2f5e87bad3c948f4d605d)
Start importing Assets/Projeto/Materials/Materials provisórios/chao/texture_chao_Normal.png using Guid(e45e97274ad3542b3a1c636aa0856c78) Importer(2089858483,b0f066a214c2f5e87bad3c948f4d605d) (ScriptedImporter) -> (artifact id: 'd56870beb967e199eccf71ad39c6a1f0') in 0.0262823 seconds
Number of updated asset objects reloaded before import = 0Number of asset objects unloaded after import = 1

========================================================================
Received Import Request.
  Time since last request: 0.000022 seconds.
  path: Assets/Projeto/Assets/Torres/fONTS/Astronomus.ttf
  artifactKey: Guid(6c1a3911a58117e44a75d8d9394f6d2d) Importer(2089858483,b0f066a214c2f5e87bad3c948f4d605d)
Start importing Assets/Projeto/Assets/Torres/fONTS/Astronomus.ttf using Guid(6c1a3911a58117e44a75d8d9394f6d2d) Importer(2089858483,b0f066a214c2f5e87bad3c948f4d605d) (ScriptedImporter) -> (artifact id: '853ba7fb830ea7e1863eae4acafa5719') in 0.0298985 seconds
Number of updated asset objects reloaded before import = 0Number of asset objects unloaded after import = 3

========================================================================
Received Import Request.
  Time since last request: 0.000029 seconds.
  path: Assets/Projeto/Assets/Guilherme/personagens/lawrence/lawrence do mal_Base_metalness.png
  artifactKey: Guid(37081a0735da74a899501173c54d1df8) Importer(2089858483,b0f066a214c2f5e87bad3c948f4d605d)
Start importing Assets/Projeto/Assets/Guilherme/personagens/lawrence/lawrence do mal_Base_metalness.png using Guid(37081a0735da74a899501173c54d1df8) Importer(2089858483,b0f066a214c2f5e87bad3c948f4d605d) (ScriptedImporter) -> (artifact id: '570ee907379f73db4b30318d1afb9d34') in 0.0319236 seconds
Number of updated asset objects reloaded before import = 0Number of asset objects unloaded after import = 1

========================================================================
Received Import Request.
  Time since last request: 0.000016 seconds.
  path: Assets/Projeto/Assets/Torres
  artifactKey: Guid(b21e854a9daa9c04dbe5bfd9871c01d9) Importer(2089858483,b0f066a214c2f5e87bad3c948f4d605d)
Start importing Assets/Projeto/Assets/Torres using Guid(b21e854a9daa9c04dbe5bfd9871c01d9) Importer(2089858483,b0f066a214c2f5e87bad3c948f4d605d) (ScriptedImporter) -> (artifact id: '819ce37c2c6fc9295e319b74aa76d50b') in 0.0195407 seconds
Number of updated asset objects reloaded before import = 0Number of asset objects unloaded after import = 1

========================================================================
Received Import Request.
  Time since last request: 0.000021 seconds.
  path: Assets/Projeto/Materials/Materials provisórios/Caixa.mat
  artifactKey: Guid(3d913643b1c5b4240b6dca75fef91389) Importer(2089858483,b0f066a214c2f5e87bad3c948f4d605d)
Start importing Assets/Projeto/Materials/Materials provisórios/Caixa.mat using Guid(3d913643b1c5b4240b6dca75fef91389) Importer(2089858483,b0f066a214c2f5e87bad3c948f4d605d) (ScriptedImporter) -> (artifact id: 'c6a19f9ae98a9e5ec10f3341c7ceeaed') in 0.0165407 seconds
Number of updated asset objects reloaded before import = 0Number of asset objects unloaded after import = 1

========================================================================
Received Import Request.
  Time since last request: 0.000027 seconds.
  path: Assets/Projeto/Assets/Torres/Sons/sound-8.mp3
  artifactKey: Guid(ef65214c30d82334784cc33fe3232867) Importer(2089858483,b0f066a214c2f5e87bad3c948f4d605d)
Start importing Assets/Projeto/Assets/Torres/Sons/sound-8.mp3 using Guid(ef65214c30d82334784cc33fe3232867) Importer(2089858483,b0f066a214c2f5e87bad3c948f4d605d) (ScriptedImporter) -> (artifact id: 'edb5c68f647472ecc44cb615484feac9') in 0.0531028 seconds
Number of updated asset objects reloaded before import = 0Number of asset objects unloaded after import = 1

========================================================================
Received Import Request.
  Time since last request: 0.000020 seconds.
  path: Assets/Projeto/Scripts/Audio/PersistentSingleton.cs
  artifactKey: Guid(475a41710a8e2ee45ba063d3a19bfe55) Importer(2089858483,b0f066a214c2f5e87bad3c948f4d605d)
Start importing Assets/Projeto/Scripts/Audio/PersistentSingleton.cs using Guid(475a41710a8e2ee45ba063d3a19bfe55) Importer(2089858483,b0f066a214c2f5e87bad3c948f4d605d) (ScriptedImporter) -> (artifact id: '0306a285c39bc637888109d8a3b74ce6') in 0.0255945 seconds
Number of updated asset objects reloaded before import = 0Number of asset objects unloaded after import = 0

========================================================================
Received Import Request.
  Time since last request: 0.000029 seconds.
  path: Assets/Projeto/UI/Menu/Load.uxml
  artifactKey: Guid(c755d7507264b96498862c15e802b856) Importer(2089858483,b0f066a214c2f5e87bad3c948f4d605d)
Start importing Assets/Projeto/UI/Menu/Load.uxml using Guid(c755d7507264b96498862c15e802b856) Importer(2089858483,b0f066a214c2f5e87bad3c948f4d605d) (ScriptedImporter) -> (artifact id: 'd12ccd9560450f5bf7d65d3a2c94e2a4') in 0.0250825 seconds
Number of updated asset objects reloaded before import = 0Number of asset objects unloaded after import = 3

========================================================================
Received Import Request.
  Time since last request: 0.000018 seconds.
  path: Assets/botaoFechar.uss
  artifactKey: Guid(87de04bd1350c7c40be18c1495207a42) Importer(2089858483,b0f066a214c2f5e87bad3c948f4d605d)
Start importing Assets/botaoFechar.uss using Guid(87de04bd1350c7c40be18c1495207a42) Importer(2089858483,b0f066a214c2f5e87bad3c948f4d605d) (ScriptedImporter) -> (artifact id: '4942cb6afc626e34e82d627c91ff1b94') in 0.0187198 seconds
Number of updated asset objects reloaded before import = 0Number of asset objects unloaded after import = 1

========================================================================
Received Import Request.
  Time since last request: 0.000022 seconds.
  path: Assets/Projeto/Assets/Guilherme/personagens/lawrence/lawrence_Normal_OpenGL.png
  artifactKey: Guid(5e0c6dd5481c340f28bfe1e8792c6e30) Importer(2089858483,b0f066a214c2f5e87bad3c948f4d605d)
Start importing Assets/Projeto/Assets/Guilherme/personagens/lawrence/lawrence_Normal_OpenGL.png using Guid(5e0c6dd5481c340f28bfe1e8792c6e30) Importer(2089858483,b0f066a214c2f5e87bad3c948f4d605d) (ScriptedImporter) -> (artifact id: 'a9ae4b72173f6c2b111e697ffc7e5261') in 0.0234201 seconds
Number of updated asset objects reloaded before import = 0Number of asset objects unloaded after import = 1

========================================================================
Received Import Request.
  Time since last request: 0.000028 seconds.
  path: Assets/XR/XRGeneralSettingsPerBuildTarget.asset
  artifactKey: Guid(66c6a55877a7890458b4dbea605a7685) Importer(2089858483,b0f066a214c2f5e87bad3c948f4d605d)
Start importing Assets/XR/XRGeneralSettingsPerBuildTarget.asset using Guid(66c6a55877a7890458b4dbea605a7685) Importer(2089858483,b0f066a214c2f5e87bad3c948f4d605d) (ScriptedImporter) -> (artifact id: '991a75fbe99bb36d381ebb1524101636') in 0.0334736 seconds
Number of updated asset objects reloaded before import = 0Number of asset objects unloaded after import = 7

========================================================================
Received Import Request.
  Time since last request: 0.000018 seconds.
  path: Assets/Projeto/Materials/Materials provisórios/bALCÃO.mat
  artifactKey: Guid(dcebefd3582df4b4cae77c3fe3993e7e) Importer(2089858483,b0f066a214c2f5e87bad3c948f4d605d)
Start importing Assets/Projeto/Materials/Materials provisórios/bALCÃO.mat using Guid(dcebefd3582df4b4cae77c3fe3993e7e) Importer(2089858483,b0f066a214c2f5e87bad3c948f4d605d) (ScriptedImporter) -> (artifact id: 'a6c399b3ee9f422a5e2cc00981751957') in 0.016105 seconds
Number of updated asset objects reloaded before import = 0Number of asset objects unloaded after import = 1

========================================================================
Received Import Request.
  Time since last request: 0.000018 seconds.
  path: Assets/Projeto/Assets/Guilherme/Barra de carregar
  artifactKey: Guid(97698746a4f144ebd8b4f387ecf94baa) Importer(2089858483,b0f066a214c2f5e87bad3c948f4d605d)
Start importing Assets/Projeto/Assets/Guilherme/Barra de carregar using Guid(97698746a4f144ebd8b4f387ecf94baa) Importer(2089858483,b0f066a214c2f5e87bad3c948f4d605d) (ScriptedImporter) -> (artifact id: '6bc6f4c0f9a9d5896298edafcb1b359f') in 0.01749 seconds
Number of updated asset objects reloaded before import = 0Number of asset objects unloaded after import = 1

========================================================================
Received Import Request.
  Time since last request: 0.000029 seconds.
  path: Assets/Projeto/Materials/Materials provisórios/chao
  artifactKey: Guid(2bfb36f1b10c746d28d6980d6eee474e) Importer(2089858483,b0f066a214c2f5e87bad3c948f4d605d)
Start importing Assets/Projeto/Materials/Materials provisórios/chao using Guid(2bfb36f1b10c746d28d6980d6eee474e) Importer(2089858483,b0f066a214c2f5e87bad3c948f4d605d) (ScriptedImporter) -> (artifact id: '88b8fe7960b3cfbbcd8a2ca91c4f5fb1') in 0.0155708 seconds
Number of updated asset objects reloaded before import = 0Number of asset objects unloaded after import = 1

========================================================================
Received Import Request.
  Time since last request: 0.000017 seconds.
  path: Assets/Projeto/Assets/Guilherme/personagens/Baiana/pret_Base_color.png
  artifactKey: Guid(a3ee56a4b85f04970b2fa3eda6cf06fd) Importer(2089858483,b0f066a214c2f5e87bad3c948f4d605d)
Start importing Assets/Projeto/Assets/Guilherme/personagens/Baiana/pret_Base_color.png using Guid(a3ee56a4b85f04970b2fa3eda6cf06fd) Importer(2089858483,b0f066a214c2f5e87bad3c948f4d605d) (ScriptedImporter) -> (artifact id: 'fd734ab566466ea4de45795f1bfb8b75') in 0.02506 seconds
Number of updated asset objects reloaded before import = 0Number of asset objects unloaded after import = 1

========================================================================
Received Import Request.
  Time since last request: 0.000021 seconds.
  path: Assets/_header.uss
  artifactKey: Guid(6f69c0d9951b1ee49938a70839bd12ac) Importer(2089858483,b0f066a214c2f5e87bad3c948f4d605d)
Start importing Assets/_header.uss using Guid(6f69c0d9951b1ee49938a70839bd12ac) Importer(2089858483,b0f066a214c2f5e87bad3c948f4d605d) (ScriptedImporter) -> (artifact id: 'f4bd28d098a0d8f721d6cbe0d2a8bc93') in 0.0175354 seconds
Number of updated asset objects reloaded before import = 0Number of asset objects unloaded after import = 1

========================================================================
Received Import Request.
  Time since last request: 0.000029 seconds.
  path: Assets/Projeto/Scena/Primeiro Mapa
  artifactKey: Guid(0f20b8b7854717d47b7c9fae8a1be48e) Importer(2089858483,b0f066a214c2f5e87bad3c948f4d605d)
Start importing Assets/Projeto/Scena/Primeiro Mapa using Guid(0f20b8b7854717d47b7c9fae8a1be48e) Importer(2089858483,b0f066a214c2f5e87bad3c948f4d605d) (ScriptedImporter) -> (artifact id: '961fc5370dfc534c3a9d60a829030144') in 0.0249522 seconds
Number of updated asset objects reloaded before import = 0Number of asset objects unloaded after import = 1

========================================================================
Received Import Request.
  Time since last request: 0.000018 seconds.
  path: Assets/Projeto/Assets/Torres/fONTS/Super Squad.otf
  artifactKey: Guid(bd709fb5bfac1b64181422d14bd30f49) Importer(2089858483,b0f066a214c2f5e87bad3c948f4d605d)
Start importing Assets/Projeto/Assets/Torres/fONTS/Super Squad.otf using Guid(bd709fb5bfac1b64181422d14bd30f49) Importer(2089858483,b0f066a214c2f5e87bad3c948f4d605d) (ScriptedImporter) -> (artifact id: '06eecc19abf6b3579a13e8db738be469') in 0.0237546 seconds
Number of updated asset objects reloaded before import = 0Number of asset objects unloaded after import = 3

========================================================================
Received Import Request.
  Time since last request: 0.000023 seconds.
  path: Assets/Projeto/Assets/Henrique/Personagens/Texturas/DefaultMaterial_BaseColor.png
  artifactKey: Guid(d52d0ff07f3b30548a5f6800e804bbf0) Importer(2089858483,b0f066a214c2f5e87bad3c948f4d605d)
Start importing Assets/Projeto/Assets/Henrique/Personagens/Texturas/DefaultMaterial_BaseColor.png using Guid(d52d0ff07f3b30548a5f6800e804bbf0) Importer(2089858483,b0f066a214c2f5e87bad3c948f4d605d) (ScriptedImporter) -> (artifact id: '85c4772a8ee1d49a0362dc12901306c6') in 0.0388693 seconds
Number of updated asset objects reloaded before import = 0Number of asset objects unloaded after import = 1

========================================================================
Received Import Request.
  Time since last request: 0.000031 seconds.
  path: Assets/Projeto/Assets/Guilherme/personagens/Baiana/Materials
  artifactKey: Guid(f8525b84493ea524989fb5cb2f109277) Importer(2089858483,b0f066a214c2f5e87bad3c948f4d605d)
Start importing Assets/Projeto/Assets/Guilherme/personagens/Baiana/Materials using Guid(f8525b84493ea524989fb5cb2f109277) Importer(2089858483,b0f066a214c2f5e87bad3c948f4d605d) (ScriptedImporter) -> (artifact id: '19ccc4e3f39064883a7434d62dc19395') in 0.0160637 seconds
Number of updated asset objects reloaded before import = 0Number of asset objects unloaded after import = 1

========================================================================
Received Import Request.
  Time since last request: 0.000020 seconds.
  path: Assets/Projeto/Assets/Guilherme/Barra de carregar/0001-0026.mp4
  artifactKey: Guid(c2f2314785918439cb215c1675a92d26) Importer(2089858483,b0f066a214c2f5e87bad3c948f4d605d)
Start importing Assets/Projeto/Assets/Guilherme/Barra de carregar/0001-0026.mp4 using Guid(c2f2314785918439cb215c1675a92d26) Importer(2089858483,b0f066a214c2f5e87bad3c948f4d605d) (ScriptedImporter) -> (artifact id: '27d19b875a016005e37a0f69b6ca4210') in 0.0320878 seconds
Number of updated asset objects reloaded before import = 0Number of asset objects unloaded after import = 1

========================================================================
Received Import Request.
  Time since last request: 0.000021 seconds.
  path: Assets/Projeto/Assets/Guilherme/personagens/lawrence/lawrence do mal_Normal.png
  artifactKey: Guid(ce99cbc3028ab42cdb07357e0f463513) Importer(2089858483,b0f066a214c2f5e87bad3c948f4d605d)
Start importing Assets/Projeto/Assets/Guilherme/personagens/lawrence/lawrence do mal_Normal.png using Guid(ce99cbc3028ab42cdb07357e0f463513) Importer(2089858483,b0f066a214c2f5e87bad3c948f4d605d) (ScriptedImporter) -> (artifact id: '4f7e255ac118421bfa90b1ccc50a8c9d') in 0.0410403 seconds
Number of updated asset objects reloaded before import = 0Number of asset objects unloaded after import = 1

========================================================================
Received Import Request.
  Time since last request: 0.000034 seconds.
  path: Assets/Projeto/Assets/Torres/placeholders/fundo.png
  artifactKey: Guid(141a9c28e48c80e4c902923638604e16) Importer(2089858483,b0f066a214c2f5e87bad3c948f4d605d)
Start importing Assets/Projeto/Assets/Torres/placeholders/fundo.png using Guid(141a9c28e48c80e4c902923638604e16) Importer(2089858483,b0f066a214c2f5e87bad3c948f4d605d) (ScriptedImporter) -> (artifact id: 'b2874c8cd346f64983d7b84cd5ce381b') in 0.0279422 seconds
Number of updated asset objects reloaded before import = 0Number of asset objects unloaded after import = 3

========================================================================
Received Import Request.
  Time since last request: 0.000019 seconds.
  path: Assets/Projeto/Scripts/Audio/GameObjectExtensions.cs
  artifactKey: Guid(80ebbc57421bb404a9485de4c18d090a) Importer(2089858483,b0f066a214c2f5e87bad3c948f4d605d)
Start importing Assets/Projeto/Scripts/Audio/GameObjectExtensions.cs using Guid(80ebbc57421bb404a9485de4c18d090a) Importer(2089858483,b0f066a214c2f5e87bad3c948f4d605d) (ScriptedImporter) -> (artifact id: '2031c4969385754c75a254b2f2cbc570') in 0.0191891 seconds
Number of updated asset objects reloaded before import = 0Number of asset objects unloaded after import = 0

========================================================================
Received Import Request.
  Time since last request: 0.000021 seconds.
  path: Assets/Projeto/UI/Menu
  artifactKey: Guid(9203ceebcf1c6534b997f119c0075e68) Importer(2089858483,b0f066a214c2f5e87bad3c948f4d605d)
Start importing Assets/Projeto/UI/Menu using Guid(9203ceebcf1c6534b997f119c0075e68) Importer(2089858483,b0f066a214c2f5e87bad3c948f4d605d) (ScriptedImporter) -> (artifact id: '0bf73c505c96599c79fd70d9102ee76e') in 0.0243978 seconds
Number of updated asset objects reloaded before import = 0Number of asset objects unloaded after import = 1

========================================================================
Received Import Request.
  Time since last request: 0.000028 seconds.
  path: Assets/Projeto/Prefabs/Camera/Camera pixelada.prefab
  artifactKey: Guid(13e3e15415ef27c41b06f8a6eaf29132) Importer(2089858483,b0f066a214c2f5e87bad3c948f4d605d)
Start importing Assets/Projeto/Prefabs/Camera/Camera pixelada.prefab using Guid(13e3e15415ef27c41b06f8a6eaf29132) Importer(2089858483,b0f066a214c2f5e87bad3c948f4d605d) (ScriptedImporter) -> (artifact id: '907adda13b49ab3bef9eb97ff1c4addf') in 0.0338113 seconds
Number of updated asset objects reloaded before import = 0Number of asset objects unloaded after import = 6

========================================================================
Received Import Request.
  Time since last request: 0.000021 seconds.
  path: Assets/Projeto/Assets/Torres/fONTS/TT Octosquares Trial Regular.ttf
  artifactKey: Guid(423adaa323f67814e991ab9b49550be4) Importer(2089858483,b0f066a214c2f5e87bad3c948f4d605d)
Start importing Assets/Projeto/Assets/Torres/fONTS/TT Octosquares Trial Regular.ttf using Guid(423adaa323f67814e991ab9b49550be4) Importer(2089858483,b0f066a214c2f5e87bad3c948f4d605d) (ScriptedImporter) -> (artifact id: '21c735cba8150dc90c2c4b844a3aa638') in 0.0247808 seconds
Number of updated asset objects reloaded before import = 0Number of asset objects unloaded after import = 3

========================================================================
Received Import Request.
  Time since last request: 0.000028 seconds.
  path: Assets/Projeto/Materials/Materials provisórios/parede ney/texture_parede_BaseMap.png
  artifactKey: Guid(e9a79a79301824fbf8f2bd0a9267496f) Importer(2089858483,b0f066a214c2f5e87bad3c948f4d605d)
Start importing Assets/Projeto/Materials/Materials provisórios/parede ney/texture_parede_BaseMap.png using Guid(e9a79a79301824fbf8f2bd0a9267496f) Importer(2089858483,b0f066a214c2f5e87bad3c948f4d605d) (ScriptedImporter) -> (artifact id: '30423eeca313d49e5138c4ec0c214291') in 0.0264456 seconds
Number of updated asset objects reloaded before import = 0Number of asset objects unloaded after import = 1

========================================================================
Received Import Request.
  Time since last request: 0.000023 seconds.
  path: Assets/Projeto/Prefabs/MacabeaDoMal.prefab
  artifactKey: Guid(f3dd227d9a6fe224bbaef8c03d5f4c42) Importer(2089858483,b0f066a214c2f5e87bad3c948f4d605d)
Start importing Assets/Projeto/Prefabs/MacabeaDoMal.prefab using Guid(f3dd227d9a6fe224bbaef8c03d5f4c42) Importer(2089858483,b0f066a214c2f5e87bad3c948f4d605d) (ScriptedImporter) -> (artifact id: 'ad567fc5b6f6bcb5697ece38ee888135') in 0.0807896 seconds
Number of updated asset objects reloaded before import = 0Number of asset objects unloaded after import = 242

========================================================================
Received Import Request.
  Time since last request: 0.000028 seconds.
  path: Assets/Projeto/Scripts/Audio/SoundEmitter.cs
  artifactKey: Guid(d56af5688e632d9409d484eb472d7eeb) Importer(2089858483,b0f066a214c2f5e87bad3c948f4d605d)
Start importing Assets/Projeto/Scripts/Audio/SoundEmitter.cs using Guid(d56af5688e632d9409d484eb472d7eeb) Importer(2089858483,b0f066a214c2f5e87bad3c948f4d605d) (ScriptedImporter) -> (artifact id: '6414517b827f0c640562e7d0c204a947') in 0.0179594 seconds
Number of updated asset objects reloaded before import = 0Number of asset objects unloaded after import = 0

========================================================================
Received Import Request.
  Time since last request: 0.000021 seconds.
  path: Assets/Projeto/Assets/Guilherme/personagens/lawrence/Material.mat
  artifactKey: Guid(aad338d90c5d74a0d8457609a94f20dc) Importer(2089858483,b0f066a214c2f5e87bad3c948f4d605d)
Start importing Assets/Projeto/Assets/Guilherme/personagens/lawrence/Material.mat using Guid(aad338d90c5d74a0d8457609a94f20dc) Importer(2089858483,b0f066a214c2f5e87bad3c948f4d605d) (ScriptedImporter) -> (artifact id: '4387e5b271257dc55e9aa97b68c515b8') in 0.0265123 seconds
Number of updated asset objects reloaded before import = 0Number of asset objects unloaded after import = 3

========================================================================
Received Import Request.
  Time since last request: 0.000034 seconds.
  path: Assets/Projeto/Scripts/Audio/MusicManager.cs
  artifactKey: Guid(47ab3bfcebde3c644bdd3bb3612d4e23) Importer(2089858483,b0f066a214c2f5e87bad3c948f4d605d)
Start importing Assets/Projeto/Scripts/Audio/MusicManager.cs using Guid(47ab3bfcebde3c644bdd3bb3612d4e23) Importer(2089858483,b0f066a214c2f5e87bad3c948f4d605d) (ScriptedImporter) -> (artifact id: 'f232c8d89832c470ab6a22cbbf511a68') in 0.0188954 seconds
Number of updated asset objects reloaded before import = 0Number of asset objects unloaded after import = 0

========================================================================
Received Import Request.
  Time since last request: 0.000018 seconds.
  path: Assets/Projeto/UI/Game_HUD/Game_HUD.uxml
  artifactKey: Guid(a58fd8b1c6b1cfc408f13415bae32d05) Importer(2089858483,b0f066a214c2f5e87bad3c948f4d605d)
Start importing Assets/Projeto/UI/Game_HUD/Game_HUD.uxml using Guid(a58fd8b1c6b1cfc408f13415bae32d05) Importer(2089858483,b0f066a214c2f5e87bad3c948f4d605d) (ScriptedImporter) -> (artifact id: 'e85d97ea6d8b47528322ef132a2b8928') in 0.0278041 seconds
Number of updated asset objects reloaded before import = 0Number of asset objects unloaded after import = 8

========================================================================
Received Import Request.
  Time since last request: 0.000024 seconds.
  path: Assets/Projeto/Materials/Materials provisórios/Armario.mat
  artifactKey: Guid(858cb2111d521104c9a3602ed23e6571) Importer(2089858483,b0f066a214c2f5e87bad3c948f4d605d)
Start importing Assets/Projeto/Materials/Materials provisórios/Armario.mat using Guid(858cb2111d521104c9a3602ed23e6571) Importer(2089858483,b0f066a214c2f5e87bad3c948f4d605d) (ScriptedImporter) -> (artifact id: 'a353bd01cfa79e47c4bd0f440fd71a5e') in 0.0253918 seconds
Number of updated asset objects reloaded before import = 0Number of asset objects unloaded after import = 1

========================================================================
Received Import Request.
  Time since last request: 0.000026 seconds.
  path: Assets/Projeto/Assets/Henrique/Personagens/Texturas/Material.mat
  artifactKey: Guid(27af777ac6647974eb2ba24dccaa625d) Importer(2089858483,b0f066a214c2f5e87bad3c948f4d605d)
Start importing Assets/Projeto/Assets/Henrique/Personagens/Texturas/Material.mat using Guid(27af777ac6647974eb2ba24dccaa625d) Importer(2089858483,b0f066a214c2f5e87bad3c948f4d605d) (ScriptedImporter) -> (artifact id: '71bb245f8abb52bb82b733e3effe1015') in 0.0244625 seconds
Number of updated asset objects reloaded before import = 0Number of asset objects unloaded after import = 3

========================================================================
Received Import Request.
  Time since last request: 0.000023 seconds.
  path: Assets/Projeto/Assets/Torres/placeholders/iuyiyuirtert.png
  artifactKey: Guid(eadd3aacf015c994781e24aa5e71631b) Importer(2089858483,b0f066a214c2f5e87bad3c948f4d605d)
Start importing Assets/Projeto/Assets/Torres/placeholders/iuyiyuirtert.png using Guid(eadd3aacf015c994781e24aa5e71631b) Importer(2089858483,b0f066a214c2f5e87bad3c948f4d605d) (ScriptedImporter) -> (artifact id: '4f86eaa0965aea432d6c4bbcfde94d0c') in 0.0252637 seconds
Number of updated asset objects reloaded before import = 0Number of asset objects unloaded after import = 3

========================================================================
Received Import Request.
  Time since last request: 0.000030 seconds.
  path: Assets/Projeto/Scena/BlocagemInicial.unity
  artifactKey: Guid(ce7e669f4c6c71f49a0fa6ed87b729e9) Importer(2089858483,b0f066a214c2f5e87bad3c948f4d605d)
Start importing Assets/Projeto/Scena/BlocagemInicial.unity using Guid(ce7e669f4c6c71f49a0fa6ed87b729e9) Importer(2089858483,b0f066a214c2f5e87bad3c948f4d605d) (ScriptedImporter) -> (artifact id: '8f0cd0d2761b44ad89ccb14712ee20ad') in 0.0177327 seconds
Number of updated asset objects reloaded before import = 0Number of asset objects unloaded after import = 1

========================================================================
Received Import Request.
  Time since last request: 0.000022 seconds.
  path: Assets/Projeto/Materials/Materials provisórios/chao/New Material.mat
  artifactKey: Guid(13d5625cce1680e49b4ac98d6ba779df) Importer(2089858483,b0f066a214c2f5e87bad3c948f4d605d)
Start importing Assets/Projeto/Materials/Materials provisórios/chao/New Material.mat using Guid(13d5625cce1680e49b4ac98d6ba779df) Importer(2089858483,b0f066a214c2f5e87bad3c948f4d605d) (ScriptedImporter) -> (artifact id: '971dfeeb73a8a758f64d7d34f71ea77a') in 0.0259959 seconds
Number of updated asset objects reloaded before import = 0Number of asset objects unloaded after import = 4

========================================================================
Received Import Request.
  Time since last request: 0.000032 seconds.
  path: Assets/Projeto/Scripts/Player/PlayerMovement.cs
  artifactKey: Guid(cee97b6eafd1e9a428bfeefb32902348) Importer(2089858483,b0f066a214c2f5e87bad3c948f4d605d)
Start importing Assets/Projeto/Scripts/Player/PlayerMovement.cs using Guid(cee97b6eafd1e9a428bfeefb32902348) Importer(2089858483,b0f066a214c2f5e87bad3c948f4d605d) (ScriptedImporter) -> (artifact id: '2adc8c70ebff753e2bf6a344dc5aada3') in 0.0124551 seconds
Number of updated asset objects reloaded before import = 0Number of asset objects unloaded after import = 0

========================================================================
Received Import Request.
  Time since last request: 0.000023 seconds.
  path: Assets/Projeto/Prefabs/Macabea.prefab
  artifactKey: Guid(6e7808476cbd4e944bb1136fc411f8e9) Importer(2089858483,b0f066a214c2f5e87bad3c948f4d605d)
Start importing Assets/Projeto/Prefabs/Macabea.prefab using Guid(6e7808476cbd4e944bb1136fc411f8e9) Importer(2089858483,b0f066a214c2f5e87bad3c948f4d605d) (ScriptedImporter) -> (artifact id: '450ee97d422fbc80d32d01ab2f15d1d2') in 0.0415913 seconds
Number of updated asset objects reloaded before import = 0Number of asset objects unloaded after import = 243

========================================================================
Received Import Request.
  Time since last request: 0.000022 seconds.
  path: Assets/Projeto/Prefabs/MacabeaDoMal.prefab
  artifactKey: Guid(f3dd227d9a6fe224bbaef8c03d5f4c42) Importer(815301076,1909f56bfc062723c751e8b465ee728b)
Start importing Assets/Projeto/Prefabs/MacabeaDoMal.prefab using Guid(f3dd227d9a6fe224bbaef8c03d5f4c42) Importer(815301076,1909f56bfc062723c751e8b465ee728b) (PreviewImporter)Asset '(MM)AnimatorCharacter': Transition 'Armature|interact -> Exit' in state 'Armature|interact' doesn't have an Exit Time or any condition, transition will be ignored
UnityEngine.Debug:ExtractStackTraceNoAlloc (byte*,int,string)
UnityEngine.StackTraceUtility:ExtractStackTrace ()
UnityEditor.EditorUtility:Internal_InstantiateRemoveAllNonAnimationComponentsSingle (UnityEngine.Object,UnityEngine.Vector3,UnityEngine.Quaternion)
UnityEditor.EditorUtility:InstantiateRemoveAllNonAnimationComponents (UnityEngine.Object,UnityEngine.Vector3,UnityEngine.Quaternion)
UnityEditor.EditorUtility:InstantiateForAnimatorPreview (UnityEngine.Object)
UnityEditor.GameObjectInspector/PreviewData:UpdateGameObject (UnityEngine.Object)
UnityEditor.GameObjectInspector/PreviewData:.ctor (UnityEngine.Object,bool)
UnityEditor.GameObjectInspector:GetPreviewData (bool)
UnityEditor.GameObjectInspector:RenderStaticPreview (string,UnityEngine.Object[],int,int)
UnityEditor.AssetPreviewUpdater:CreatePreview (UnityEngine.Object,UnityEngine.Object[],string,int,int)
UnityEditor.AssetPreviewUpdater:CreatePreviewForAsset (UnityEngine.Object,UnityEngine.Object[],string)

[C:\build\output\unity\unity\Editor\Src\Animation\StateMachine.cpp line 1861]

 -> (artifact id: '692accbb63cf233af6efb4add0f46709') in 2.2672353 seconds
Number of updated asset objects reloaded before import = 0Number of asset objects unloaded after import = 247

========================================================================
Received Import Request.
  Time since last request: 0.000045 seconds.
  path: Assets/Projeto/Prefabs/Macabea.prefab
  artifactKey: Guid(6e7808476cbd4e944bb1136fc411f8e9) Importer(815301076,1909f56bfc062723c751e8b465ee728b)
Start importing Assets/Projeto/Prefabs/Macabea.prefab using Guid(6e7808476cbd4e944bb1136fc411f8e9) Importer(815301076,1909f56bfc062723c751e8b465ee728b) (PreviewImporter)Asset '(MB)AnimatorCharacter': Transition 'Armature|interact -> Exit' in state 'Armature|interact' doesn't have an Exit Time or any condition, transition will be ignored
UnityEngine.Debug:ExtractStackTraceNoAlloc (byte*,int,string)
UnityEngine.StackTraceUtility:ExtractStackTrace ()
UnityEditor.EditorUtility:Internal_InstantiateRemoveAllNonAnimationComponentsSingle (UnityEngine.Object,UnityEngine.Vector3,UnityEngine.Quaternion)
UnityEditor.EditorUtility:InstantiateRemoveAllNonAnimationComponents (UnityEngine.Object,UnityEngine.Vector3,UnityEngine.Quaternion)
UnityEditor.EditorUtility:InstantiateForAnimatorPreview (UnityEngine.Object)
UnityEditor.GameObjectInspector/PreviewData:UpdateGameObject (UnityEngine.Object)
UnityEditor.GameObjectInspector/PreviewData:.ctor (UnityEngine.Object,bool)
UnityEditor.GameObjectInspector:GetPreviewData (bool)
UnityEditor.GameObjectInspector:RenderStaticPreview (string,UnityEngine.Object[],int,int)
UnityEditor.AssetPreviewUpdater:CreatePreview (UnityEngine.Object,UnityEngine.Object[],string,int,int)
UnityEditor.AssetPreviewUpdater:CreatePreviewForAsset (UnityEngine.Object,UnityEngine.Object[],string)

[C:\build\output\unity\unity\Editor\Src\Animation\StateMachine.cpp line 1861]

 -> (artifact id: 'e1456767c3af2d3e4b811db414a54296') in 0.0415095 seconds
Number of updated asset objects reloaded before import = 0Number of asset objects unloaded after import = 247

========================================================================
Received Import Request.
  Time since last request: 0.000035 seconds.
  path: Assets/Projeto/Prefabs/SoundEmitter.prefab
  artifactKey: Guid(b5c38b304a8e65e4299fba53a54fa8e1) Importer(815301076,1909f56bfc062723c751e8b465ee728b)
Start importing Assets/Projeto/Prefabs/SoundEmitter.prefab using Guid(b5c38b304a8e65e4299fba53a54fa8e1) Importer(815301076,1909f56bfc062723c751e8b465ee728b) (PreviewImporter) -> (artifact id: 'cafbf75390188441c42f4b85188d023e') in 0.0022602 seconds
Number of updated asset objects reloaded before import = 0Number of asset objects unloaded after import = 6

========================================================================
Received Import Request.
  Time since last request: 208.376138 seconds.
  path: Assets/Projeto/Assets/Torres/placeholders/dasda.png
  artifactKey: Guid(0211a0d598f09234ab82522137353a43) Importer(815301076,1909f56bfc062723c751e8b465ee728b)
Start importing Assets/Projeto/Assets/Torres/placeholders/dasda.png using Guid(0211a0d598f09234ab82522137353a43) Importer(815301076,1909f56bfc062723c751e8b465ee728b) (PreviewImporter) -> (artifact id: 'cf665aa8aae85a00d16c7134bafc3908') in 0.0680465 seconds
Number of updated asset objects reloaded before import = 0Number of asset objects unloaded after import = 3

========================================================================
Received Import Request.
  Time since last request: 0.000067 seconds.
  path: Assets/Projeto/Assets/Torres/placeholders/fundo.png
  artifactKey: Guid(141a9c28e48c80e4c902923638604e16) Importer(815301076,1909f56bfc062723c751e8b465ee728b)
Start importing Assets/Projeto/Assets/Torres/placeholders/fundo.png using Guid(141a9c28e48c80e4c902923638604e16) Importer(815301076,1909f56bfc062723c751e8b465ee728b) (PreviewImporter) -> (artifact id: '0dd6f5700788984398074592cf790537') in 0.0361388 seconds
Number of updated asset objects reloaded before import = 0Number of asset objects unloaded after import = 3

========================================================================
Received Import Request.
  Time since last request: 0.000046 seconds.
  path: Assets/Projeto/Assets/Torres/placeholders/sdasdad.png
  artifactKey: Guid(1507b5fa3e124b54fad8fa27f71c76a9) Importer(815301076,1909f56bfc062723c751e8b465ee728b)
Start importing Assets/Projeto/Assets/Torres/placeholders/sdasdad.png using Guid(1507b5fa3e124b54fad8fa27f71c76a9) Importer(815301076,1909f56bfc062723c751e8b465ee728b) (PreviewImporter) -> (artifact id: '3ecae65aed5acb7f9464062e0217b92f') in 0.0213783 seconds
Number of updated asset objects reloaded before import = 0Number of asset objects unloaded after import = 3

========================================================================
Received Import Request.
  Time since last request: 0.000038 seconds.
  path: Assets/Projeto/Assets/Torres/placeholders/fewfwdfsf.png
  artifactKey: Guid(782c705215bc3e54f82e4ae0acfa73e8) Importer(815301076,1909f56bfc062723c751e8b465ee728b)
Start importing Assets/Projeto/Assets/Torres/placeholders/fewfwdfsf.png using Guid(782c705215bc3e54f82e4ae0acfa73e8) Importer(815301076,1909f56bfc062723c751e8b465ee728b) (PreviewImporter) -> (artifact id: '4512883824d601619c5b9f56af429713') in 0.0293077 seconds
Number of updated asset objects reloaded before import = 0Number of asset objects unloaded after import = 3

========================================================================
Received Import Request.
  Time since last request: 0.000044 seconds.
  path: Assets/Projeto/Assets/Torres/placeholders/placeholder.jpg
  artifactKey: Guid(da8f093fc0e9eb94da7c0223446f8c82) Importer(815301076,1909f56bfc062723c751e8b465ee728b)
Start importing Assets/Projeto/Assets/Torres/placeholders/placeholder.jpg using Guid(da8f093fc0e9eb94da7c0223446f8c82) Importer(815301076,1909f56bfc062723c751e8b465ee728b) (PreviewImporter) -> (artifact id: 'dc7c1b822b898629e5171398a39d48ef') in 0.0368309 seconds
Number of updated asset objects reloaded before import = 0Number of asset objects unloaded after import = 3

========================================================================
Received Import Request.
  Time since last request: 0.000034 seconds.
  path: Assets/Projeto/Assets/Torres/placeholders/images.jpg
  artifactKey: Guid(35c9d8093ec2e604e98c0dcbb30e32ef) Importer(815301076,1909f56bfc062723c751e8b465ee728b)
Start importing Assets/Projeto/Assets/Torres/placeholders/images.jpg using Guid(35c9d8093ec2e604e98c0dcbb30e32ef) Importer(815301076,1909f56bfc062723c751e8b465ee728b) (PreviewImporter) -> (artifact id: '18253274a018efcaa3bd19d1548afc2f') in 0.0439227 seconds
Number of updated asset objects reloaded before import = 0Number of asset objects unloaded after import = 3

========================================================================
Received Import Request.
  Time since last request: 0.000062 seconds.
  path: Assets/Projeto/Assets/Torres/placeholders/olaceholder2.png
  artifactKey: Guid(807c5e6f68efd3447b8a8f9bdbccd4b4) Importer(815301076,1909f56bfc062723c751e8b465ee728b)
Start importing Assets/Projeto/Assets/Torres/placeholders/olaceholder2.png using Guid(807c5e6f68efd3447b8a8f9bdbccd4b4) Importer(815301076,1909f56bfc062723c751e8b465ee728b) (PreviewImporter) -> (artifact id: '6015e27dc9e40cfdb6ed0ee867dd6290') in 0.0447327 seconds
Number of updated asset objects reloaded before import = 0Number of asset objects unloaded after import = 3

========================================================================
Received Import Request.
  Time since last request: 6.382351 seconds.
  path: Assets/Projeto/Assets/Torres/Sons/sound-2.mp3
  artifactKey: Guid(de0ee992b7163f94796537a6683e5487) Importer(815301076,1909f56bfc062723c751e8b465ee728b)
Start importing Assets/Projeto/Assets/Torres/Sons/sound-2.mp3 using Guid(de0ee992b7163f94796537a6683e5487) Importer(815301076,1909f56bfc062723c751e8b465ee728b) (PreviewImporter) -> (artifact id: '15fa55a53f6c463bfc07cd1cedcb40c6') in 0.0398899 seconds
Number of updated asset objects reloaded before import = 0Number of asset objects unloaded after import = 2

========================================================================
Received Import Request.
  Time since last request: 0.000048 seconds.
  path: Assets/Projeto/Assets/Torres/Sons/sound-3.mp3
  artifactKey: Guid(77b9baf7b08f5bd469ad7c39d00614eb) Importer(815301076,1909f56bfc062723c751e8b465ee728b)
Start importing Assets/Projeto/Assets/Torres/Sons/sound-3.mp3 using Guid(77b9baf7b08f5bd469ad7c39d00614eb) Importer(815301076,1909f56bfc062723c751e8b465ee728b) (PreviewImporter) -> (artifact id: 'a54f0f517487d7797599cf6f3e41f66e') in 0.0126516 seconds
Number of updated asset objects reloaded before import = 0Number of asset objects unloaded after import = 2

========================================================================
Received Import Request.
  Time since last request: 0.000043 seconds.
  path: Assets/Projeto/Assets/Torres/Sons/sound-15_01.mp3
  artifactKey: Guid(ce18ca9ae00a9ca43a9d430ed8b50a95) Importer(815301076,1909f56bfc062723c751e8b465ee728b)
Start importing Assets/Projeto/Assets/Torres/Sons/sound-15_01.mp3 using Guid(ce18ca9ae00a9ca43a9d430ed8b50a95) Importer(815301076,1909f56bfc062723c751e8b465ee728b) (PreviewImporter) -> (artifact id: 'c89685452df15ad1e8d40ceec981046a') in 0.0238549 seconds
Number of updated asset objects reloaded before import = 0Number of asset objects unloaded after import = 2

========================================================================
Received Import Request.
  Time since last request: 0.808974 seconds.
  path: Assets/Projeto/Assets/Torres/fONTS/Super Squad.otf
  artifactKey: Guid(bd709fb5bfac1b64181422d14bd30f49) Importer(815301076,1909f56bfc062723c751e8b465ee728b)
Start importing Assets/Projeto/Assets/Torres/fONTS/Super Squad.otf using Guid(bd709fb5bfac1b64181422d14bd30f49) Importer(815301076,1909f56bfc062723c751e8b465ee728b) (PreviewImporter) -> (artifact id: '5078c060ec30fbd181e500a6fc13af8d') in 0.0666486 seconds
Number of updated asset objects reloaded before import = 0Number of asset objects unloaded after import = 4

========================================================================
Received Import Request.
  Time since last request: 0.000036 seconds.
  path: Assets/Projeto/Assets/Torres/fONTS/Super Squad.ttf
  artifactKey: Guid(35c9e0ecc3cc98a44916fcba8c099fa1) Importer(815301076,1909f56bfc062723c751e8b465ee728b)
Start importing Assets/Projeto/Assets/Torres/fONTS/Super Squad.ttf using Guid(35c9e0ecc3cc98a44916fcba8c099fa1) Importer(815301076,1909f56bfc062723c751e8b465ee728b) (PreviewImporter) -> (artifact id: 'd709e87d90599e026338c4910918d7b7') in 0.0211236 seconds
Number of updated asset objects reloaded before import = 0Number of asset objects unloaded after import = 4

========================================================================
Received Import Request.
  Time since last request: 0.000043 seconds.
  path: Assets/Projeto/Assets/Torres/fONTS/TT Octosquares Trial Regular.ttf
  artifactKey: Guid(423adaa323f67814e991ab9b49550be4) Importer(815301076,1909f56bfc062723c751e8b465ee728b)
Start importing Assets/Projeto/Assets/Torres/fONTS/TT Octosquares Trial Regular.ttf using Guid(423adaa323f67814e991ab9b49550be4) Importer(815301076,1909f56bfc062723c751e8b465ee728b) (PreviewImporter) -> (artifact id: '368c191781238c483a71ab042131ba91') in 0.0239861 seconds
Number of updated asset objects reloaded before import = 0Number of asset objects unloaded after import = 4

========================================================================
Received Import Request.
  Time since last request: 90.290306 seconds.
  path: Assets/Projeto/UI/Menu/Load.uxml
  artifactKey: Guid(c755d7507264b96498862c15e802b856) Importer(815301076,1909f56bfc062723c751e8b465ee728b)
Start importing Assets/Projeto/UI/Menu/Load.uxml using Guid(c755d7507264b96498862c15e802b856) Importer(815301076,1909f56bfc062723c751e8b465ee728b) (PreviewImporter) -> (artifact id: '3fa608a7301f37f0a8be90af12ea621b') in 0.0030476 seconds
Number of updated asset objects reloaded before import = 0Number of asset objects unloaded after import = 3

========================================================================
Received Import Request.
  Time since last request: 0.000044 seconds.
  path: Assets/Projeto/UI/Menu/transitions.uss
  artifactKey: Guid(87005daf716472c4b9fa642f282df8a9) Importer(815301076,1909f56bfc062723c751e8b465ee728b)
Start importing Assets/Projeto/UI/Menu/transitions.uss using Guid(87005daf716472c4b9fa642f282df8a9) Importer(815301076,1909f56bfc062723c751e8b465ee728b) (PreviewImporter) -> (artifact id: '7df0d5184f8aefdbb2d4c4619164c965') in 0.0019512 seconds
Number of updated asset objects reloaded before import = 0Number of asset objects unloaded after import = 1

========================================================================
Received Import Request.
  Time since last request: 0.000045 seconds.
  path: Assets/Projeto/UI/Menu/MainMenu.asset
  artifactKey: Guid(8b72d6d12a354ed4685cd394c76e42c5) Importer(815301076,1909f56bfc062723c751e8b465ee728b)
Start importing Assets/Projeto/UI/Menu/MainMenu.asset using Guid(8b72d6d12a354ed4685cd394c76e42c5) Importer(815301076,1909f56bfc062723c751e8b465ee728b) (PreviewImporter) -> (artifact id: '99221a33601cc1d63484f6a52d064bd7') in 0.0262869 seconds
Number of updated asset objects reloaded before import = 0Number of asset objects unloaded after import = 29

========================================================================
Received Prepare
Begin MonoManager ReloadAssembly
[Licensing::Client] Successfully resolved entitlement details
Leak Detected : Persistent allocates 8 individual allocations. To find out more please enable 'Preferences > Jobs > Leak Detection Level > Enabled With Stack Trace' and reproduce the leak again.
Symbol file LoadedFromMemory is not a mono symbol file
- Loaded All Assemblies, in  1.798 seconds
'Packages/com.unity.cinemachine/Editor/Obsolete/CinemachineVirtualCameraBaseEditor.cs' contains partial class of Unity.Object, exactly 1 of the partial classes needs to be in a file with the same filename. This is to know the one that can be referenced from ie. GameObjects
'Packages/com.unity.cinemachine/Editor/Editors/CinemachineVirtualCameraBaseEditor.cs' contains partial class of Unity.Object, exactly 1 of the partial classes needs to be in a file with the same filename. This is to know the one that can be referenced from ie. GameObjects
Refreshing native plugins compatible for Editor in 2.76 ms, found 3 plugins.
Native extension for Android target not found
Native extension for WindowsStandalone target not found
Native extension for WebGL target not found
[Package Manager] Failed to launch server process. Reason: Unity was launched with the -noUpm command-line argument
[Package Manager] Unable to send message (not connected to server process).
[Package Manager] Cannot connect to Unity Package Manager local server
[Package Manager] Failed to launch server process. Reason: Unity was launched with the -noUpm command-line argument
[Package Manager] Unable to send message (not connected to server process).
[Package Manager] Cannot connect to Unity Package Manager local server
ScheduleIndexationOnStartup MainProcess:False IndexOnStartup:True
Mono: successfully reloaded assembly
[Package Manager] Failed to launch server process. Reason: Unity was launched with the -noUpm command-line argument
[Package Manager] Unable to send message (not connected to server process).
[Package Manager] Cannot connect to Unity Package Manager local server
- Finished resetting the current domain, in  1.732 seconds
Domain Reload Profiling: 3534ms
	BeginReloadAssembly (582ms)
		ExecutionOrderSort (0ms)
		DisableScriptedObjects (84ms)
		BackupInstance (0ms)
		ReleaseScriptingObjects (1ms)
		CreateAndSetChildDomain (187ms)
	RebuildCommonClasses (61ms)
	RebuildNativeTypeToScriptingClass (26ms)
	initialDomainReloadingComplete (84ms)
	LoadAllAssembliesAndSetupDomain (1049ms)
		LoadAssemblies (657ms)
		RebuildTransferFunctionScriptingTraits (0ms)
		AnalyzeDomain (547ms)
			TypeCache.Refresh (15ms)
				TypeCache.ScanAssembly (0ms)
			BuildScriptInfoCaches (487ms)
			ResolveRequiredComponents (36ms)
	FinalizeReload (1732ms)
		ReleaseScriptCaches (0ms)
		RebuildScriptCaches (0ms)
		SetupLoadedEditorAssemblies (1309ms)
			LogAssemblyErrors (0ms)
			InitializePlatformSupportModulesInManaged (16ms)
			SetLoadedEditorAssemblies (7ms)
			BeforeProcessingInitializeOnLoad (299ms)
			ProcessInitializeOnLoadAttributes (642ms)
			ProcessInitializeOnLoadMethodAttributes (333ms)
			AfterProcessingInitializeOnLoad (11ms)
			EditorAssembliesLoaded (1ms)
		ExecutionOrderSort2 (0ms)
		AwakeInstancesAfterBackupRestoration (32ms)
Refreshing native plugins compatible for Editor in 2.62 ms, found 3 plugins.
Preloading 0 native plugins for Editor in 0.00 ms.
Unloading 7 Unused Serialized files (Serialized files now loaded: 0)
Unloading 10727 unused Assets / (4.5 MB). Loaded Objects now: 11959.
Memory consumption went from 279.1 MB to 274.6 MB.
Total: 32.454800 ms (FindLiveObjects: 2.324400 ms CreateObjectMapping: 1.454300 ms MarkObjects: 24.412400 ms  DeleteObjects: 4.262400 ms)

Prepare: number of updated asset objects reloaded= 0
========================================================================
Received Prepare
'Packages/com.unity.cinemachine/Editor/Obsolete/CinemachineVirtualCameraBaseEditor.cs' contains partial class of Unity.Object, exactly 1 of the partial classes needs to be in a file with the same filename. This is to know the one that can be referenced from ie. GameObjects
'Packages/com.unity.cinemachine/Editor/Editors/CinemachineVirtualCameraBaseEditor.cs' contains partial class of Unity.Object, exactly 1 of the partial classes needs to be in a file with the same filename. This is to know the one that can be referenced from ie. GameObjects
Refreshing native plugins compatible for Editor in 2.46 ms, found 3 plugins.
Preloading 0 native plugins for Editor in 0.00 ms.
Unloading 7 Unused Serialized files (Serialized files now loaded: 0)
Unloading 10707 unused Assets / (4.7 MB). Loaded Objects now: 11959.
Memory consumption went from 273.3 MB to 268.7 MB.
Total: 19.609400 ms (FindLiveObjects: 1.621500 ms CreateObjectMapping: 1.360200 ms MarkObjects: 11.947800 ms  DeleteObjects: 4.678500 ms)

Prepare: number of updated asset objects reloaded= 0
========================================================================
Received Prepare
'Packages/com.unity.cinemachine/Editor/Obsolete/CinemachineVirtualCameraBaseEditor.cs' contains partial class of Unity.Object, exactly 1 of the partial classes needs to be in a file with the same filename. This is to know the one that can be referenced from ie. GameObjects
'Packages/com.unity.cinemachine/Editor/Editors/CinemachineVirtualCameraBaseEditor.cs' contains partial class of Unity.Object, exactly 1 of the partial classes needs to be in a file with the same filename. This is to know the one that can be referenced from ie. GameObjects
Refreshing native plugins compatible for Editor in 4.05 ms, found 3 plugins.
Preloading 0 native plugins for Editor in 0.00 ms.
Unloading 7 Unused Serialized files (Serialized files now loaded: 0)
Unloading 10707 unused Assets / (4.5 MB). Loaded Objects now: 11959.
Memory consumption went from 273.2 MB to 268.7 MB.
Total: 44.102900 ms (FindLiveObjects: 4.555700 ms CreateObjectMapping: 3.511200 ms MarkObjects: 27.802400 ms  DeleteObjects: 8.231700 ms)

Prepare: number of updated asset objects reloaded= 0
========================================================================
Received Prepare
Begin MonoManager ReloadAssembly
[Licensing::Client] Successfully resolved entitlement details
Symbol file LoadedFromMemory is not a mono symbol file
- Loaded All Assemblies, in  1.828 seconds
'Packages/com.unity.cinemachine/Editor/Obsolete/CinemachineVirtualCameraBaseEditor.cs' contains partial class of Unity.Object, exactly 1 of the partial classes needs to be in a file with the same filename. This is to know the one that can be referenced from ie. GameObjects
'Packages/com.unity.cinemachine/Editor/Editors/CinemachineVirtualCameraBaseEditor.cs' contains partial class of Unity.Object, exactly 1 of the partial classes needs to be in a file with the same filename. This is to know the one that can be referenced from ie. GameObjects
Refreshing native plugins compatible for Editor in 3.25 ms, found 3 plugins.
Native extension for Android target not found
Native extension for WindowsStandalone target not found
Native extension for WebGL target not found
[Package Manager] Failed to launch server process. Reason: Unity was launched with the -noUpm command-line argument
[Package Manager] Unable to send message (not connected to server process).
[Package Manager] Cannot connect to Unity Package Manager local server
[Package Manager] Failed to launch server process. Reason: Unity was launched with the -noUpm command-line argument
[Package Manager] Unable to send message (not connected to server process).
[Package Manager] Cannot connect to Unity Package Manager local server
ScheduleIndexationOnStartup MainProcess:False IndexOnStartup:True
Mono: successfully reloaded assembly
[Package Manager] Failed to launch server process. Reason: Unity was launched with the -noUpm command-line argument
[Package Manager] Unable to send message (not connected to server process).
[Package Manager] Cannot connect to Unity Package Manager local server
- Finished resetting the current domain, in  1.727 seconds
Domain Reload Profiling: 3558ms
	BeginReloadAssembly (425ms)
		ExecutionOrderSort (0ms)
		DisableScriptedObjects (15ms)
		BackupInstance (0ms)
		ReleaseScriptingObjects (0ms)
		CreateAndSetChildDomain (119ms)
	RebuildCommonClasses (66ms)
	RebuildNativeTypeToScriptingClass (26ms)
	initialDomainReloadingComplete (88ms)
	LoadAllAssembliesAndSetupDomain (1227ms)
		LoadAssemblies (709ms)
		RebuildTransferFunctionScriptingTraits (0ms)
		AnalyzeDomain (671ms)
			TypeCache.Refresh (28ms)
				TypeCache.ScanAssembly (3ms)
			BuildScriptInfoCaches (606ms)
			ResolveRequiredComponents (29ms)
	FinalizeReload (1727ms)
		ReleaseScriptCaches (0ms)
		RebuildScriptCaches (0ms)
		SetupLoadedEditorAssemblies (1285ms)
			LogAssemblyErrors (0ms)
			InitializePlatformSupportModulesInManaged (18ms)
			SetLoadedEditorAssemblies (8ms)
			BeforeProcessingInitializeOnLoad (310ms)
			ProcessInitializeOnLoadAttributes (659ms)
			ProcessInitializeOnLoadMethodAttributes (279ms)
			AfterProcessingInitializeOnLoad (10ms)
			EditorAssembliesLoaded (1ms)
		ExecutionOrderSort2 (0ms)
		AwakeInstancesAfterBackupRestoration (28ms)
Refreshing native plugins compatible for Editor in 2.43 ms, found 3 plugins.
Preloading 0 native plugins for Editor in 0.00 ms.
Unloading 7 Unused Serialized files (Serialized files now loaded: 0)
Unloading 10724 unused Assets / (4.3 MB). Loaded Objects now: 11963.
Memory consumption went from 278.5 MB to 274.3 MB.
Total: 17.032600 ms (FindLiveObjects: 1.735500 ms CreateObjectMapping: 1.477900 ms MarkObjects: 9.895500 ms  DeleteObjects: 3.922900 ms)

Prepare: number of updated asset objects reloaded= 0
========================================================================
Received Import Request.
  Time since last request: 3364.139107 seconds.
  path: Assets/Projeto/Assets/Guilherme/personagens/Baiana/Macabea v2.fbx
  artifactKey: Guid(effc99836a16741bbbd8d4d088901117) Importer(815301076,1909f56bfc062723c751e8b465ee728b)
Start importing Assets/Projeto/Assets/Guilherme/personagens/Baiana/Macabea v2.fbx using Guid(effc99836a16741bbbd8d4d088901117) Importer(815301076,1909f56bfc062723c751e8b465ee728b) (PreviewImporter) -> (artifact id: '3fc0eef96b4b55327c27fb75efb7e90f') in 2.45412 seconds
Number of updated asset objects reloaded before import = 0Number of asset objects unloaded after import = 116

========================================================================
Received Import Request.
  Time since last request: 0.000064 seconds.
  path: Assets/Projeto/Assets/Guilherme/personagens/Baiana/pret_Base_metalness.png
  artifactKey: Guid(a9c257732568a45b1ba67bf20b257b1d) Importer(815301076,1909f56bfc062723c751e8b465ee728b)
Start importing Assets/Projeto/Assets/Guilherme/personagens/Baiana/pret_Base_metalness.png using Guid(a9c257732568a45b1ba67bf20b257b1d) Importer(815301076,1909f56bfc062723c751e8b465ee728b) (PreviewImporter) -> (artifact id: '069af5cd9ec8c2314ee78cf32f21fd10') in 0.0381241 seconds
Number of updated asset objects reloaded before import = 0Number of asset objects unloaded after import = 2

========================================================================
Received Import Request.
  Time since last request: 0.000041 seconds.
  path: Assets/Projeto/Assets/Guilherme/personagens/Baiana/pret_Mixed_AO.png
  artifactKey: Guid(2517534967a764330aba767113ee70e9) Importer(815301076,1909f56bfc062723c751e8b465ee728b)
Start importing Assets/Projeto/Assets/Guilherme/personagens/Baiana/pret_Mixed_AO.png using Guid(2517534967a764330aba767113ee70e9) Importer(815301076,1909f56bfc062723c751e8b465ee728b) (PreviewImporter) -> (artifact id: 'ddd3cdd5fc7c8be8b30ce8f3af0c2b3d') in 0.0271874 seconds
Number of updated asset objects reloaded before import = 0Number of asset objects unloaded after import = 2

========================================================================
Received Import Request.
  Time since last request: 0.000035 seconds.
  path: Assets/Projeto/Assets/Guilherme/personagens/Baiana/mulher do mal_Base_metalness.png
  artifactKey: Guid(e3cf604e60a4543ae84abc8fb71da4b8) Importer(815301076,1909f56bfc062723c751e8b465ee728b)
Start importing Assets/Projeto/Assets/Guilherme/personagens/Baiana/mulher do mal_Base_metalness.png using Guid(e3cf604e60a4543ae84abc8fb71da4b8) Importer(815301076,1909f56bfc062723c751e8b465ee728b) (PreviewImporter) -> (artifact id: '1b948104a3207bd5b188a2c246cc0c62') in 0.0116576 seconds
Number of updated asset objects reloaded before import = 0Number of asset objects unloaded after import = 2

========================================================================
Received Import Request.
  Time since last request: 0.000043 seconds.
  path: Assets/Projeto/Assets/Guilherme/personagens/Baiana/pret_Height.png
  artifactKey: Guid(e59d20f8a75824677b72c6b9d985c001) Importer(815301076,1909f56bfc062723c751e8b465ee728b)
Start importing Assets/Projeto/Assets/Guilherme/personagens/Baiana/pret_Height.png using Guid(e59d20f8a75824677b72c6b9d985c001) Importer(815301076,1909f56bfc062723c751e8b465ee728b) (PreviewImporter) -> (artifact id: '93801d11440873549e98c001661035ee') in 0.0264857 seconds
Number of updated asset objects reloaded before import = 0Number of asset objects unloaded after import = 2

========================================================================
Received Import Request.
  Time since last request: 0.000032 seconds.
  path: Assets/Projeto/Assets/Guilherme/personagens/Baiana/mulher do mal_Mixed_AO.png
  artifactKey: Guid(c8ca7583915b34dce933aba4b5f3d187) Importer(815301076,1909f56bfc062723c751e8b465ee728b)
Start importing Assets/Projeto/Assets/Guilherme/personagens/Baiana/mulher do mal_Mixed_AO.png using Guid(c8ca7583915b34dce933aba4b5f3d187) Importer(815301076,1909f56bfc062723c751e8b465ee728b) (PreviewImporter) -> (artifact id: 'c72581e6ddfd90548a149764c5fb5f96') in 0.0169995 seconds
Number of updated asset objects reloaded before import = 0Number of asset objects unloaded after import = 2

========================================================================
Received Import Request.
  Time since last request: 0.000035 seconds.
  path: Assets/Projeto/Assets/Guilherme/personagens/Baiana/mulher do mal_Height.png
  artifactKey: Guid(fa611ab82706e404fa372c7efc187b17) Importer(815301076,1909f56bfc062723c751e8b465ee728b)
Start importing Assets/Projeto/Assets/Guilherme/personagens/Baiana/mulher do mal_Height.png using Guid(fa611ab82706e404fa372c7efc187b17) Importer(815301076,1909f56bfc062723c751e8b465ee728b) (PreviewImporter) -> (artifact id: '7087d6be3c90c9e51c8b64f2a9fef54f') in 0.0267084 seconds
Number of updated asset objects reloaded before import = 0Number of asset objects unloaded after import = 2

========================================================================
Received Import Request.
  Time since last request: 0.000043 seconds.
  path: Assets/Projeto/Assets/Guilherme/personagens/Baiana/mulher do mal_Emission_color.png
  artifactKey: Guid(a6e217dee4c8245de857c28a223c9118) Importer(815301076,1909f56bfc062723c751e8b465ee728b)
Start importing Assets/Projeto/Assets/Guilherme/personagens/Baiana/mulher do mal_Emission_color.png using Guid(a6e217dee4c8245de857c28a223c9118) Importer(815301076,1909f56bfc062723c751e8b465ee728b) (PreviewImporter) -> (artifact id: '542b49b7224805aa553abb06668e90db') in 0.016877 seconds
Number of updated asset objects reloaded before import = 0Number of asset objects unloaded after import = 2

========================================================================
Received Prepare
'Packages/com.unity.cinemachine/Editor/Obsolete/CinemachineVirtualCameraBaseEditor.cs' contains partial class of Unity.Object, exactly 1 of the partial classes needs to be in a file with the same filename. This is to know the one that can be referenced from ie. GameObjects
'Packages/com.unity.cinemachine/Editor/Editors/CinemachineVirtualCameraBaseEditor.cs' contains partial class of Unity.Object, exactly 1 of the partial classes needs to be in a file with the same filename. This is to know the one that can be referenced from ie. GameObjects
Refreshing native plugins compatible for Editor in 2.50 ms, found 3 plugins.
Preloading 0 native plugins for Editor in 0.00 ms.
Unloading 7 Unused Serialized files (Serialized files now loaded: 0)
Unloading 10707 unused Assets / (5.2 MB). Loaded Objects now: 12345.
Memory consumption went from 339.7 MB to 334.5 MB.
Total: 26.509500 ms (FindLiveObjects: 1.809100 ms CreateObjectMapping: 1.391100 ms MarkObjects: 18.957100 ms  DeleteObjects: 4.351000 ms)

Prepare: number of updated asset objects reloaded= 0
========================================================================
Received Prepare
Begin MonoManager ReloadAssembly
[Licensing::Client] Successfully resolved entitlement details
Leak Detected : Persistent allocates 8 individual allocations. To find out more please enable 'Preferences > Jobs > Leak Detection Level > Enabled With Stack Trace' and reproduce the leak again.
Symbol file LoadedFromMemory is not a mono symbol file
- Loaded All Assemblies, in  2.115 seconds
'Packages/com.unity.cinemachine/Editor/Obsolete/CinemachineVirtualCameraBaseEditor.cs' contains partial class of Unity.Object, exactly 1 of the partial classes needs to be in a file with the same filename. This is to know the one that can be referenced from ie. GameObjects
'Packages/com.unity.cinemachine/Editor/Editors/CinemachineVirtualCameraBaseEditor.cs' contains partial class of Unity.Object, exactly 1 of the partial classes needs to be in a file with the same filename. This is to know the one that can be referenced from ie. GameObjects
Refreshing native plugins compatible for Editor in 2.55 ms, found 3 plugins.
Native extension for Android target not found
Native extension for WindowsStandalone target not found
Native extension for WebGL target not found
[Package Manager] Failed to launch server process. Reason: Unity was launched with the -noUpm command-line argument
[Package Manager] Unable to send message (not connected to server process).
[Package Manager] Cannot connect to Unity Package Manager local server
[Package Manager] Failed to launch server process. Reason: Unity was launched with the -noUpm command-line argument
[Package Manager] Unable to send message (not connected to server process).
[Package Manager] Cannot connect to Unity Package Manager local server
ScheduleIndexationOnStartup MainProcess:False IndexOnStartup:True
Mono: successfully reloaded assembly
[Package Manager] Failed to launch server process. Reason: Unity was launched with the -noUpm command-line argument
[Package Manager] Unable to send message (not connected to server process).
[Package Manager] Cannot connect to Unity Package Manager local server
- Finished resetting the current domain, in  1.739 seconds
Domain Reload Profiling: 3856ms
	BeginReloadAssembly (698ms)
		ExecutionOrderSort (0ms)
		DisableScriptedObjects (84ms)
		BackupInstance (0ms)
		ReleaseScriptingObjects (0ms)
		CreateAndSetChildDomain (165ms)
	RebuildCommonClasses (71ms)
	RebuildNativeTypeToScriptingClass (31ms)
	initialDomainReloadingComplete (104ms)
	LoadAllAssembliesAndSetupDomain (1212ms)
		LoadAssemblies (901ms)
		RebuildTransferFunctionScriptingTraits (0ms)
		AnalyzeDomain (610ms)
			TypeCache.Refresh (24ms)
				TypeCache.ScanAssembly (2ms)
			BuildScriptInfoCaches (554ms)
			ResolveRequiredComponents (24ms)
	FinalizeReload (1740ms)
		ReleaseScriptCaches (0ms)
		RebuildScriptCaches (0ms)
		SetupLoadedEditorAssemblies (1341ms)
			LogAssemblyErrors (0ms)
			InitializePlatformSupportModulesInManaged (16ms)
			SetLoadedEditorAssemblies (8ms)
			BeforeProcessingInitializeOnLoad (344ms)
			ProcessInitializeOnLoadAttributes (634ms)
			ProcessInitializeOnLoadMethodAttributes (326ms)
			AfterProcessingInitializeOnLoad (11ms)
			EditorAssembliesLoaded (1ms)
		ExecutionOrderSort2 (0ms)
		AwakeInstancesAfterBackupRestoration (36ms)
Refreshing native plugins compatible for Editor in 2.62 ms, found 3 plugins.
Preloading 0 native plugins for Editor in 0.00 ms.
Unloading 7 Unused Serialized files (Serialized files now loaded: 0)
Unloading 10724 unused Assets / (4.3 MB). Loaded Objects now: 12036.
Memory consumption went from 279.1 MB to 274.8 MB.
Total: 17.102000 ms (FindLiveObjects: 1.658200 ms CreateObjectMapping: 1.550100 ms MarkObjects: 9.772400 ms  DeleteObjects: 4.120100 ms)

Prepare: number of updated asset objects reloaded= 0
========================================================================
Received Prepare
Begin MonoManager ReloadAssembly
Symbol file LoadedFromMemory is not a mono symbol file
- Loaded All Assemblies, in  1.779 seconds
'Packages/com.unity.cinemachine/Editor/Obsolete/CinemachineVirtualCameraBaseEditor.cs' contains partial class of Unity.Object, exactly 1 of the partial classes needs to be in a file with the same filename. This is to know the one that can be referenced from ie. GameObjects
'Packages/com.unity.cinemachine/Editor/Editors/CinemachineVirtualCameraBaseEditor.cs' contains partial class of Unity.Object, exactly 1 of the partial classes needs to be in a file with the same filename. This is to know the one that can be referenced from ie. GameObjects
Refreshing native plugins compatible for Editor in 2.60 ms, found 3 plugins.
Native extension for Android target not found
Native extension for WindowsStandalone target not found
Native extension for WebGL target not found
[Package Manager] Failed to launch server process. Reason: Unity was launched with the -noUpm command-line argument
[Package Manager] Unable to send message (not connected to server process).
[Package Manager] Cannot connect to Unity Package Manager local server
[Package Manager] Failed to launch server process. Reason: Unity was launched with the -noUpm command-line argument
[Package Manager] Unable to send message (not connected to server process).
[Package Manager] Cannot connect to Unity Package Manager local server
ScheduleIndexationOnStartup MainProcess:False IndexOnStartup:True
Mono: successfully reloaded assembly
[Package Manager] Failed to launch server process. Reason: Unity was launched with the -noUpm command-line argument
[Package Manager] Unable to send message (not connected to server process).
[Package Manager] Cannot connect to Unity Package Manager local server
- Finished resetting the current domain, in  1.753 seconds
Domain Reload Profiling: 3534ms
	BeginReloadAssembly (434ms)
		ExecutionOrderSort (0ms)
		DisableScriptedObjects (12ms)
		BackupInstance (0ms)
		ReleaseScriptingObjects (0ms)
		CreateAndSetChildDomain (124ms)
	RebuildCommonClasses (65ms)
	RebuildNativeTypeToScriptingClass (27ms)
	initialDomainReloadingComplete (87ms)
	LoadAllAssembliesAndSetupDomain (1169ms)
		LoadAssemblies (710ms)
		RebuildTransferFunctionScriptingTraits (0ms)
		AnalyzeDomain (616ms)
			TypeCache.Refresh (15ms)
				TypeCache.ScanAssembly (0ms)
			BuildScriptInfoCaches (566ms)
			ResolveRequiredComponents (28ms)
	FinalizeReload (1753ms)
		ReleaseScriptCaches (0ms)
		RebuildScriptCaches (0ms)
		SetupLoadedEditorAssemblies (1345ms)
			LogAssemblyErrors (0ms)
			InitializePlatformSupportModulesInManaged (16ms)
			SetLoadedEditorAssemblies (7ms)
			BeforeProcessingInitializeOnLoad (379ms)
			ProcessInitializeOnLoadAttributes (609ms)
			ProcessInitializeOnLoadMethodAttributes (323ms)
			AfterProcessingInitializeOnLoad (10ms)
			EditorAssembliesLoaded (1ms)
		ExecutionOrderSort2 (0ms)
		AwakeInstancesAfterBackupRestoration (34ms)
Refreshing native plugins compatible for Editor in 3.07 ms, found 3 plugins.
Preloading 0 native plugins for Editor in 0.00 ms.
Unloading 7 Unused Serialized files (Serialized files now loaded: 0)
Unloading 10724 unused Assets / (5.3 MB). Loaded Objects now: 12040.
Memory consumption went from 278.9 MB to 273.7 MB.
Total: 19.407800 ms (FindLiveObjects: 1.831100 ms CreateObjectMapping: 1.656500 ms MarkObjects: 11.636300 ms  DeleteObjects: 4.283000 ms)

Prepare: number of updated asset objects reloaded= 0
========================================================================
Received Prepare
'Packages/com.unity.cinemachine/Editor/Obsolete/CinemachineVirtualCameraBaseEditor.cs' contains partial class of Unity.Object, exactly 1 of the partial classes needs to be in a file with the same filename. This is to know the one that can be referenced from ie. GameObjects
'Packages/com.unity.cinemachine/Editor/Editors/CinemachineVirtualCameraBaseEditor.cs' contains partial class of Unity.Object, exactly 1 of the partial classes needs to be in a file with the same filename. This is to know the one that can be referenced from ie. GameObjects
Refreshing native plugins compatible for Editor in 4.19 ms, found 3 plugins.
Preloading 0 native plugins for Editor in 0.00 ms.
Unloading 7 Unused Serialized files (Serialized files now loaded: 0)
Unloading 10707 unused Assets / (7.0 MB). Loaded Objects now: 12040.
Memory consumption went from 273.6 MB to 266.6 MB.
Total: 43.048700 ms (FindLiveObjects: 3.951600 ms CreateObjectMapping: 10.230900 ms MarkObjects: 21.953300 ms  DeleteObjects: 6.910600 ms)

Prepare: number of updated asset objects reloaded= 0
========================================================================
Received Prepare
Begin MonoManager ReloadAssembly
[Licensing::Client] Successfully resolved entitlement details
Symbol file LoadedFromMemory is not a mono symbol file
- Loaded All Assemblies, in  1.829 seconds
'Packages/com.unity.cinemachine/Editor/Obsolete/CinemachineVirtualCameraBaseEditor.cs' contains partial class of Unity.Object, exactly 1 of the partial classes needs to be in a file with the same filename. This is to know the one that can be referenced from ie. GameObjects
'Packages/com.unity.cinemachine/Editor/Editors/CinemachineVirtualCameraBaseEditor.cs' contains partial class of Unity.Object, exactly 1 of the partial classes needs to be in a file with the same filename. This is to know the one that can be referenced from ie. GameObjects
Refreshing native plugins compatible for Editor in 2.54 ms, found 3 plugins.
Native extension for Android target not found
Native extension for WindowsStandalone target not found
Native extension for WebGL target not found
[Package Manager] Failed to launch server process. Reason: Unity was launched with the -noUpm command-line argument
[Package Manager] Unable to send message (not connected to server process).
[Package Manager] Cannot connect to Unity Package Manager local server
[Package Manager] Failed to launch server process. Reason: Unity was launched with the -noUpm command-line argument
[Package Manager] Unable to send message (not connected to server process).
[Package Manager] Cannot connect to Unity Package Manager local server
ScheduleIndexationOnStartup MainProcess:False IndexOnStartup:True
Mono: successfully reloaded assembly
[Package Manager] Failed to launch server process. Reason: Unity was launched with the -noUpm command-line argument
[Package Manager] Unable to send message (not connected to server process).
[Package Manager] Cannot connect to Unity Package Manager local server
- Finished resetting the current domain, in  1.703 seconds
Domain Reload Profiling: 3534ms
	BeginReloadAssembly (470ms)
		ExecutionOrderSort (0ms)
		DisableScriptedObjects (15ms)
		BackupInstance (0ms)
		ReleaseScriptingObjects (0ms)
		CreateAndSetChildDomain (117ms)
	RebuildCommonClasses (73ms)
	RebuildNativeTypeToScriptingClass (33ms)
	initialDomainReloadingComplete (99ms)
	LoadAllAssembliesAndSetupDomain (1155ms)
		LoadAssemblies (762ms)
		RebuildTransferFunctionScriptingTraits (0ms)
		AnalyzeDomain (586ms)
			TypeCache.Refresh (26ms)
				TypeCache.ScanAssembly (2ms)
			BuildScriptInfoCaches (529ms)
			ResolveRequiredComponents (24ms)
	FinalizeReload (1704ms)
		ReleaseScriptCaches (0ms)
		RebuildScriptCaches (0ms)
		SetupLoadedEditorAssemblies (1307ms)
			LogAssemblyErrors (0ms)
			InitializePlatformSupportModulesInManaged (16ms)
			SetLoadedEditorAssemblies (7ms)
			BeforeProcessingInitializeOnLoad (300ms)
			ProcessInitializeOnLoadAttributes (675ms)
			ProcessInitializeOnLoadMethodAttributes (297ms)
			AfterProcessingInitializeOnLoad (10ms)
			EditorAssembliesLoaded (1ms)
		ExecutionOrderSort2 (0ms)
		AwakeInstancesAfterBackupRestoration (29ms)
Refreshing native plugins compatible for Editor in 2.56 ms, found 3 plugins.
Preloading 0 native plugins for Editor in 0.00 ms.
Unloading 7 Unused Serialized files (Serialized files now loaded: 0)
Unloading 10724 unused Assets / (5.9 MB). Loaded Objects now: 12044.
Memory consumption went from 279.0 MB to 273.1 MB.
Total: 29.284000 ms (FindLiveObjects: 1.775300 ms CreateObjectMapping: 1.475800 ms MarkObjects: 18.316400 ms  DeleteObjects: 7.714800 ms)

Prepare: number of updated asset objects reloaded= 0
========================================================================
Received Import Request.
  Time since last request: 379.701232 seconds.
  path: Assets/Projeto/Scena/Primeiro Mapa/Cadeia_Dentro/Global Volume Profile.asset
  artifactKey: Guid(cd783859eab2239449419f24389cf9dc) Importer(815301076,1909f56bfc062723c751e8b465ee728b)
Start importing Assets/Projeto/Scena/Primeiro Mapa/Cadeia_Dentro/Global Volume Profile.asset using Guid(cd783859eab2239449419f24389cf9dc) Importer(815301076,1909f56bfc062723c751e8b465ee728b) (PreviewImporter) -> (artifact id: 'e187dbd0cb2a699b29977bb3b46f2097') in 0.0507574 seconds
Number of updated asset objects reloaded before import = 0Number of asset objects unloaded after import = 2

========================================================================
Received Prepare
Begin MonoManager ReloadAssembly
[Licensing::Client] Successfully resolved entitlement details
Symbol file LoadedFromMemory is not a mono symbol file
- Loaded All Assemblies, in  1.733 seconds
'Packages/com.unity.cinemachine/Editor/Obsolete/CinemachineVirtualCameraBaseEditor.cs' contains partial class of Unity.Object, exactly 1 of the partial classes needs to be in a file with the same filename. This is to know the one that can be referenced from ie. GameObjects
'Packages/com.unity.cinemachine/Editor/Editors/CinemachineVirtualCameraBaseEditor.cs' contains partial class of Unity.Object, exactly 1 of the partial classes needs to be in a file with the same filename. This is to know the one that can be referenced from ie. GameObjects
Refreshing native plugins compatible for Editor in 2.89 ms, found 3 plugins.
Native extension for Android target not found
Native extension for WindowsStandalone target not found
Native extension for WebGL target not found
[Package Manager] Failed to launch server process. Reason: Unity was launched with the -noUpm command-line argument
[Package Manager] Unable to send message (not connected to server process).
[Package Manager] Cannot connect to Unity Package Manager local server
[Package Manager] Failed to launch server process. Reason: Unity was launched with the -noUpm command-line argument
[Package Manager] Unable to send message (not connected to server process).
[Package Manager] Cannot connect to Unity Package Manager local server
ScheduleIndexationOnStartup MainProcess:False IndexOnStartup:True
Mono: successfully reloaded assembly
[Package Manager] Failed to launch server process. Reason: Unity was launched with the -noUpm command-line argument
[Package Manager] Unable to send message (not connected to server process).
[Package Manager] Cannot connect to Unity Package Manager local server
- Finished resetting the current domain, in  1.710 seconds
Domain Reload Profiling: 3446ms
	BeginReloadAssembly (457ms)
		ExecutionOrderSort (0ms)
		DisableScriptedObjects (14ms)
		BackupInstance (0ms)
		ReleaseScriptingObjects (0ms)
		CreateAndSetChildDomain (127ms)
	RebuildCommonClasses (73ms)
	RebuildNativeTypeToScriptingClass (36ms)
	initialDomainReloadingComplete (95ms)
	LoadAllAssembliesAndSetupDomain (1075ms)
		LoadAssemblies (675ms)
		RebuildTransferFunctionScriptingTraits (0ms)
		AnalyzeDomain (585ms)
			TypeCache.Refresh (17ms)
				TypeCache.ScanAssembly (0ms)
			BuildScriptInfoCaches (537ms)
			ResolveRequiredComponents (24ms)
	FinalizeReload (1711ms)
		ReleaseScriptCaches (0ms)
		RebuildScriptCaches (0ms)
		SetupLoadedEditorAssemblies (1288ms)
			LogAssemblyErrors (0ms)
			InitializePlatformSupportModulesInManaged (16ms)
			SetLoadedEditorAssemblies (7ms)
			BeforeProcessingInitializeOnLoad (310ms)
			ProcessInitializeOnLoadAttributes (611ms)
			ProcessInitializeOnLoadMethodAttributes (333ms)
			AfterProcessingInitializeOnLoad (10ms)
			EditorAssembliesLoaded (1ms)
		ExecutionOrderSort2 (0ms)
		AwakeInstancesAfterBackupRestoration (29ms)
Refreshing native plugins compatible for Editor in 2.81 ms, found 3 plugins.
Preloading 0 native plugins for Editor in 0.00 ms.
Unloading 7 Unused Serialized files (Serialized files now loaded: 0)
Unloading 10724 unused Assets / (5.1 MB). Loaded Objects now: 12048.
Memory consumption went from 279.2 MB to 274.1 MB.
Total: 19.578400 ms (FindLiveObjects: 1.640000 ms CreateObjectMapping: 1.383900 ms MarkObjects: 12.567300 ms  DeleteObjects: 3.986200 ms)

Prepare: number of updated asset objects reloaded= 0
========================================================================
Received Prepare
Begin MonoManager ReloadAssembly
[Licensing::Client] Successfully resolved entitlement details
Symbol file LoadedFromMemory is not a mono symbol file
- Loaded All Assemblies, in  1.818 seconds
'Packages/com.unity.cinemachine/Editor/Obsolete/CinemachineVirtualCameraBaseEditor.cs' contains partial class of Unity.Object, exactly 1 of the partial classes needs to be in a file with the same filename. This is to know the one that can be referenced from ie. GameObjects
'Packages/com.unity.cinemachine/Editor/Editors/CinemachineVirtualCameraBaseEditor.cs' contains partial class of Unity.Object, exactly 1 of the partial classes needs to be in a file with the same filename. This is to know the one that can be referenced from ie. GameObjects
Refreshing native plugins compatible for Editor in 2.58 ms, found 3 plugins.
Native extension for Android target not found
Native extension for WindowsStandalone target not found
Native extension for WebGL target not found
[Package Manager] Failed to launch server process. Reason: Unity was launched with the -noUpm command-line argument
[Package Manager] Unable to send message (not connected to server process).
[Package Manager] Cannot connect to Unity Package Manager local server
[Package Manager] Failed to launch server process. Reason: Unity was launched with the -noUpm command-line argument
[Package Manager] Unable to send message (not connected to server process).
[Package Manager] Cannot connect to Unity Package Manager local server
ScheduleIndexationOnStartup MainProcess:False IndexOnStartup:True
Mono: successfully reloaded assembly
[Package Manager] Failed to launch server process. Reason: Unity was launched with the -noUpm command-line argument
[Package Manager] Unable to send message (not connected to server process).
[Package Manager] Cannot connect to Unity Package Manager local server
- Finished resetting the current domain, in  1.683 seconds
Domain Reload Profiling: 3504ms
	BeginReloadAssembly (477ms)
		ExecutionOrderSort (0ms)
		DisableScriptedObjects (15ms)
		BackupInstance (0ms)
		ReleaseScriptingObjects (0ms)
		CreateAndSetChildDomain (127ms)
	RebuildCommonClasses (76ms)
	RebuildNativeTypeToScriptingClass (26ms)
	initialDomainReloadingComplete (83ms)
	LoadAllAssembliesAndSetupDomain (1158ms)
		LoadAssemblies (741ms)
		RebuildTransferFunctionScriptingTraits (0ms)
		AnalyzeDomain (598ms)
			TypeCache.Refresh (16ms)
				TypeCache.ScanAssembly (0ms)
			BuildScriptInfoCaches (551ms)
			ResolveRequiredComponents (23ms)
	FinalizeReload (1684ms)
		ReleaseScriptCaches (0ms)
		RebuildScriptCaches (0ms)
		SetupLoadedEditorAssemblies (1263ms)
			LogAssemblyErrors (0ms)
			InitializePlatformSupportModulesInManaged (19ms)
			SetLoadedEditorAssemblies (9ms)
			BeforeProcessingInitializeOnLoad (325ms)
			ProcessInitializeOnLoadAttributes (592ms)
			ProcessInitializeOnLoadMethodAttributes (306ms)
			AfterProcessingInitializeOnLoad (11ms)
			EditorAssembliesLoaded (1ms)
		ExecutionOrderSort2 (0ms)
		AwakeInstancesAfterBackupRestoration (39ms)
Refreshing native plugins compatible for Editor in 2.82 ms, found 3 plugins.
Preloading 0 native plugins for Editor in 0.00 ms.
Unloading 7 Unused Serialized files (Serialized files now loaded: 0)
Unloading 10724 unused Assets / (5.8 MB). Loaded Objects now: 12052.
Memory consumption went from 279.2 MB to 273.4 MB.
Total: 22.710700 ms (FindLiveObjects: 1.747900 ms CreateObjectMapping: 1.531900 ms MarkObjects: 11.977100 ms  DeleteObjects: 7.452100 ms)

Prepare: number of updated asset objects reloaded= 0
========================================================================
Received Prepare
Begin MonoManager ReloadAssembly
[Licensing::Client] Successfully resolved entitlement details
Symbol file LoadedFromMemory is not a mono symbol file
- Loaded All Assemblies, in  1.723 seconds
'Packages/com.unity.cinemachine/Editor/Obsolete/CinemachineVirtualCameraBaseEditor.cs' contains partial class of Unity.Object, exactly 1 of the partial classes needs to be in a file with the same filename. This is to know the one that can be referenced from ie. GameObjects
'Packages/com.unity.cinemachine/Editor/Editors/CinemachineVirtualCameraBaseEditor.cs' contains partial class of Unity.Object, exactly 1 of the partial classes needs to be in a file with the same filename. This is to know the one that can be referenced from ie. GameObjects
Refreshing native plugins compatible for Editor in 2.54 ms, found 3 plugins.
Native extension for Android target not found
Native extension for WindowsStandalone target not found
Native extension for WebGL target not found
[Package Manager] Failed to launch server process. Reason: Unity was launched with the -noUpm command-line argument
[Package Manager] Unable to send message (not connected to server process).
[Package Manager] Cannot connect to Unity Package Manager local server
[Package Manager] Failed to launch server process. Reason: Unity was launched with the -noUpm command-line argument
[Package Manager] Unable to send message (not connected to server process).
[Package Manager] Cannot connect to Unity Package Manager local server
ScheduleIndexationOnStartup MainProcess:False IndexOnStartup:True
Mono: successfully reloaded assembly
[Package Manager] Failed to launch server process. Reason: Unity was launched with the -noUpm command-line argument
[Package Manager] Unable to send message (not connected to server process).
[Package Manager] Cannot connect to Unity Package Manager local server
- Finished resetting the current domain, in  1.637 seconds
Domain Reload Profiling: 3364ms
	BeginReloadAssembly (464ms)
		ExecutionOrderSort (0ms)
		DisableScriptedObjects (14ms)
		BackupInstance (0ms)
		ReleaseScriptingObjects (0ms)
		CreateAndSetChildDomain (137ms)
	RebuildCommonClasses (61ms)
	RebuildNativeTypeToScriptingClass (26ms)
	initialDomainReloadingComplete (84ms)
	LoadAllAssembliesAndSetupDomain (1092ms)
		LoadAssemblies (644ms)
		RebuildTransferFunctionScriptingTraits (0ms)
		AnalyzeDomain (613ms)
			TypeCache.Refresh (15ms)
				TypeCache.ScanAssembly (0ms)
			BuildScriptInfoCaches (552ms)
			ResolveRequiredComponents (37ms)
	FinalizeReload (1637ms)
		ReleaseScriptCaches (0ms)
		RebuildScriptCaches (0ms)
		SetupLoadedEditorAssemblies (1240ms)
			LogAssemblyErrors (0ms)
			InitializePlatformSupportModulesInManaged (21ms)
			SetLoadedEditorAssemblies (12ms)
			BeforeProcessingInitializeOnLoad (316ms)
			ProcessInitializeOnLoadAttributes (595ms)
			ProcessInitializeOnLoadMethodAttributes (285ms)
			AfterProcessingInitializeOnLoad (10ms)
			EditorAssembliesLoaded (1ms)
		ExecutionOrderSort2 (0ms)
		AwakeInstancesAfterBackupRestoration (31ms)
Refreshing native plugins compatible for Editor in 2.73 ms, found 3 plugins.
Preloading 0 native plugins for Editor in 0.00 ms.
Unloading 7 Unused Serialized files (Serialized files now loaded: 0)
Unloading 10724 unused Assets / (4.3 MB). Loaded Objects now: 12056.
Memory consumption went from 279.3 MB to 275.0 MB.
Total: 19.078500 ms (FindLiveObjects: 1.633900 ms CreateObjectMapping: 1.436700 ms MarkObjects: 12.021900 ms  DeleteObjects: 3.985200 ms)

Prepare: number of updated asset objects reloaded= 0
========================================================================
Received Prepare
Begin MonoManager ReloadAssembly
[Licensing::Client] Successfully resolved entitlement details
Symbol file LoadedFromMemory is not a mono symbol file
- Loaded All Assemblies, in  1.661 seconds
'Packages/com.unity.cinemachine/Editor/Obsolete/CinemachineVirtualCameraBaseEditor.cs' contains partial class of Unity.Object, exactly 1 of the partial classes needs to be in a file with the same filename. This is to know the one that can be referenced from ie. GameObjects
'Packages/com.unity.cinemachine/Editor/Editors/CinemachineVirtualCameraBaseEditor.cs' contains partial class of Unity.Object, exactly 1 of the partial classes needs to be in a file with the same filename. This is to know the one that can be referenced from ie. GameObjects
Refreshing native plugins compatible for Editor in 2.55 ms, found 3 plugins.
Native extension for Android target not found
Native extension for WindowsStandalone target not found
Native extension for WebGL target not found
[Package Manager] Failed to launch server process. Reason: Unity was launched with the -noUpm command-line argument
[Package Manager] Unable to send message (not connected to server process).
[Package Manager] Cannot connect to Unity Package Manager local server
[Package Manager] Failed to launch server process. Reason: Unity was launched with the -noUpm command-line argument
[Package Manager] Unable to send message (not connected to server process).
[Package Manager] Cannot connect to Unity Package Manager local server
ScheduleIndexationOnStartup MainProcess:False IndexOnStartup:True
Mono: successfully reloaded assembly
[Package Manager] Failed to launch server process. Reason: Unity was launched with the -noUpm command-line argument
[Package Manager] Unable to send message (not connected to server process).
[Package Manager] Cannot connect to Unity Package Manager local server
- Finished resetting the current domain, in  1.838 seconds
Domain Reload Profiling: 3501ms
	BeginReloadAssembly (402ms)
		ExecutionOrderSort (0ms)
		DisableScriptedObjects (15ms)
		BackupInstance (0ms)
		ReleaseScriptingObjects (0ms)
		CreateAndSetChildDomain (100ms)
	RebuildCommonClasses (64ms)
	RebuildNativeTypeToScriptingClass (26ms)
	initialDomainReloadingComplete (87ms)
	LoadAllAssembliesAndSetupDomain (1084ms)
		LoadAssemblies (708ms)
		RebuildTransferFunctionScriptingTraits (0ms)
		AnalyzeDomain (535ms)
			TypeCache.Refresh (15ms)
				TypeCache.ScanAssembly (0ms)
			BuildScriptInfoCaches (490ms)
			ResolveRequiredComponents (24ms)
	FinalizeReload (1838ms)
		ReleaseScriptCaches (0ms)
		RebuildScriptCaches (0ms)
		SetupLoadedEditorAssemblies (1395ms)
			LogAssemblyErrors (0ms)
			InitializePlatformSupportModulesInManaged (19ms)
			SetLoadedEditorAssemblies (8ms)
			BeforeProcessingInitializeOnLoad (351ms)
			ProcessInitializeOnLoadAttributes (696ms)
			ProcessInitializeOnLoadMethodAttributes (311ms)
			AfterProcessingInitializeOnLoad (10ms)
			EditorAssembliesLoaded (1ms)
		ExecutionOrderSort2 (0ms)
		AwakeInstancesAfterBackupRestoration (31ms)
Refreshing native plugins compatible for Editor in 2.58 ms, found 3 plugins.
Preloading 0 native plugins for Editor in 0.00 ms.
Unloading 7 Unused Serialized files (Serialized files now loaded: 0)
Unloading 10724 unused Assets / (4.2 MB). Loaded Objects now: 12060.
Memory consumption went from 279.4 MB to 275.3 MB.
Total: 16.607000 ms (FindLiveObjects: 1.699400 ms CreateObjectMapping: 1.506100 ms MarkObjects: 9.335200 ms  DeleteObjects: 4.065400 ms)

Prepare: number of updated asset objects reloaded= 0
========================================================================
Received Prepare
Begin MonoManager ReloadAssembly
Symbol file LoadedFromMemory is not a mono symbol file
- Loaded All Assemblies, in  1.776 seconds
'Packages/com.unity.cinemachine/Editor/Obsolete/CinemachineVirtualCameraBaseEditor.cs' contains partial class of Unity.Object, exactly 1 of the partial classes needs to be in a file with the same filename. This is to know the one that can be referenced from ie. GameObjects
'Packages/com.unity.cinemachine/Editor/Editors/CinemachineVirtualCameraBaseEditor.cs' contains partial class of Unity.Object, exactly 1 of the partial classes needs to be in a file with the same filename. This is to know the one that can be referenced from ie. GameObjects
Refreshing native plugins compatible for Editor in 3.24 ms, found 3 plugins.
Native extension for Android target not found
Native extension for WindowsStandalone target not found
Native extension for WebGL target not found
[Package Manager] Failed to launch server process. Reason: Unity was launched with the -noUpm command-line argument
[Package Manager] Unable to send message (not connected to server process).
[Package Manager] Cannot connect to Unity Package Manager local server
[Package Manager] Failed to launch server process. Reason: Unity was launched with the -noUpm command-line argument
[Package Manager] Unable to send message (not connected to server process).
[Package Manager] Cannot connect to Unity Package Manager local server
ScheduleIndexationOnStartup MainProcess:False IndexOnStartup:True
Mono: successfully reloaded assembly
[Package Manager] Failed to launch server process. Reason: Unity was launched with the -noUpm command-line argument
[Package Manager] Unable to send message (not connected to server process).
[Package Manager] Cannot connect to Unity Package Manager local server
- Finished resetting the current domain, in  1.701 seconds
Domain Reload Profiling: 3480ms
	BeginReloadAssembly (473ms)
		ExecutionOrderSort (0ms)
		DisableScriptedObjects (13ms)
		BackupInstance (0ms)
		ReleaseScriptingObjects (0ms)
		CreateAndSetChildDomain (113ms)
	RebuildCommonClasses (77ms)
	RebuildNativeTypeToScriptingClass (31ms)
	initialDomainReloadingComplete (97ms)
	LoadAllAssembliesAndSetupDomain (1100ms)
		LoadAssemblies (727ms)
		RebuildTransferFunctionScriptingTraits (0ms)
		AnalyzeDomain (587ms)
			TypeCache.Refresh (17ms)
				TypeCache.ScanAssembly (0ms)
			BuildScriptInfoCaches (539ms)
			ResolveRequiredComponents (23ms)
	FinalizeReload (1702ms)
		ReleaseScriptCaches (0ms)
		RebuildScriptCaches (0ms)
		SetupLoadedEditorAssemblies (1281ms)
			LogAssemblyErrors (0ms)
			InitializePlatformSupportModulesInManaged (16ms)
			SetLoadedEditorAssemblies (8ms)
			BeforeProcessingInitializeOnLoad (303ms)
			ProcessInitializeOnLoadAttributes (662ms)
			ProcessInitializeOnLoadMethodAttributes (281ms)
			AfterProcessingInitializeOnLoad (10ms)
			EditorAssembliesLoaded (1ms)
		ExecutionOrderSort2 (0ms)
		AwakeInstancesAfterBackupRestoration (29ms)
Refreshing native plugins compatible for Editor in 2.45 ms, found 3 plugins.
Preloading 0 native plugins for Editor in 0.00 ms.
Unloading 7 Unused Serialized files (Serialized files now loaded: 0)
Unloading 10724 unused Assets / (4.3 MB). Loaded Objects now: 12064.
Memory consumption went from 279.5 MB to 275.2 MB.
Total: 16.446700 ms (FindLiveObjects: 1.679300 ms CreateObjectMapping: 1.418500 ms MarkObjects: 9.431700 ms  DeleteObjects: 3.915800 ms)

Prepare: number of updated asset objects reloaded= 0
========================================================================
Received Prepare
'Packages/com.unity.cinemachine/Editor/Obsolete/CinemachineVirtualCameraBaseEditor.cs' contains partial class of Unity.Object, exactly 1 of the partial classes needs to be in a file with the same filename. This is to know the one that can be referenced from ie. GameObjects
'Packages/com.unity.cinemachine/Editor/Editors/CinemachineVirtualCameraBaseEditor.cs' contains partial class of Unity.Object, exactly 1 of the partial classes needs to be in a file with the same filename. This is to know the one that can be referenced from ie. GameObjects
Refreshing native plugins compatible for Editor in 2.77 ms, found 3 plugins.
Preloading 0 native plugins for Editor in 0.00 ms.
Unloading 7 Unused Serialized files (Serialized files now loaded: 0)
Unloading 10707 unused Assets / (5.7 MB). Loaded Objects now: 12064.
Memory consumption went from 274.2 MB to 268.5 MB.
Total: 22.351300 ms (FindLiveObjects: 1.878500 ms CreateObjectMapping: 1.578800 ms MarkObjects: 13.840300 ms  DeleteObjects: 5.052100 ms)

Prepare: number of updated asset objects reloaded= 0
========================================================================
Received Prepare
Begin MonoManager ReloadAssembly
[Licensing::Client] Successfully resolved entitlement details
Symbol file LoadedFromMemory is not a mono symbol file
- Loaded All Assemblies, in  1.683 seconds
'Packages/com.unity.cinemachine/Editor/Obsolete/CinemachineVirtualCameraBaseEditor.cs' contains partial class of Unity.Object, exactly 1 of the partial classes needs to be in a file with the same filename. This is to know the one that can be referenced from ie. GameObjects
'Packages/com.unity.cinemachine/Editor/Editors/CinemachineVirtualCameraBaseEditor.cs' contains partial class of Unity.Object, exactly 1 of the partial classes needs to be in a file with the same filename. This is to know the one that can be referenced from ie. GameObjects
Refreshing native plugins compatible for Editor in 2.53 ms, found 3 plugins.
Native extension for Android target not found
Native extension for WindowsStandalone target not found
Native extension for WebGL target not found
[Package Manager] Failed to launch server process. Reason: Unity was launched with the -noUpm command-line argument
[Package Manager] Unable to send message (not connected to server process).
[Package Manager] Cannot connect to Unity Package Manager local server
[Package Manager] Failed to launch server process. Reason: Unity was launched with the -noUpm command-line argument
[Package Manager] Unable to send message (not connected to server process).
[Package Manager] Cannot connect to Unity Package Manager local server
ScheduleIndexationOnStartup MainProcess:False IndexOnStartup:True
Mono: successfully reloaded assembly
[Package Manager] Failed to launch server process. Reason: Unity was launched with the -noUpm command-line argument
[Package Manager] Unable to send message (not connected to server process).
[Package Manager] Cannot connect to Unity Package Manager local server
- Finished resetting the current domain, in  1.824 seconds
Domain Reload Profiling: 3510ms
	BeginReloadAssembly (414ms)
		ExecutionOrderSort (0ms)
		DisableScriptedObjects (13ms)
		BackupInstance (0ms)
		ReleaseScriptingObjects (0ms)
		CreateAndSetChildDomain (110ms)
	RebuildCommonClasses (63ms)
	RebuildNativeTypeToScriptingClass (26ms)
	initialDomainReloadingComplete (84ms)
	LoadAllAssembliesAndSetupDomain (1098ms)
		LoadAssemblies (690ms)
		RebuildTransferFunctionScriptingTraits (0ms)
		AnalyzeDomain (562ms)
			TypeCache.Refresh (24ms)
				TypeCache.ScanAssembly (2ms)
			BuildScriptInfoCaches (506ms)
			ResolveRequiredComponents (24ms)
	FinalizeReload (1825ms)
		ReleaseScriptCaches (0ms)
		RebuildScriptCaches (0ms)
		SetupLoadedEditorAssemblies (1367ms)
			LogAssemblyErrors (0ms)
			InitializePlatformSupportModulesInManaged (18ms)
			SetLoadedEditorAssemblies (21ms)
			BeforeProcessingInitializeOnLoad (351ms)
			ProcessInitializeOnLoadAttributes (679ms)
			ProcessInitializeOnLoadMethodAttributes (287ms)
			AfterProcessingInitializeOnLoad (10ms)
			EditorAssembliesLoaded (1ms)
		ExecutionOrderSort2 (0ms)
		AwakeInstancesAfterBackupRestoration (29ms)
Refreshing native plugins compatible for Editor in 2.41 ms, found 3 plugins.
Preloading 0 native plugins for Editor in 0.00 ms.
Unloading 7 Unused Serialized files (Serialized files now loaded: 0)
Unloading 10724 unused Assets / (6.2 MB). Loaded Objects now: 12068.
Memory consumption went from 279.6 MB to 273.4 MB.
Total: 29.817300 ms (FindLiveObjects: 1.766500 ms CreateObjectMapping: 1.514400 ms MarkObjects: 18.318200 ms  DeleteObjects: 8.216700 ms)

Prepare: number of updated asset objects reloaded= 0
========================================================================
Received Prepare
'Packages/com.unity.cinemachine/Editor/Obsolete/CinemachineVirtualCameraBaseEditor.cs' contains partial class of Unity.Object, exactly 1 of the partial classes needs to be in a file with the same filename. This is to know the one that can be referenced from ie. GameObjects
'Packages/com.unity.cinemachine/Editor/Editors/CinemachineVirtualCameraBaseEditor.cs' contains partial class of Unity.Object, exactly 1 of the partial classes needs to be in a file with the same filename. This is to know the one that can be referenced from ie. GameObjects
Refreshing native plugins compatible for Editor in 2.84 ms, found 3 plugins.
Preloading 0 native plugins for Editor in 0.00 ms.
Unloading 7 Unused Serialized files (Serialized files now loaded: 0)
Unloading 10707 unused Assets / (4.3 MB). Loaded Objects now: 12068.
Memory consumption went from 274.3 MB to 270.0 MB.
Total: 18.053400 ms (FindLiveObjects: 1.720000 ms CreateObjectMapping: 1.444200 ms MarkObjects: 10.986200 ms  DeleteObjects: 3.902100 ms)

Prepare: number of updated asset objects reloaded= 0
========================================================================
Received Prepare
Begin MonoManager ReloadAssembly
[Licensing::Client] Successfully resolved entitlement details
Symbol file LoadedFromMemory is not a mono symbol file
- Loaded All Assemblies, in  1.684 seconds
'Packages/com.unity.cinemachine/Editor/Obsolete/CinemachineVirtualCameraBaseEditor.cs' contains partial class of Unity.Object, exactly 1 of the partial classes needs to be in a file with the same filename. This is to know the one that can be referenced from ie. GameObjects
'Packages/com.unity.cinemachine/Editor/Editors/CinemachineVirtualCameraBaseEditor.cs' contains partial class of Unity.Object, exactly 1 of the partial classes needs to be in a file with the same filename. This is to know the one that can be referenced from ie. GameObjects
Refreshing native plugins compatible for Editor in 2.54 ms, found 3 plugins.
Native extension for Android target not found
Native extension for WindowsStandalone target not found
Native extension for WebGL target not found
[Package Manager] Failed to launch server process. Reason: Unity was launched with the -noUpm command-line argument
[Package Manager] Unable to send message (not connected to server process).
[Package Manager] Cannot connect to Unity Package Manager local server
[Package Manager] Failed to launch server process. Reason: Unity was launched with the -noUpm command-line argument
[Package Manager] Unable to send message (not connected to server process).
[Package Manager] Cannot connect to Unity Package Manager local server
ScheduleIndexationOnStartup MainProcess:False IndexOnStartup:True
Mono: successfully reloaded assembly
[Package Manager] Failed to launch server process. Reason: Unity was launched with the -noUpm command-line argument
[Package Manager] Unable to send message (not connected to server process).
[Package Manager] Cannot connect to Unity Package Manager local server
- Finished resetting the current domain, in  1.640 seconds
Domain Reload Profiling: 3326ms
	BeginReloadAssembly (432ms)
		ExecutionOrderSort (0ms)
		DisableScriptedObjects (17ms)
		BackupInstance (0ms)
		ReleaseScriptingObjects (1ms)
		CreateAndSetChildDomain (109ms)
	RebuildCommonClasses (60ms)
	RebuildNativeTypeToScriptingClass (25ms)
	initialDomainReloadingComplete (94ms)
	LoadAllAssembliesAndSetupDomain (1074ms)
		LoadAssemblies (677ms)
		RebuildTransferFunctionScriptingTraits (0ms)
		AnalyzeDomain (557ms)
			TypeCache.Refresh (24ms)
				TypeCache.ScanAssembly (2ms)
			BuildScriptInfoCaches (502ms)
			ResolveRequiredComponents (24ms)
	FinalizeReload (1640ms)
		ReleaseScriptCaches (0ms)
		RebuildScriptCaches (0ms)
		SetupLoadedEditorAssemblies (1259ms)
			LogAssemblyErrors (0ms)
			InitializePlatformSupportModulesInManaged (16ms)
			SetLoadedEditorAssemblies (8ms)
			BeforeProcessingInitializeOnLoad (356ms)
			ProcessInitializeOnLoadAttributes (581ms)
			ProcessInitializeOnLoadMethodAttributes (289ms)
			AfterProcessingInitializeOnLoad (10ms)
			EditorAssembliesLoaded (1ms)
		ExecutionOrderSort2 (0ms)
		AwakeInstancesAfterBackupRestoration (29ms)
Refreshing native plugins compatible for Editor in 2.57 ms, found 3 plugins.
Preloading 0 native plugins for Editor in 0.00 ms.
Unloading 7 Unused Serialized files (Serialized files now loaded: 0)
Unloading 10724 unused Assets / (4.3 MB). Loaded Objects now: 12072.
Memory consumption went from 279.7 MB to 275.4 MB.
Total: 17.655300 ms (FindLiveObjects: 2.008600 ms CreateObjectMapping: 1.609100 ms MarkObjects: 10.009900 ms  DeleteObjects: 4.026800 ms)

Prepare: number of updated asset objects reloaded= 0
========================================================================
Received Prepare
Begin MonoManager ReloadAssembly
[Licensing::Client] Successfully resolved entitlement details
Symbol file LoadedFromMemory is not a mono symbol file
- Loaded All Assemblies, in  1.638 seconds
'Packages/com.unity.cinemachine/Editor/Obsolete/CinemachineVirtualCameraBaseEditor.cs' contains partial class of Unity.Object, exactly 1 of the partial classes needs to be in a file with the same filename. This is to know the one that can be referenced from ie. GameObjects
'Packages/com.unity.cinemachine/Editor/Editors/CinemachineVirtualCameraBaseEditor.cs' contains partial class of Unity.Object, exactly 1 of the partial classes needs to be in a file with the same filename. This is to know the one that can be referenced from ie. GameObjects
Refreshing native plugins compatible for Editor in 3.25 ms, found 3 plugins.
Native extension for Android target not found
Native extension for WindowsStandalone target not found
Native extension for WebGL target not found
[Package Manager] Failed to launch server process. Reason: Unity was launched with the -noUpm command-line argument
[Package Manager] Unable to send message (not connected to server process).
[Package Manager] Cannot connect to Unity Package Manager local server
[Package Manager] Failed to launch server process. Reason: Unity was launched with the -noUpm command-line argument
[Package Manager] Unable to send message (not connected to server process).
[Package Manager] Cannot connect to Unity Package Manager local server
ScheduleIndexationOnStartup MainProcess:False IndexOnStartup:True
Mono: successfully reloaded assembly
[Package Manager] Failed to launch server process. Reason: Unity was launched with the -noUpm command-line argument
[Package Manager] Unable to send message (not connected to server process).
[Package Manager] Cannot connect to Unity Package Manager local server
- Finished resetting the current domain, in  1.751 seconds
Domain Reload Profiling: 3392ms
	BeginReloadAssembly (437ms)
		ExecutionOrderSort (0ms)
		DisableScriptedObjects (12ms)
		BackupInstance (0ms)
		ReleaseScriptingObjects (0ms)
		CreateAndSetChildDomain (114ms)
	RebuildCommonClasses (63ms)
	RebuildNativeTypeToScriptingClass (25ms)
	initialDomainReloadingComplete (84ms)
	LoadAllAssembliesAndSetupDomain (1031ms)
		LoadAssemblies (645ms)
		RebuildTransferFunctionScriptingTraits (0ms)
		AnalyzeDomain (542ms)
			TypeCache.Refresh (15ms)
				TypeCache.ScanAssembly (0ms)
			BuildScriptInfoCaches (497ms)
			ResolveRequiredComponents (23ms)
	FinalizeReload (1752ms)
		ReleaseScriptCaches (0ms)
		RebuildScriptCaches (0ms)
		SetupLoadedEditorAssemblies (1347ms)
			LogAssemblyErrors (0ms)
			InitializePlatformSupportModulesInManaged (16ms)
			SetLoadedEditorAssemblies (7ms)
			BeforeProcessingInitializeOnLoad (363ms)
			ProcessInitializeOnLoadAttributes (670ms)
			ProcessInitializeOnLoadMethodAttributes (280ms)
			AfterProcessingInitializeOnLoad (9ms)
			EditorAssembliesLoaded (1ms)
		ExecutionOrderSort2 (0ms)
		AwakeInstancesAfterBackupRestoration (28ms)
Refreshing native plugins compatible for Editor in 2.66 ms, found 3 plugins.
Preloading 0 native plugins for Editor in 0.00 ms.
Unloading 7 Unused Serialized files (Serialized files now loaded: 0)
Unloading 10724 unused Assets / (5.7 MB). Loaded Objects now: 12076.
Memory consumption went from 279.8 MB to 274.1 MB.
Total: 22.599800 ms (FindLiveObjects: 1.681000 ms CreateObjectMapping: 1.394100 ms MarkObjects: 12.050300 ms  DeleteObjects: 7.472800 ms)

Prepare: number of updated asset objects reloaded= 0
========================================================================
Received Prepare
Begin MonoManager ReloadAssembly
Symbol file LoadedFromMemory is not a mono symbol file
- Loaded All Assemblies, in  1.798 seconds
'Packages/com.unity.cinemachine/Editor/Obsolete/CinemachineVirtualCameraBaseEditor.cs' contains partial class of Unity.Object, exactly 1 of the partial classes needs to be in a file with the same filename. This is to know the one that can be referenced from ie. GameObjects
'Packages/com.unity.cinemachine/Editor/Editors/CinemachineVirtualCameraBaseEditor.cs' contains partial class of Unity.Object, exactly 1 of the partial classes needs to be in a file with the same filename. This is to know the one that can be referenced from ie. GameObjects
Refreshing native plugins compatible for Editor in 2.62 ms, found 3 plugins.
Native extension for Android target not found
Native extension for WindowsStandalone target not found
Native extension for WebGL target not found
[Package Manager] Failed to launch server process. Reason: Unity was launched with the -noUpm command-line argument
[Package Manager] Unable to send message (not connected to server process).
[Package Manager] Cannot connect to Unity Package Manager local server
[Package Manager] Failed to launch server process. Reason: Unity was launched with the -noUpm command-line argument
[Package Manager] Unable to send message (not connected to server process).
[Package Manager] Cannot connect to Unity Package Manager local server
ScheduleIndexationOnStartup MainProcess:False IndexOnStartup:True
Mono: successfully reloaded assembly
[Package Manager] Failed to launch server process. Reason: Unity was launched with the -noUpm command-line argument
[Package Manager] Unable to send message (not connected to server process).
[Package Manager] Cannot connect to Unity Package Manager local server
- Finished resetting the current domain, in  1.579 seconds
Domain Reload Profiling: 3380ms
	BeginReloadAssembly (466ms)
		ExecutionOrderSort (0ms)
		DisableScriptedObjects (14ms)
		BackupInstance (0ms)
		ReleaseScriptingObjects (0ms)
		CreateAndSetChildDomain (119ms)
	RebuildCommonClasses (61ms)
	RebuildNativeTypeToScriptingClass (26ms)
	initialDomainReloadingComplete (87ms)
	LoadAllAssembliesAndSetupDomain (1160ms)
		LoadAssemblies (749ms)
		RebuildTransferFunctionScriptingTraits (0ms)
		AnalyzeDomain (590ms)
			TypeCache.Refresh (17ms)
				TypeCache.ScanAssembly (0ms)
			BuildScriptInfoCaches (542ms)
			ResolveRequiredComponents (24ms)
	FinalizeReload (1580ms)
		ReleaseScriptCaches (0ms)
		RebuildScriptCaches (0ms)
		SetupLoadedEditorAssemblies (1202ms)
			LogAssemblyErrors (0ms)
			InitializePlatformSupportModulesInManaged (16ms)
			SetLoadedEditorAssemblies (7ms)
			BeforeProcessingInitializeOnLoad (284ms)
			ProcessInitializeOnLoadAttributes (603ms)
			ProcessInitializeOnLoadMethodAttributes (282ms)
			AfterProcessingInitializeOnLoad (10ms)
			EditorAssembliesLoaded (1ms)
		ExecutionOrderSort2 (0ms)
		AwakeInstancesAfterBackupRestoration (28ms)
Refreshing native plugins compatible for Editor in 2.69 ms, found 3 plugins.
Preloading 0 native plugins for Editor in 0.00 ms.
Unloading 7 Unused Serialized files (Serialized files now loaded: 0)
Unloading 10724 unused Assets / (4.2 MB). Loaded Objects now: 12080.
Memory consumption went from 279.9 MB to 275.7 MB.
Total: 15.910300 ms (FindLiveObjects: 1.735500 ms CreateObjectMapping: 1.399800 ms MarkObjects: 9.079800 ms  DeleteObjects: 3.693900 ms)

Prepare: number of updated asset objects reloaded= 0
========================================================================
Received Prepare
Begin MonoManager ReloadAssembly
[Licensing::Client] Successfully resolved entitlement details
Symbol file LoadedFromMemory is not a mono symbol file
- Loaded All Assemblies, in  1.627 seconds
'Packages/com.unity.cinemachine/Editor/Obsolete/CinemachineVirtualCameraBaseEditor.cs' contains partial class of Unity.Object, exactly 1 of the partial classes needs to be in a file with the same filename. This is to know the one that can be referenced from ie. GameObjects
'Packages/com.unity.cinemachine/Editor/Editors/CinemachineVirtualCameraBaseEditor.cs' contains partial class of Unity.Object, exactly 1 of the partial classes needs to be in a file with the same filename. This is to know the one that can be referenced from ie. GameObjects
Refreshing native plugins compatible for Editor in 2.63 ms, found 3 plugins.
Native extension for Android target not found
Native extension for WindowsStandalone target not found
Native extension for WebGL target not found
[Package Manager] Failed to launch server process. Reason: Unity was launched with the -noUpm command-line argument
[Package Manager] Unable to send message (not connected to server process).
[Package Manager] Cannot connect to Unity Package Manager local server
[Package Manager] Failed to launch server process. Reason: Unity was launched with the -noUpm command-line argument
[Package Manager] Unable to send message (not connected to server process).
[Package Manager] Cannot connect to Unity Package Manager local server
ScheduleIndexationOnStartup MainProcess:False IndexOnStartup:True
Mono: successfully reloaded assembly
[Package Manager] Failed to launch server process. Reason: Unity was launched with the -noUpm command-line argument
[Package Manager] Unable to send message (not connected to server process).
[Package Manager] Cannot connect to Unity Package Manager local server
- Finished resetting the current domain, in  1.703 seconds
Domain Reload Profiling: 3334ms
	BeginReloadAssembly (444ms)
		ExecutionOrderSort (0ms)
		DisableScriptedObjects (12ms)
		BackupInstance (0ms)
		ReleaseScriptingObjects (0ms)
		CreateAndSetChildDomain (125ms)
	RebuildCommonClasses (61ms)
	RebuildNativeTypeToScriptingClass (26ms)
	initialDomainReloadingComplete (85ms)
	LoadAllAssembliesAndSetupDomain (1014ms)
		LoadAssemblies (649ms)
		RebuildTransferFunctionScriptingTraits (0ms)
		AnalyzeDomain (545ms)
			TypeCache.Refresh (15ms)
				TypeCache.ScanAssembly (0ms)
			BuildScriptInfoCaches (498ms)
			ResolveRequiredComponents (24ms)
	FinalizeReload (1704ms)
		ReleaseScriptCaches (0ms)
		RebuildScriptCaches (0ms)
		SetupLoadedEditorAssemblies (1298ms)
			LogAssemblyErrors (0ms)
			InitializePlatformSupportModulesInManaged (16ms)
			SetLoadedEditorAssemblies (7ms)
			BeforeProcessingInitializeOnLoad (302ms)
			ProcessInitializeOnLoadAttributes (664ms)
			ProcessInitializeOnLoadMethodAttributes (298ms)
			AfterProcessingInitializeOnLoad (10ms)
			EditorAssembliesLoaded (1ms)
		ExecutionOrderSort2 (0ms)
		AwakeInstancesAfterBackupRestoration (29ms)
Refreshing native plugins compatible for Editor in 2.55 ms, found 3 plugins.
Preloading 0 native plugins for Editor in 0.00 ms.
Unloading 7 Unused Serialized files (Serialized files now loaded: 0)
Unloading 10724 unused Assets / (4.2 MB). Loaded Objects now: 12084.
Memory consumption went from 280.0 MB to 275.8 MB.
Total: 16.257500 ms (FindLiveObjects: 1.759000 ms CreateObjectMapping: 1.528100 ms MarkObjects: 9.146100 ms  DeleteObjects: 3.823400 ms)

Prepare: number of updated asset objects reloaded= 0
========================================================================
Received Prepare
'Packages/com.unity.cinemachine/Editor/Obsolete/CinemachineVirtualCameraBaseEditor.cs' contains partial class of Unity.Object, exactly 1 of the partial classes needs to be in a file with the same filename. This is to know the one that can be referenced from ie. GameObjects
'Packages/com.unity.cinemachine/Editor/Editors/CinemachineVirtualCameraBaseEditor.cs' contains partial class of Unity.Object, exactly 1 of the partial classes needs to be in a file with the same filename. This is to know the one that can be referenced from ie. GameObjects
Refreshing native plugins compatible for Editor in 3.04 ms, found 3 plugins.
Preloading 0 native plugins for Editor in 0.00 ms.
Unloading 7 Unused Serialized files (Serialized files now loaded: 0)
Unloading 10707 unused Assets / (5.6 MB). Loaded Objects now: 12084.
Memory consumption went from 274.7 MB to 269.1 MB.
Total: 26.883100 ms (FindLiveObjects: 1.964400 ms CreateObjectMapping: 2.198200 ms MarkObjects: 16.551700 ms  DeleteObjects: 6.166700 ms)

Prepare: number of updated asset objects reloaded= 0
========================================================================
Received Prepare
Begin MonoManager ReloadAssembly
[Licensing::Client] Successfully resolved entitlement details
Symbol file LoadedFromMemory is not a mono symbol file
- Loaded All Assemblies, in  1.777 seconds
'Packages/com.unity.cinemachine/Editor/Obsolete/CinemachineVirtualCameraBaseEditor.cs' contains partial class of Unity.Object, exactly 1 of the partial classes needs to be in a file with the same filename. This is to know the one that can be referenced from ie. GameObjects
'Packages/com.unity.cinemachine/Editor/Editors/CinemachineVirtualCameraBaseEditor.cs' contains partial class of Unity.Object, exactly 1 of the partial classes needs to be in a file with the same filename. This is to know the one that can be referenced from ie. GameObjects
Refreshing native plugins compatible for Editor in 2.65 ms, found 3 plugins.
Native extension for Android target not found
Native extension for WindowsStandalone target not found
Native extension for WebGL target not found
[Package Manager] Failed to launch server process. Reason: Unity was launched with the -noUpm command-line argument
[Package Manager] Unable to send message (not connected to server process).
[Package Manager] Cannot connect to Unity Package Manager local server
[Package Manager] Failed to launch server process. Reason: Unity was launched with the -noUpm command-line argument
[Package Manager] Unable to send message (not connected to server process).
[Package Manager] Cannot connect to Unity Package Manager local server
ScheduleIndexationOnStartup MainProcess:False IndexOnStartup:True
Mono: successfully reloaded assembly
[Package Manager] Failed to launch server process. Reason: Unity was launched with the -noUpm command-line argument
[Package Manager] Unable to send message (not connected to server process).
[Package Manager] Cannot connect to Unity Package Manager local server
- Finished resetting the current domain, in  1.657 seconds
Domain Reload Profiling: 3436ms
	BeginReloadAssembly (464ms)
		ExecutionOrderSort (0ms)
		DisableScriptedObjects (18ms)
		BackupInstance (0ms)
		ReleaseScriptingObjects (0ms)
		CreateAndSetChildDomain (105ms)
	RebuildCommonClasses (73ms)
	RebuildNativeTypeToScriptingClass (30ms)
	initialDomainReloadingComplete (101ms)
	LoadAllAssembliesAndSetupDomain (1110ms)
		LoadAssemblies (727ms)
		RebuildTransferFunctionScriptingTraits (0ms)
		AnalyzeDomain (571ms)
			TypeCache.Refresh (24ms)
				TypeCache.ScanAssembly (2ms)
			BuildScriptInfoCaches (516ms)
			ResolveRequiredComponents (24ms)
	FinalizeReload (1658ms)
		ReleaseScriptCaches (0ms)
		RebuildScriptCaches (0ms)
		SetupLoadedEditorAssemblies (1270ms)
			LogAssemblyErrors (0ms)
			InitializePlatformSupportModulesInManaged (16ms)
			SetLoadedEditorAssemblies (7ms)
			BeforeProcessingInitializeOnLoad (321ms)
			ProcessInitializeOnLoadAttributes (611ms)
			ProcessInitializeOnLoadMethodAttributes (303ms)
			AfterProcessingInitializeOnLoad (11ms)
			EditorAssembliesLoaded (1ms)
		ExecutionOrderSort2 (0ms)
		AwakeInstancesAfterBackupRestoration (29ms)
Refreshing native plugins compatible for Editor in 2.58 ms, found 3 plugins.
Preloading 0 native plugins for Editor in 0.00 ms.
Unloading 7 Unused Serialized files (Serialized files now loaded: 0)
Unloading 10724 unused Assets / (4.2 MB). Loaded Objects now: 12088.
Memory consumption went from 280.1 MB to 276.0 MB.
Total: 18.237400 ms (FindLiveObjects: 2.484600 ms CreateObjectMapping: 2.600700 ms MarkObjects: 9.297400 ms  DeleteObjects: 3.850000 ms)

Prepare: number of updated asset objects reloaded= 0
========================================================================
Received Prepare
'Packages/com.unity.cinemachine/Editor/Obsolete/CinemachineVirtualCameraBaseEditor.cs' contains partial class of Unity.Object, exactly 1 of the partial classes needs to be in a file with the same filename. This is to know the one that can be referenced from ie. GameObjects
'Packages/com.unity.cinemachine/Editor/Editors/CinemachineVirtualCameraBaseEditor.cs' contains partial class of Unity.Object, exactly 1 of the partial classes needs to be in a file with the same filename. This is to know the one that can be referenced from ie. GameObjects
Refreshing native plugins compatible for Editor in 2.74 ms, found 3 plugins.
Preloading 0 native plugins for Editor in 0.00 ms.
Unloading 7 Unused Serialized files (Serialized files now loaded: 0)
Unloading 10707 unused Assets / (6.3 MB). Loaded Objects now: 12088.
Memory consumption went from 274.8 MB to 268.5 MB.
Total: 37.677900 ms (FindLiveObjects: 1.711000 ms CreateObjectMapping: 1.428500 ms MarkObjects: 25.998400 ms  DeleteObjects: 8.538600 ms)

Prepare: number of updated asset objects reloaded= 0
========================================================================
Received Prepare
Begin MonoManager ReloadAssembly
[Licensing::Client] Successfully resolved entitlement details
Symbol file LoadedFromMemory is not a mono symbol file
- Loaded All Assemblies, in  1.785 seconds
'Packages/com.unity.cinemachine/Editor/Obsolete/CinemachineVirtualCameraBaseEditor.cs' contains partial class of Unity.Object, exactly 1 of the partial classes needs to be in a file with the same filename. This is to know the one that can be referenced from ie. GameObjects
'Packages/com.unity.cinemachine/Editor/Editors/CinemachineVirtualCameraBaseEditor.cs' contains partial class of Unity.Object, exactly 1 of the partial classes needs to be in a file with the same filename. This is to know the one that can be referenced from ie. GameObjects
Refreshing native plugins compatible for Editor in 2.57 ms, found 3 plugins.
Native extension for Android target not found
Native extension for WindowsStandalone target not found
Native extension for WebGL target not found
[Package Manager] Failed to launch server process. Reason: Unity was launched with the -noUpm command-line argument
[Package Manager] Unable to send message (not connected to server process).
[Package Manager] Cannot connect to Unity Package Manager local server
[Package Manager] Failed to launch server process. Reason: Unity was launched with the -noUpm command-line argument
[Package Manager] Unable to send message (not connected to server process).
[Package Manager] Cannot connect to Unity Package Manager local server
ScheduleIndexationOnStartup MainProcess:False IndexOnStartup:True
Mono: successfully reloaded assembly
[Package Manager] Failed to launch server process. Reason: Unity was launched with the -noUpm command-line argument
[Package Manager] Unable to send message (not connected to server process).
[Package Manager] Cannot connect to Unity Package Manager local server
- Finished resetting the current domain, in  1.776 seconds
Domain Reload Profiling: 3564ms
	BeginReloadAssembly (490ms)
		ExecutionOrderSort (0ms)
		DisableScriptedObjects (13ms)
		BackupInstance (0ms)
		ReleaseScriptingObjects (0ms)
		CreateAndSetChildDomain (142ms)
	RebuildCommonClasses (72ms)
	RebuildNativeTypeToScriptingClass (25ms)
	initialDomainReloadingComplete (84ms)
	LoadAllAssembliesAndSetupDomain (1117ms)
		LoadAssemblies (663ms)
		RebuildTransferFunctionScriptingTraits (0ms)
		AnalyzeDomain (638ms)
			TypeCache.Refresh (24ms)
				TypeCache.ScanAssembly (2ms)
			BuildScriptInfoCaches (581ms)
			ResolveRequiredComponents (25ms)
	FinalizeReload (1777ms)
		ReleaseScriptCaches (0ms)
		RebuildScriptCaches (0ms)
		SetupLoadedEditorAssemblies (1377ms)
			LogAssemblyErrors (0ms)
			InitializePlatformSupportModulesInManaged (16ms)
			SetLoadedEditorAssemblies (7ms)
			BeforeProcessingInitializeOnLoad (306ms)
			ProcessInitializeOnLoadAttributes (707ms)
			ProcessInitializeOnLoadMethodAttributes (329ms)
			AfterProcessingInitializeOnLoad (9ms)
			EditorAssembliesLoaded (1ms)
		ExecutionOrderSort2 (0ms)
		AwakeInstancesAfterBackupRestoration (36ms)
Refreshing native plugins compatible for Editor in 2.58 ms, found 3 plugins.
Preloading 0 native plugins for Editor in 0.00 ms.
Unloading 7 Unused Serialized files (Serialized files now loaded: 0)
Unloading 10724 unused Assets / (5.3 MB). Loaded Objects now: 12092.
Memory consumption went from 280.2 MB to 274.9 MB.
Total: 19.800900 ms (FindLiveObjects: 1.701800 ms CreateObjectMapping: 1.954200 ms MarkObjects: 11.739900 ms  DeleteObjects: 4.404000 ms)

Prepare: number of updated asset objects reloaded= 0
========================================================================
Received Prepare
Begin MonoManager ReloadAssembly
Symbol file LoadedFromMemory is not a mono symbol file
- Loaded All Assemblies, in  1.646 seconds
'Packages/com.unity.cinemachine/Editor/Obsolete/CinemachineVirtualCameraBaseEditor.cs' contains partial class of Unity.Object, exactly 1 of the partial classes needs to be in a file with the same filename. This is to know the one that can be referenced from ie. GameObjects
'Packages/com.unity.cinemachine/Editor/Editors/CinemachineVirtualCameraBaseEditor.cs' contains partial class of Unity.Object, exactly 1 of the partial classes needs to be in a file with the same filename. This is to know the one that can be referenced from ie. GameObjects
Refreshing native plugins compatible for Editor in 2.52 ms, found 3 plugins.
Native extension for Android target not found
Native extension for WindowsStandalone target not found
Native extension for WebGL target not found
[Package Manager] Failed to launch server process. Reason: Unity was launched with the -noUpm command-line argument
[Package Manager] Unable to send message (not connected to server process).
[Package Manager] Cannot connect to Unity Package Manager local server
[Package Manager] Failed to launch server process. Reason: Unity was launched with the -noUpm command-line argument
[Package Manager] Unable to send message (not connected to server process).
[Package Manager] Cannot connect to Unity Package Manager local server
ScheduleIndexationOnStartup MainProcess:False IndexOnStartup:True
Mono: successfully reloaded assembly
[Package Manager] Failed to launch server process. Reason: Unity was launched with the -noUpm command-line argument
[Package Manager] Unable to send message (not connected to server process).
[Package Manager] Cannot connect to Unity Package Manager local server
- Finished resetting the current domain, in  1.650 seconds
Domain Reload Profiling: 3298ms
	BeginReloadAssembly (458ms)
		ExecutionOrderSort (0ms)
		DisableScriptedObjects (12ms)
		BackupInstance (0ms)
		ReleaseScriptingObjects (0ms)
		CreateAndSetChildDomain (129ms)
	RebuildCommonClasses (61ms)
	RebuildNativeTypeToScriptingClass (26ms)
	initialDomainReloadingComplete (85ms)
	LoadAllAssembliesAndSetupDomain (1017ms)
		LoadAssemblies (635ms)
		RebuildTransferFunctionScriptingTraits (0ms)
		AnalyzeDomain (543ms)
			TypeCache.Refresh (15ms)
				TypeCache.ScanAssembly (0ms)
			BuildScriptInfoCaches (498ms)
			ResolveRequiredComponents (23ms)
	FinalizeReload (1650ms)
		ReleaseScriptCaches (0ms)
		RebuildScriptCaches (0ms)
		SetupLoadedEditorAssemblies (1265ms)
			LogAssemblyErrors (0ms)
			InitializePlatformSupportModulesInManaged (17ms)
			SetLoadedEditorAssemblies (8ms)
			BeforeProcessingInitializeOnLoad (323ms)
			ProcessInitializeOnLoadAttributes (615ms)
			ProcessInitializeOnLoadMethodAttributes (291ms)
			AfterProcessingInitializeOnLoad (10ms)
			EditorAssembliesLoaded (1ms)
		ExecutionOrderSort2 (0ms)
		AwakeInstancesAfterBackupRestoration (32ms)
Refreshing native plugins compatible for Editor in 2.53 ms, found 3 plugins.
Preloading 0 native plugins for Editor in 0.00 ms.
Unloading 7 Unused Serialized files (Serialized files now loaded: 0)
Unloading 10724 unused Assets / (4.3 MB). Loaded Objects now: 12096.
Memory consumption went from 280.4 MB to 276.0 MB.
Total: 17.896100 ms (FindLiveObjects: 1.712900 ms CreateObjectMapping: 1.972700 ms MarkObjects: 10.011000 ms  DeleteObjects: 4.198300 ms)

Prepare: number of updated asset objects reloaded= 0
========================================================================
Received Prepare
'Packages/com.unity.cinemachine/Editor/Obsolete/CinemachineVirtualCameraBaseEditor.cs' contains partial class of Unity.Object, exactly 1 of the partial classes needs to be in a file with the same filename. This is to know the one that can be referenced from ie. GameObjects
'Packages/com.unity.cinemachine/Editor/Editors/CinemachineVirtualCameraBaseEditor.cs' contains partial class of Unity.Object, exactly 1 of the partial classes needs to be in a file with the same filename. This is to know the one that can be referenced from ie. GameObjects
Refreshing native plugins compatible for Editor in 2.59 ms, found 3 plugins.
Preloading 0 native plugins for Editor in 0.00 ms.
Unloading 7 Unused Serialized files (Serialized files now loaded: 0)
Unloading 10707 unused Assets / (5.7 MB). Loaded Objects now: 12096.
Memory consumption went from 275.0 MB to 269.3 MB.
Total: 25.943800 ms (FindLiveObjects: 1.754300 ms CreateObjectMapping: 2.172600 ms MarkObjects: 15.716100 ms  DeleteObjects: 6.298400 ms)

Prepare: number of updated asset objects reloaded= 0
========================================================================
Received Prepare
Begin MonoManager ReloadAssembly
[Licensing::Client] Successfully resolved entitlement details
Symbol file LoadedFromMemory is not a mono symbol file
- Loaded All Assemblies, in  1.703 seconds
'Packages/com.unity.cinemachine/Editor/Obsolete/CinemachineVirtualCameraBaseEditor.cs' contains partial class of Unity.Object, exactly 1 of the partial classes needs to be in a file with the same filename. This is to know the one that can be referenced from ie. GameObjects
'Packages/com.unity.cinemachine/Editor/Editors/CinemachineVirtualCameraBaseEditor.cs' contains partial class of Unity.Object, exactly 1 of the partial classes needs to be in a file with the same filename. This is to know the one that can be referenced from ie. GameObjects
Refreshing native plugins compatible for Editor in 2.55 ms, found 3 plugins.
Native extension for Android target not found
Native extension for WindowsStandalone target not found
Native extension for WebGL target not found
[Package Manager] Failed to launch server process. Reason: Unity was launched with the -noUpm command-line argument
[Package Manager] Unable to send message (not connected to server process).
[Package Manager] Cannot connect to Unity Package Manager local server
[Package Manager] Failed to launch server process. Reason: Unity was launched with the -noUpm command-line argument
[Package Manager] Unable to send message (not connected to server process).
[Package Manager] Cannot connect to Unity Package Manager local server
ScheduleIndexationOnStartup MainProcess:False IndexOnStartup:True
Mono: successfully reloaded assembly
[Package Manager] Failed to launch server process. Reason: Unity was launched with the -noUpm command-line argument
[Package Manager] Unable to send message (not connected to server process).
[Package Manager] Cannot connect to Unity Package Manager local server
- Finished resetting the current domain, in  1.646 seconds
Domain Reload Profiling: 3352ms
	BeginReloadAssembly (434ms)
		ExecutionOrderSort (0ms)
		DisableScriptedObjects (15ms)
		BackupInstance (0ms)
		ReleaseScriptingObjects (0ms)
		CreateAndSetChildDomain (104ms)
	RebuildCommonClasses (61ms)
	RebuildNativeTypeToScriptingClass (26ms)
	initialDomainReloadingComplete (84ms)
	LoadAllAssembliesAndSetupDomain (1100ms)
		LoadAssemblies (713ms)
		RebuildTransferFunctionScriptingTraits (0ms)
		AnalyzeDomain (560ms)
			TypeCache.Refresh (24ms)
				TypeCache.ScanAssembly (2ms)
			BuildScriptInfoCaches (504ms)
			ResolveRequiredComponents (24ms)
	FinalizeReload (1647ms)
		ReleaseScriptCaches (0ms)
		RebuildScriptCaches (0ms)
		SetupLoadedEditorAssemblies (1240ms)
			LogAssemblyErrors (0ms)
			InitializePlatformSupportModulesInManaged (16ms)
			SetLoadedEditorAssemblies (7ms)
			BeforeProcessingInitializeOnLoad (322ms)
			ProcessInitializeOnLoadAttributes (588ms)
			ProcessInitializeOnLoadMethodAttributes (296ms)
			AfterProcessingInitializeOnLoad (9ms)
			EditorAssembliesLoaded (1ms)
		ExecutionOrderSort2 (0ms)
		AwakeInstancesAfterBackupRestoration (33ms)
Refreshing native plugins compatible for Editor in 3.12 ms, found 3 plugins.
Preloading 0 native plugins for Editor in 0.00 ms.
Unloading 7 Unused Serialized files (Serialized files now loaded: 0)
Unloading 10724 unused Assets / (4.2 MB). Loaded Objects now: 12100.
Memory consumption went from 280.4 MB to 276.2 MB.
Total: 16.326800 ms (FindLiveObjects: 1.661600 ms CreateObjectMapping: 1.533300 ms MarkObjects: 9.244600 ms  DeleteObjects: 3.886400 ms)

Prepare: number of updated asset objects reloaded= 0
========================================================================
Received Prepare
Begin MonoManager ReloadAssembly
Symbol file LoadedFromMemory is not a mono symbol file
- Loaded All Assemblies, in  1.832 seconds
'Packages/com.unity.cinemachine/Editor/Obsolete/CinemachineVirtualCameraBaseEditor.cs' contains partial class of Unity.Object, exactly 1 of the partial classes needs to be in a file with the same filename. This is to know the one that can be referenced from ie. GameObjects
'Packages/com.unity.cinemachine/Editor/Editors/CinemachineVirtualCameraBaseEditor.cs' contains partial class of Unity.Object, exactly 1 of the partial classes needs to be in a file with the same filename. This is to know the one that can be referenced from ie. GameObjects
Refreshing native plugins compatible for Editor in 2.59 ms, found 3 plugins.
Native extension for Android target not found
Native extension for WindowsStandalone target not found
Native extension for WebGL target not found
[Package Manager] Failed to launch server process. Reason: Unity was launched with the -noUpm command-line argument
[Package Manager] Unable to send message (not connected to server process).
[Package Manager] Cannot connect to Unity Package Manager local server
[Package Manager] Failed to launch server process. Reason: Unity was launched with the -noUpm command-line argument
[Package Manager] Unable to send message (not connected to server process).
[Package Manager] Cannot connect to Unity Package Manager local server
ScheduleIndexationOnStartup MainProcess:False IndexOnStartup:True
Mono: successfully reloaded assembly
[Package Manager] Failed to launch server process. Reason: Unity was launched with the -noUpm command-line argument
[Package Manager] Unable to send message (not connected to server process).
[Package Manager] Cannot connect to Unity Package Manager local server
- Finished resetting the current domain, in  1.826 seconds
Domain Reload Profiling: 3667ms
	BeginReloadAssembly (507ms)
		ExecutionOrderSort (0ms)
		DisableScriptedObjects (23ms)
		BackupInstance (0ms)
		ReleaseScriptingObjects (0ms)
		CreateAndSetChildDomain (109ms)
	RebuildCommonClasses (74ms)
	RebuildNativeTypeToScriptingClass (35ms)
	initialDomainReloadingComplete (101ms)
	LoadAllAssembliesAndSetupDomain (1124ms)
		LoadAssemblies (725ms)
		RebuildTransferFunctionScriptingTraits (0ms)
		AnalyzeDomain (582ms)
			TypeCache.Refresh (16ms)
				TypeCache.ScanAssembly (0ms)
			BuildScriptInfoCaches (528ms)
			ResolveRequiredComponents (28ms)
	FinalizeReload (1827ms)
		ReleaseScriptCaches (0ms)
		RebuildScriptCaches (0ms)
		SetupLoadedEditorAssemblies (1409ms)
			LogAssemblyErrors (0ms)
			InitializePlatformSupportModulesInManaged (19ms)
			SetLoadedEditorAssemblies (14ms)
			BeforeProcessingInitializeOnLoad (342ms)
			ProcessInitializeOnLoadAttributes (720ms)
			ProcessInitializeOnLoadMethodAttributes (302ms)
			AfterProcessingInitializeOnLoad (11ms)
			EditorAssembliesLoaded (1ms)
		ExecutionOrderSort2 (0ms)
		AwakeInstancesAfterBackupRestoration (34ms)
Refreshing native plugins compatible for Editor in 4.67 ms, found 3 plugins.
Preloading 0 native plugins for Editor in 0.00 ms.
Unloading 7 Unused Serialized files (Serialized files now loaded: 0)
Unloading 10724 unused Assets / (5.8 MB). Loaded Objects now: 12104.
Memory consumption went from 280.6 MB to 274.7 MB.
Total: 20.086100 ms (FindLiveObjects: 1.850800 ms CreateObjectMapping: 1.447100 ms MarkObjects: 9.362300 ms  DeleteObjects: 7.424500 ms)

Prepare: number of updated asset objects reloaded= 0
========================================================================
Received Prepare
'Packages/com.unity.cinemachine/Editor/Obsolete/CinemachineVirtualCameraBaseEditor.cs' contains partial class of Unity.Object, exactly 1 of the partial classes needs to be in a file with the same filename. This is to know the one that can be referenced from ie. GameObjects
'Packages/com.unity.cinemachine/Editor/Editors/CinemachineVirtualCameraBaseEditor.cs' contains partial class of Unity.Object, exactly 1 of the partial classes needs to be in a file with the same filename. This is to know the one that can be referenced from ie. GameObjects
Refreshing native plugins compatible for Editor in 2.87 ms, found 3 plugins.
Preloading 0 native plugins for Editor in 0.00 ms.
Unloading 7 Unused Serialized files (Serialized files now loaded: 0)
Unloading 10707 unused Assets / (5.5 MB). Loaded Objects now: 12104.
Memory consumption went from 275.2 MB to 269.7 MB.
Total: 22.012800 ms (FindLiveObjects: 1.839700 ms CreateObjectMapping: 1.740700 ms MarkObjects: 13.582700 ms  DeleteObjects: 4.848200 ms)

Prepare: number of updated asset objects reloaded= 0
========================================================================
Received Prepare
Begin MonoManager ReloadAssembly
[Licensing::Client] Successfully resolved entitlement details
Symbol file LoadedFromMemory is not a mono symbol file
- Loaded All Assemblies, in  1.673 seconds
'Packages/com.unity.cinemachine/Editor/Obsolete/CinemachineVirtualCameraBaseEditor.cs' contains partial class of Unity.Object, exactly 1 of the partial classes needs to be in a file with the same filename. This is to know the one that can be referenced from ie. GameObjects
'Packages/com.unity.cinemachine/Editor/Editors/CinemachineVirtualCameraBaseEditor.cs' contains partial class of Unity.Object, exactly 1 of the partial classes needs to be in a file with the same filename. This is to know the one that can be referenced from ie. GameObjects
Refreshing native plugins compatible for Editor in 2.58 ms, found 3 plugins.
Native extension for Android target not found
Native extension for WindowsStandalone target not found
Native extension for WebGL target not found
[Package Manager] Failed to launch server process. Reason: Unity was launched with the -noUpm command-line argument
[Package Manager] Unable to send message (not connected to server process).
[Package Manager] Cannot connect to Unity Package Manager local server
[Package Manager] Failed to launch server process. Reason: Unity was launched with the -noUpm command-line argument
[Package Manager] Unable to send message (not connected to server process).
[Package Manager] Cannot connect to Unity Package Manager local server
ScheduleIndexationOnStartup MainProcess:False IndexOnStartup:True
Mono: successfully reloaded assembly
[Package Manager] Failed to launch server process. Reason: Unity was launched with the -noUpm command-line argument
[Package Manager] Unable to send message (not connected to server process).
[Package Manager] Cannot connect to Unity Package Manager local server
- Finished resetting the current domain, in  1.703 seconds
Domain Reload Profiling: 3379ms
	BeginReloadAssembly (460ms)
		ExecutionOrderSort (0ms)
		DisableScriptedObjects (15ms)
		BackupInstance (0ms)
		ReleaseScriptingObjects (0ms)
		CreateAndSetChildDomain (125ms)
	RebuildCommonClasses (60ms)
	RebuildNativeTypeToScriptingClass (25ms)
	initialDomainReloadingComplete (84ms)
	LoadAllAssembliesAndSetupDomain (1046ms)
		LoadAssemblies (671ms)
		RebuildTransferFunctionScriptingTraits (0ms)
		AnalyzeDomain (551ms)
			TypeCache.Refresh (24ms)
				TypeCache.ScanAssembly (2ms)
			BuildScriptInfoCaches (496ms)
			ResolveRequiredComponents (24ms)
	FinalizeReload (1704ms)
		ReleaseScriptCaches (0ms)
		RebuildScriptCaches (0ms)
		SetupLoadedEditorAssemblies (1291ms)
			LogAssemblyErrors (0ms)
			InitializePlatformSupportModulesInManaged (19ms)
			SetLoadedEditorAssemblies (11ms)
			BeforeProcessingInitializeOnLoad (334ms)
			ProcessInitializeOnLoadAttributes (633ms)
			ProcessInitializeOnLoadMethodAttributes (285ms)
			AfterProcessingInitializeOnLoad (9ms)
			EditorAssembliesLoaded (1ms)
		ExecutionOrderSort2 (0ms)
		AwakeInstancesAfterBackupRestoration (47ms)
Refreshing native plugins compatible for Editor in 2.50 ms, found 3 plugins.
Preloading 0 native plugins for Editor in 0.00 ms.
Unloading 7 Unused Serialized files (Serialized files now loaded: 0)
Unloading 10724 unused Assets / (4.2 MB). Loaded Objects now: 12108.
Memory consumption went from 280.6 MB to 276.4 MB.
Total: 23.003900 ms (FindLiveObjects: 1.694700 ms CreateObjectMapping: 1.516900 ms MarkObjects: 15.887500 ms  DeleteObjects: 3.903900 ms)

Prepare: number of updated asset objects reloaded= 0
========================================================================
Received Prepare
Begin MonoManager ReloadAssembly
Symbol file LoadedFromMemory is not a mono symbol file
- Loaded All Assemblies, in  1.732 seconds
'Packages/com.unity.cinemachine/Editor/Obsolete/CinemachineVirtualCameraBaseEditor.cs' contains partial class of Unity.Object, exactly 1 of the partial classes needs to be in a file with the same filename. This is to know the one that can be referenced from ie. GameObjects
'Packages/com.unity.cinemachine/Editor/Editors/CinemachineVirtualCameraBaseEditor.cs' contains partial class of Unity.Object, exactly 1 of the partial classes needs to be in a file with the same filename. This is to know the one that can be referenced from ie. GameObjects
Refreshing native plugins compatible for Editor in 2.87 ms, found 3 plugins.
Native extension for Android target not found
Native extension for WindowsStandalone target not found
Native extension for WebGL target not found
[Package Manager] Failed to launch server process. Reason: Unity was launched with the -noUpm command-line argument
[Package Manager] Unable to send message (not connected to server process).
[Package Manager] Cannot connect to Unity Package Manager local server
[Package Manager] Failed to launch server process. Reason: Unity was launched with the -noUpm command-line argument
[Package Manager] Unable to send message (not connected to server process).
[Package Manager] Cannot connect to Unity Package Manager local server
ScheduleIndexationOnStartup MainProcess:False IndexOnStartup:True
Mono: successfully reloaded assembly
[Package Manager] Failed to launch server process. Reason: Unity was launched with the -noUpm command-line argument
[Package Manager] Unable to send message (not connected to server process).
[Package Manager] Cannot connect to Unity Package Manager local server
- Finished resetting the current domain, in  1.667 seconds
Domain Reload Profiling: 3401ms
	BeginReloadAssembly (491ms)
		ExecutionOrderSort (0ms)
		DisableScriptedObjects (15ms)
		BackupInstance (0ms)
		ReleaseScriptingObjects (0ms)
		CreateAndSetChildDomain (120ms)
	RebuildCommonClasses (78ms)
	RebuildNativeTypeToScriptingClass (33ms)
	initialDomainReloadingComplete (94ms)
	LoadAllAssembliesAndSetupDomain (1039ms)
		LoadAssemblies (686ms)
		RebuildTransferFunctionScriptingTraits (0ms)
		AnalyzeDomain (540ms)
			TypeCache.Refresh (15ms)
				TypeCache.ScanAssembly (0ms)
			BuildScriptInfoCaches (494ms)
			ResolveRequiredComponents (24ms)
	FinalizeReload (1667ms)
		ReleaseScriptCaches (0ms)
		RebuildScriptCaches (0ms)
		SetupLoadedEditorAssemblies (1272ms)
			LogAssemblyErrors (0ms)
			InitializePlatformSupportModulesInManaged (16ms)
			SetLoadedEditorAssemblies (7ms)
			BeforeProcessingInitializeOnLoad (330ms)
			ProcessInitializeOnLoadAttributes (597ms)
			ProcessInitializeOnLoadMethodAttributes (307ms)
			AfterProcessingInitializeOnLoad (13ms)
			EditorAssembliesLoaded (1ms)
		ExecutionOrderSort2 (0ms)
		AwakeInstancesAfterBackupRestoration (35ms)
Refreshing native plugins compatible for Editor in 2.53 ms, found 3 plugins.
Preloading 0 native plugins for Editor in 0.00 ms.
Unloading 7 Unused Serialized files (Serialized files now loaded: 0)
Unloading 10724 unused Assets / (5.5 MB). Loaded Objects now: 12112.
Memory consumption went from 280.8 MB to 275.3 MB.
Total: 18.894500 ms (FindLiveObjects: 1.720200 ms CreateObjectMapping: 2.114900 ms MarkObjects: 10.019100 ms  DeleteObjects: 5.039100 ms)

Prepare: number of updated asset objects reloaded= 0
========================================================================
Received Prepare
Begin MonoManager ReloadAssembly
Symbol file LoadedFromMemory is not a mono symbol file
- Loaded All Assemblies, in  1.766 seconds
'Packages/com.unity.cinemachine/Editor/Obsolete/CinemachineVirtualCameraBaseEditor.cs' contains partial class of Unity.Object, exactly 1 of the partial classes needs to be in a file with the same filename. This is to know the one that can be referenced from ie. GameObjects
'Packages/com.unity.cinemachine/Editor/Editors/CinemachineVirtualCameraBaseEditor.cs' contains partial class of Unity.Object, exactly 1 of the partial classes needs to be in a file with the same filename. This is to know the one that can be referenced from ie. GameObjects
Refreshing native plugins compatible for Editor in 3.22 ms, found 3 plugins.
Native extension for Android target not found
Native extension for WindowsStandalone target not found
Native extension for WebGL target not found
[Package Manager] Failed to launch server process. Reason: Unity was launched with the -noUpm command-line argument
[Package Manager] Unable to send message (not connected to server process).
[Package Manager] Cannot connect to Unity Package Manager local server
[Package Manager] Failed to launch server process. Reason: Unity was launched with the -noUpm command-line argument
[Package Manager] Unable to send message (not connected to server process).
[Package Manager] Cannot connect to Unity Package Manager local server
ScheduleIndexationOnStartup MainProcess:False IndexOnStartup:True
Mono: successfully reloaded assembly
[Package Manager] Failed to launch server process. Reason: Unity was launched with the -noUpm command-line argument
[Package Manager] Unable to send message (not connected to server process).
[Package Manager] Cannot connect to Unity Package Manager local server
- Finished resetting the current domain, in  1.716 seconds
Domain Reload Profiling: 3484ms
	BeginReloadAssembly (454ms)
		ExecutionOrderSort (0ms)
		DisableScriptedObjects (14ms)
		BackupInstance (0ms)
		ReleaseScriptingObjects (0ms)
		CreateAndSetChildDomain (131ms)
	RebuildCommonClasses (61ms)
	RebuildNativeTypeToScriptingClass (25ms)
	initialDomainReloadingComplete (84ms)
	LoadAllAssembliesAndSetupDomain (1144ms)
		LoadAssemblies (737ms)
		RebuildTransferFunctionScriptingTraits (0ms)
		AnalyzeDomain (564ms)
			TypeCache.Refresh (17ms)
				TypeCache.ScanAssembly (0ms)
			BuildScriptInfoCaches (516ms)
			ResolveRequiredComponents (23ms)
	FinalizeReload (1717ms)
		ReleaseScriptCaches (0ms)
		RebuildScriptCaches (0ms)
		SetupLoadedEditorAssemblies (1310ms)
			LogAssemblyErrors (0ms)
			InitializePlatformSupportModulesInManaged (16ms)
			SetLoadedEditorAssemblies (11ms)
			BeforeProcessingInitializeOnLoad (344ms)
			ProcessInitializeOnLoadAttributes (645ms)
			ProcessInitializeOnLoadMethodAttributes (282ms)
			AfterProcessingInitializeOnLoad (10ms)
			EditorAssembliesLoaded (1ms)
		ExecutionOrderSort2 (0ms)
		AwakeInstancesAfterBackupRestoration (30ms)
Refreshing native plugins compatible for Editor in 2.44 ms, found 3 plugins.
Preloading 0 native plugins for Editor in 0.00 ms.
Unloading 7 Unused Serialized files (Serialized files now loaded: 0)
Unloading 10724 unused Assets / (4.2 MB). Loaded Objects now: 12116.
Memory consumption went from 280.9 MB to 276.7 MB.
Total: 19.176000 ms (FindLiveObjects: 1.779800 ms CreateObjectMapping: 1.471700 ms MarkObjects: 12.235200 ms  DeleteObjects: 3.688000 ms)

Prepare: number of updated asset objects reloaded= 0
========================================================================
Received Prepare
Begin MonoManager ReloadAssembly
[Licensing::Client] Successfully resolved entitlement details
Symbol file LoadedFromMemory is not a mono symbol file
- Loaded All Assemblies, in  1.737 seconds
'Packages/com.unity.cinemachine/Editor/Obsolete/CinemachineVirtualCameraBaseEditor.cs' contains partial class of Unity.Object, exactly 1 of the partial classes needs to be in a file with the same filename. This is to know the one that can be referenced from ie. GameObjects
'Packages/com.unity.cinemachine/Editor/Editors/CinemachineVirtualCameraBaseEditor.cs' contains partial class of Unity.Object, exactly 1 of the partial classes needs to be in a file with the same filename. This is to know the one that can be referenced from ie. GameObjects
Refreshing native plugins compatible for Editor in 2.58 ms, found 3 plugins.
Native extension for Android target not found
Native extension for WindowsStandalone target not found
Native extension for WebGL target not found
[Package Manager] Failed to launch server process. Reason: Unity was launched with the -noUpm command-line argument
[Package Manager] Unable to send message (not connected to server process).
[Package Manager] Cannot connect to Unity Package Manager local server
[Package Manager] Failed to launch server process. Reason: Unity was launched with the -noUpm command-line argument
[Package Manager] Unable to send message (not connected to server process).
[Package Manager] Cannot connect to Unity Package Manager local server
ScheduleIndexationOnStartup MainProcess:False IndexOnStartup:True
Mono: successfully reloaded assembly
[Package Manager] Failed to launch server process. Reason: Unity was launched with the -noUpm command-line argument
[Package Manager] Unable to send message (not connected to server process).
[Package Manager] Cannot connect to Unity Package Manager local server
- Finished resetting the current domain, in  1.794 seconds
Domain Reload Profiling: 3533ms
	BeginReloadAssembly (465ms)
		ExecutionOrderSort (0ms)
		DisableScriptedObjects (14ms)
		BackupInstance (0ms)
		ReleaseScriptingObjects (0ms)
		CreateAndSetChildDomain (113ms)
	RebuildCommonClasses (82ms)
	RebuildNativeTypeToScriptingClass (35ms)
	initialDomainReloadingComplete (101ms)
	LoadAllAssembliesAndSetupDomain (1055ms)
		LoadAssemblies (702ms)
		RebuildTransferFunctionScriptingTraits (0ms)
		AnalyzeDomain (544ms)
			TypeCache.Refresh (15ms)
				TypeCache.ScanAssembly (0ms)
			BuildScriptInfoCaches (499ms)
			ResolveRequiredComponents (24ms)
	FinalizeReload (1794ms)
		ReleaseScriptCaches (0ms)
		RebuildScriptCaches (0ms)
		SetupLoadedEditorAssemblies (1405ms)
			LogAssemblyErrors (0ms)
			InitializePlatformSupportModulesInManaged (16ms)
			SetLoadedEditorAssemblies (11ms)
			BeforeProcessingInitializeOnLoad (308ms)
			ProcessInitializeOnLoadAttributes (740ms)
			ProcessInitializeOnLoadMethodAttributes (320ms)
			AfterProcessingInitializeOnLoad (10ms)
			EditorAssembliesLoaded (1ms)
		ExecutionOrderSort2 (0ms)
		AwakeInstancesAfterBackupRestoration (29ms)
Refreshing native plugins compatible for Editor in 2.72 ms, found 3 plugins.
Preloading 0 native plugins for Editor in 0.00 ms.
Unloading 7 Unused Serialized files (Serialized files now loaded: 0)
Unloading 10724 unused Assets / (4.2 MB). Loaded Objects now: 12120.
Memory consumption went from 286.1 MB to 281.9 MB.
Total: 16.110500 ms (FindLiveObjects: 1.700600 ms CreateObjectMapping: 1.480400 ms MarkObjects: 9.189800 ms  DeleteObjects: 3.738700 ms)

Prepare: number of updated asset objects reloaded= 0
