[Licensing::Module] Trying to connect to existing licensing client channel...
Built from '6000.3/respin/6000.3.6f1-732c1ec89f18' branch; Version is '6000.3.6f1 (bbb010bdb8a3) revision 12300304'; Using compiler version '194234433'; Build Type 'Release'
[Licensing::IpcConnector] Successfully connected to: "LicenseClient-RA00352511" at "2026-08-25T11:05:07.2289983Z"
OS: 'Windows 11  (10.0.26200) Education' Language: 'pt' Physical Memory: 16053 MB
BatchMode: 1, IsHumanControllingUs: 0, StartBugReporterOnCrash: 0, Is64bit: 1
System  architecture: x64
Process architecture: x64
Date: 2026-08-25T11:05:07Z

COMMAND LINE ARGUMENTS:
C:\Program Files\Unity\Hub\Editor\6000.3.6f1\Editor\Unity.exe
-adb2
-batchMode
-noUpm
-name
AssetImportWorker17
-projectPath
C:/Users/RA00352511/Documents/GitHub/ProjetoFastag
-logFile
Logs/AssetImportWorker17.log
-srvPort
61660
-licensingIpc
LicenseClient-RA00352511
-job-worker-count
9
-background-job-worker-count
8
-gc-helper-count
1
-name
AssetImport
Successfully changed project path to: C:/Users/RA00352511/Documents/GitHub/ProjetoFastag
C:/Users/RA00352511/Documents/GitHub/ProjetoFastag
[UnityMemory] Configuration Parameters - Can be set up in boot.config
    "memorysetup-temp-allocator-size-nav-mesh-worker=65536"
    "memorysetup-temp-allocator-size-audio-worker=65536"
    "memorysetup-temp-allocator-size-gfx=262144"
    "memorysetup-allocator-temp-initial-block-size-main=262144"
    "memorysetup-allocator-temp-initial-block-size-worker=262144"
    "memorysetup-temp-allocator-size-background-worker=32768"
    "memorysetup-temp-allocator-size-job-worker=262144"
    "memorysetup-temp-allocator-size-preload-manager=33554432"
    "memorysetup-temp-allocator-size-gi-baking-worker=262144"
    "memorysetup-temp-allocator-size-gi-baking-worker=262144"
    "memorysetup-temp-allocator-size-gi-baking-worker=262144"
    "memorysetup-temp-allocator-size-gi-baking-worker=262144"
    "memorysetup-temp-allocator-size-gi-baking-worker=262144"
    "memorysetup-bucket-allocator-granularity=16"
    "memorysetup-bucket-allocator-bucket-count=8"
    "memorysetup-bucket-allocator-block-size=33554432"
    "memorysetup-bucket-allocator-block-count=8"
    "memorysetup-main-allocator-block-size=16777216"
    "memorysetup-thread-allocator-block-size=16777216"
    "memorysetup-gfx-main-allocator-block-size=16777216"
    "memorysetup-gfx-thread-allocator-block-size=16777216"
    "memorysetup-cache-allocator-block-size=4194304"
    "memorysetup-typetree-allocator-block-size=2097152"
    "memorysetup-profiler-bucket-allocator-granularity=16"
    "memorysetup-profiler-bucket-allocator-bucket-count=8"
    "memorysetup-profiler-bucket-allocator-block-size=33554432"
    "memorysetup-profiler-bucket-allocator-block-count=8"
    "memorysetup-profiler-allocator-block-size=16777216"
    "memorysetup-profiler-editor-allocator-block-size=1048576"
    "memorysetup-temp-allocator-size-main=16777216"
    "memorysetup-job-temp-allocator-block-size=2097152"
    "memorysetup-job-temp-allocator-block-size-background=1048576"
    "memorysetup-job-temp-allocator-reduction-small-platforms=262144"
    "memorysetup-temp-allocator-size-cloud-worker=32768"
Player connection [12072]  Target information:

Player connection [12072]  * "[IP] 172.17.3.15 [Port] 0 [Flags] 2 [Guid] 3900150527 [EditorId] 3900150527 [Version] 1048832 [Id] WindowsEditor(7,DSP-BRJ3055CFQ) [Debug] 1 [PackageName] WindowsEditor [ProjectName] Editor" 

Player connection [12072]  * "[IP] 192.168.56.1 [Port] 0 [Flags] 2 [Guid] 3900150527 [EditorId] 3900150527 [Version] 1048832 [Id] WindowsEditor(7,DSP-BRJ3055CFQ) [Debug] 1 [PackageName] WindowsEditor [ProjectName] Editor" 

Player connection [12072]  * "[IP] 172.21.48.1 [Port] 0 [Flags] 2 [Guid] 3900150527 [EditorId] 3900150527 [Version] 1048832 [Id] WindowsEditor(7,DSP-BRJ3055CFQ) [Debug] 1 [PackageName] WindowsEditor [ProjectName] Editor" 

Player connection [12072] Host joined multi-casting on [225.0.0.222:54997]...
Player connection [12072] Host joined alternative multi-casting on [225.0.0.222:34997]...
JobSystem: Creating JobQueue using job-worker-count value 9
Input System module state changed to: Initialized.
[Physics::Module] Initialized fallback backend.
[Physics::Module] Id: 0xdecafbad
Library Redirect Path: Library/
[Physics::Module] Selected backend.
[Physics::Module] Name: PhysX
[Physics::Module] Id: 0xf2b8ea05
[Physics::Module] SDK Version: 4.1.2
[Physics::Module] Integration Version: 1.0.0
[Physics::Module] Threading Mode: Multi-Threaded
Refreshing native plugins compatible for Editor in 2.82 ms, found 3 plugins.
Preloading 0 native plugins for Editor in 0.00 ms.
Initialize engine version: 6000.3.6f1 (bbb010bdb8a3)
[Subsystems] Discovering subsystems at path C:/Program Files/Unity/Hub/Editor/6000.3.6f1/Editor/Data/Resources/UnitySubsystems
[Subsystems] Discovering subsystems at path C:/Users/RA00352511/Documents/GitHub/ProjetoFastag/Assets
GfxDevice: creating device client; kGfxThreadingModeNonThreaded
Direct3D:
    Version:  Direct3D 11.0 [level 11.1]
    Renderer: NVIDIA T400 4GB (ID=0x1ff2)
    Vendor:   NVIDIA
    VRAM:     3943 MB
    Driver:   32.0.15.8216
Initialize mono
Mono path[0] = 'C:/Program Files/Unity/Hub/Editor/6000.3.6f1/Editor/Data/Managed'
Mono path[1] = 'C:/Program Files/Unity/Hub/Editor/6000.3.6f1/Editor/Data/MonoBleedingEdge/lib/mono/unityjit-win32'
Mono config path = 'C:/Program Files/Unity/Hub/Editor/6000.3.6f1/Editor/Data/MonoBleedingEdge/etc'
Using monoOptions --debugger-agent=transport=dt_socket,embedding=1,server=y,suspend=n,address=127.0.0.1:56600
Begin MonoManager ReloadAssembly
Registering precompiled unity dll's ...
Register platform support module: C:/Program Files/Unity/Hub/Editor/6000.3.6f1/Editor/Data/PlaybackEngines/WindowsStandaloneSupport/UnityEditor.WindowsStandalone.Extensions.dll
[Licensing::Module] Licensing is not yet initialized.
[Licensing::Client] Handshaking with LicensingClient:
  Version:                 1.17.4+4293ba1
  Session Id:              2e267039e56f406cb6dfd5bec494fedd
  Correlation Id:          3e06b58ff2be34c6f2d258dbeb8bcf91
  External correlation Id: 1223403303100765210
  Machine Id:              xUTvb3X9otE1BN01ilU3rmr6g3U=
[Licensing::Module] Successfully connected to LicensingClient on channel: "LicenseClient-RA00352511" (connect: 0.00s, validation: 0.01s, handshake: 0.97s)
[Licensing::IpcConnector] Successfully connected to: "LicenseClient-RA00352511-notifications" at "2026-08-25T11:05:08.2087027Z"
[Licensing::Module] Licensing Background thread has ended after 0.98s
[Licensing::Module] Licensing is initialized (took 0.20s).
[Licensing::Client] Successfully resolved entitlement details
[Licensing::Module] License group:
  Id: E4-2RMZ-WRAS-7R6G-ZJBC-XXXX
  Product: Unity Education
  Type: ULF
  Expiration: 2027-08-07T18:04:47Z
Register platform support module: C:/Program Files/Unity/Hub/Editor/6000.3.6f1/Editor/Data/PlaybackEngines/MetroSupport/UnityEditor.UWP.Extensions.dll
[Licensing::Client] Successfully resolved entitlement details
Register platform support module: C:/Program Files/Unity/Hub/Editor/6000.3.6f1/Editor/Data/PlaybackEngines/AndroidPlayer/UnityEditor.Android.Extensions.dll
[Licensing::Client] Successfully resolved entitlement details
Register platform support module: C:/Program Files/Unity/Hub/Editor/6000.3.6f1/Editor/Data/PlaybackEngines/iOSSupport/UnityEditor.iOS.Extensions.dll
Registered in 0.226503 seconds.
- Loaded All Assemblies, in  0.573 seconds
[usbmuxd] Start listen thread
[usbmuxd] Listen thread started
Native extension for iOS target not found
Native extension for Android target not found
Android Extension - Scanning For ADB Devices 174 ms
Native extension for UWP target not found
Native extension for WindowsStandalone target not found
ScheduleIndexationOnStartup MainProcess:False IndexOnStartup:True
Mono: successfully reloaded assembly
- Finished resetting the current domain, in  0.583 seconds
Domain Reload Profiling: 1156ms
	BeginReloadAssembly (121ms)
		ExecutionOrderSort (0ms)
		DisableScriptedObjects (0ms)
		BackupInstance (0ms)
		ReleaseScriptingObjects (0ms)
		CreateAndSetChildDomain (1ms)
	RebuildCommonClasses (36ms)
	RebuildNativeTypeToScriptingClass (11ms)
	initialDomainReloadingComplete (261ms)
	LoadAllAssembliesAndSetupDomain (144ms)
		LoadAssemblies (121ms)
		RebuildTransferFunctionScriptingTraits (0ms)
		AnalyzeDomain (140ms)
			TypeCache.Refresh (138ms)
				TypeCache.ScanAssembly (127ms)
			BuildScriptInfoCaches (0ms)
			ResolveRequiredComponents (1ms)
	FinalizeReload (583ms)
		ReleaseScriptCaches (0ms)
		RebuildScriptCaches (0ms)
		SetupLoadedEditorAssemblies (536ms)
			LogAssemblyErrors (0ms)
			InitializePlatformSupportModulesInManaged (251ms)
			SetLoadedEditorAssemblies (4ms)
			BeforeProcessingInitializeOnLoad (82ms)
			ProcessInitializeOnLoadAttributes (132ms)
			ProcessInitializeOnLoadMethodAttributes (66ms)
			AfterProcessingInitializeOnLoad (0ms)
			EditorAssembliesLoaded (0ms)
		ExecutionOrderSort2 (0ms)
		AwakeInstancesAfterBackupRestoration (0ms)
========================================================================
Worker process is ready to serve import requests
Import Worker Mode flag is 0x00
Begin MonoManager ReloadAssembly
[Licensing::Client] Successfully resolved entitlement details
Symbol file LoadedFromMemory is not a mono symbol file
- Loaded All Assemblies, in  0.879 seconds
'Packages/com.unity.cinemachine/Editor/Obsolete/CinemachineVirtualCameraBaseEditor.cs' contains partial class of Unity.Object, exactly 1 of the partial classes needs to be in a file with the same filename. This is to know the one that can be referenced from ie. GameObjects
'Packages/com.unity.cinemachine/Editor/Editors/CinemachineVirtualCameraBaseEditor.cs' contains partial class of Unity.Object, exactly 1 of the partial classes needs to be in a file with the same filename. This is to know the one that can be referenced from ie. GameObjects
Refreshing native plugins compatible for Editor in 1.01 ms, found 3 plugins.
Native extension for iOS target not found
Native extension for Android target not found
Native extension for UWP target not found
Native extension for WindowsStandalone target not found
Package Manager log level set to [2]
[Package Manager] Failed to launch server process. Reason: Unity was launched with the -noUpm command-line argument
[Package Manager] Unable to send message (not connected to server process).
[Package Manager] Cannot connect to Unity Package Manager local server
[Package Manager] Failed to launch server process. Reason: Unity was launched with the -noUpm command-line argument
[Package Manager] Unable to send message (not connected to server process).
[Package Manager] Cannot connect to Unity Package Manager local server
Refreshing native plugins compatible for Editor in 1.18 ms, found 3 plugins.
ScheduleIndexationOnStartup MainProcess:False IndexOnStartup:True
Mono: successfully reloaded assembly
[Package Manager] Failed to launch server process. Reason: Unity was launched with the -noUpm command-line argument
[Package Manager] Unable to send message (not connected to server process).
[Package Manager] Cannot connect to Unity Package Manager local server
[Package Manager] Failed to launch server process. Reason: Unity was launched with the -noUpm command-line argument
[Package Manager] Unable to send message (not connected to server process).
[Package Manager] Cannot connect to Unity Package Manager local server
- Finished resetting the current domain, in  1.092 seconds
Domain Reload Profiling: 1970ms
	BeginReloadAssembly (161ms)
		ExecutionOrderSort (0ms)
		DisableScriptedObjects (5ms)
		BackupInstance (0ms)
		ReleaseScriptingObjects (0ms)
		CreateAndSetChildDomain (26ms)
	RebuildCommonClasses (38ms)
	RebuildNativeTypeToScriptingClass (13ms)
	initialDomainReloadingComplete (53ms)
	LoadAllAssembliesAndSetupDomain (613ms)
		LoadAssemblies (335ms)
		RebuildTransferFunctionScriptingTraits (0ms)
		AnalyzeDomain (366ms)
			TypeCache.Refresh (247ms)
				TypeCache.ScanAssembly (229ms)
			BuildScriptInfoCaches (104ms)
			ResolveRequiredComponents (10ms)
	FinalizeReload (1092ms)
		ReleaseScriptCaches (0ms)
		RebuildScriptCaches (0ms)
		SetupLoadedEditorAssemblies (946ms)
			LogAssemblyErrors (0ms)
			InitializePlatformSupportModulesInManaged (9ms)
			SetLoadedEditorAssemblies (4ms)
			BeforeProcessingInitializeOnLoad (150ms)
			ProcessInitializeOnLoadAttributes (433ms)
			ProcessInitializeOnLoadMethodAttributes (348ms)
			AfterProcessingInitializeOnLoad (1ms)
			EditorAssembliesLoaded (0ms)
		ExecutionOrderSort2 (0ms)
		AwakeInstancesAfterBackupRestoration (5ms)
Launched and connected shader compiler UnityShaderCompiler.exe after 0.07 seconds
Refreshing native plugins compatible for Editor in 1.20 ms, found 3 plugins.
Preloading 0 native plugins for Editor in 0.00 ms.
Unloading 12 Unused Serialized files (Serialized files now loaded: 0)
Unloading 10606 unused Assets / (6.8 MB). Loaded Objects now: 11687.
Memory consumption went from 240.4 MB to 233.6 MB.
Total: 9.931200 ms (FindLiveObjects: 0.747400 ms CreateObjectMapping: 0.771600 ms MarkObjects: 5.421500 ms  DeleteObjects: 2.988500 ms)

========================================================================
Received Import Request.
  Time since last request: 2223.532714 seconds.
  path: Assets/TextMesh Pro/Examples & Extras/Resources/Fonts & Materials/Bangers SDF Logo.mat
  artifactKey: Guid(f4e195ac1e204eff960149d1cb34e18c) Importer(815301076,1909f56bfc062723c751e8b465ee728b)
Start importing Assets/TextMesh Pro/Examples & Extras/Resources/Fonts & Materials/Bangers SDF Logo.mat using Guid(f4e195ac1e204eff960149d1cb34e18c) Importer(815301076,1909f56bfc062723c751e8b465ee728b) (PreviewImporter) -> (artifact id: '299d32a3478d85300eefcf6c167312ac') in 2.5580806 seconds
Number of updated asset objects reloaded before import = 0Number of asset objects unloaded after import = 4

========================================================================
Received Import Request.
  Time since last request: 8.043002 seconds.
  path: Assets/TextMesh Pro/Examples & Extras/Materials/Ground - URP.mat
  artifactKey: Guid(71529b88994c1a341b22bc57c038674a) Importer(815301076,1909f56bfc062723c751e8b465ee728b)
Start importing Assets/TextMesh Pro/Examples & Extras/Materials/Ground - URP.mat using Guid(71529b88994c1a341b22bc57c038674a) Importer(815301076,1909f56bfc062723c751e8b465ee728b) (PreviewImporter) -> (artifact id: 'b93d6c747b71f573eccbe3ac3cfc129f') in 0.0266489 seconds
Number of updated asset objects reloaded before import = 0Number of asset objects unloaded after import = 2

========================================================================
Received Import Request.
  Time since last request: 4.702131 seconds.
  path: Assets/Projeto/Assets/Guilherme/personagens/Baiana/Macabea v2.fbx
  artifactKey: Guid(effc99836a16741bbbd8d4d088901117) Importer(815301076,1909f56bfc062723c751e8b465ee728b)
Start importing Assets/Projeto/Assets/Guilherme/personagens/Baiana/Macabea v2.fbx using Guid(effc99836a16741bbbd8d4d088901117) Importer(815301076,1909f56bfc062723c751e8b465ee728b) (PreviewImporter) -> (artifact id: '0098494709385d4134327db5f8d86dc6') in 0.1286835 seconds
Number of updated asset objects reloaded before import = 0Number of asset objects unloaded after import = 116

========================================================================
Received Import Request.
  Time since last request: 0.773564 seconds.
  path: Assets/Projeto/Assets/Guilherme/personagens/Baiana/Macabea v2.fbx
  artifactKey: Guid(effc99836a16741bbbd8d4d088901117) Importer(2089858483,b0f066a214c2f5e87bad3c948f4d605d)
Start importing Assets/Projeto/Assets/Guilherme/personagens/Baiana/Macabea v2.fbx using Guid(effc99836a16741bbbd8d4d088901117) Importer(2089858483,b0f066a214c2f5e87bad3c948f4d605d) (ScriptedImporter) -> (artifact id: '18b07f3cd431c8ac0768009a2499031f') in 0.0895898 seconds
Number of updated asset objects reloaded before import = 0Number of asset objects unloaded after import = 113

========================================================================
Received Import Request.
  Time since last request: 280.759844 seconds.
  path: Assets/Projeto/Prefabs/Macabea.prefab
  artifactKey: Guid(6e7808476cbd4e944bb1136fc411f8e9) Importer(815301076,1909f56bfc062723c751e8b465ee728b)
Start importing Assets/Projeto/Prefabs/Macabea.prefab using Guid(6e7808476cbd4e944bb1136fc411f8e9) Importer(815301076,1909f56bfc062723c751e8b465ee728b) (PreviewImporter) -> (artifact id: '3a2971f978a3747fed9c6c47ab816717') in 0.1770475 seconds
Number of updated asset objects reloaded before import = 0Number of asset objects unloaded after import = 236

========================================================================
Received Import Request.
  Time since last request: 132.232032 seconds.
  path: Assets/DefaultNetworkPrefabs.asset
  artifactKey: Guid(2a6c7d045cce1fa4080993542974c493) Importer(2089858483,b0f066a214c2f5e87bad3c948f4d605d)
Start importing Assets/DefaultNetworkPrefabs.asset using Guid(2a6c7d045cce1fa4080993542974c493) Importer(2089858483,b0f066a214c2f5e87bad3c948f4d605d) (ScriptedImporter) -> (artifact id: '3f6cf2863a7eb0cc23c2807a6da37ddc') in 0.0316091 seconds
Number of updated asset objects reloaded before import = 0Number of asset objects unloaded after import = 339

========================================================================
Received Import Request.
  Time since last request: 48.290834 seconds.
  path: Assets/Projeto/Prefabs/(MM)AnimatorCharacter.controller
  artifactKey: Guid(f778a33ecb16d3b4b83c4ec1f0128a88) Importer(815301076,1909f56bfc062723c751e8b465ee728b)
Start importing Assets/Projeto/Prefabs/(MM)AnimatorCharacter.controller using Guid(f778a33ecb16d3b4b83c4ec1f0128a88) Importer(815301076,1909f56bfc062723c751e8b465ee728b) (PreviewImporter) -> (artifact id: '4e5146fccd5379e2f7c5a0ec46400216') in 0.0009333 seconds
Number of updated asset objects reloaded before import = 0Number of asset objects unloaded after import = 1

========================================================================
Received Import Request.
  Time since last request: 0.882593 seconds.
  path: Assets/Projeto/Prefabs/(MM)AnimatorCharacter.controller
  artifactKey: Guid(f778a33ecb16d3b4b83c4ec1f0128a88) Importer(2089858483,b0f066a214c2f5e87bad3c948f4d605d)
Start importing Assets/Projeto/Prefabs/(MM)AnimatorCharacter.controller using Guid(f778a33ecb16d3b4b83c4ec1f0128a88) Importer(2089858483,b0f066a214c2f5e87bad3c948f4d605d) (ScriptedImporter) -> (artifact id: '65c473038a47f74525c57fdf7e380dfb') in 0.0107359 seconds
Number of updated asset objects reloaded before import = 0Number of asset objects unloaded after import = 1

========================================================================
Received Import Request.
  Time since last request: 38.555957 seconds.
  path: Assets/Projeto/Prefabs/(MM)AnimatorCharacter.controller
  artifactKey: Guid(f778a33ecb16d3b4b83c4ec1f0128a88) Importer(2089858483,b0f066a214c2f5e87bad3c948f4d605d)
Start importing Assets/Projeto/Prefabs/(MM)AnimatorCharacter.controller using Guid(f778a33ecb16d3b4b83c4ec1f0128a88) Importer(2089858483,b0f066a214c2f5e87bad3c948f4d605d) (ScriptedImporter) -> (artifact id: '625b0045516f4c7e0cd58d4b5db4dd6c') in 0.0117872 seconds
Number of updated asset objects reloaded before import = 0Number of asset objects unloaded after import = 2

========================================================================
Received Import Request.
  Time since last request: 3.986610 seconds.
  path: Assets/Projeto/Prefabs/MacabeaDoMal.prefab
  artifactKey: Guid(f3dd227d9a6fe224bbaef8c03d5f4c42) Importer(815301076,1909f56bfc062723c751e8b465ee728b)
Start importing Assets/Projeto/Prefabs/MacabeaDoMal.prefab using Guid(f3dd227d9a6fe224bbaef8c03d5f4c42) Importer(815301076,1909f56bfc062723c751e8b465ee728b) (PreviewImporter) -> (artifact id: 'd70552d9d9f239d933079692a2b0e10c') in 0.0240605 seconds
Number of updated asset objects reloaded before import = 0Number of asset objects unloaded after import = 237

========================================================================
Received Import Request.
  Time since last request: 0.876136 seconds.
  path: Assets/Projeto/Prefabs/MacabeaDoMal.prefab
  artifactKey: Guid(f3dd227d9a6fe224bbaef8c03d5f4c42) Importer(2089858483,b0f066a214c2f5e87bad3c948f4d605d)
Start importing Assets/Projeto/Prefabs/MacabeaDoMal.prefab using Guid(f3dd227d9a6fe224bbaef8c03d5f4c42) Importer(2089858483,b0f066a214c2f5e87bad3c948f4d605d) (ScriptedImporter) -> (artifact id: '2a976b80bb3c80ef605c58ab0b22d1dc') in 0.0299333 seconds
Number of updated asset objects reloaded before import = 0Number of asset objects unloaded after import = 232

========================================================================
Received Import Request.
  Time since last request: 19.431306 seconds.
  path: Assets/Projeto/Prefabs/(FB)AnimatorCharacter.controller
  artifactKey: Guid(dd82d98de34e9b74c8377f168f30480d) Importer(815301076,1909f56bfc062723c751e8b465ee728b)
Start importing Assets/Projeto/Prefabs/(FB)AnimatorCharacter.controller using Guid(dd82d98de34e9b74c8377f168f30480d) Importer(815301076,1909f56bfc062723c751e8b465ee728b) (PreviewImporter) -> (artifact id: 'f58f11e59e15073e4fdef7bb31a0c4bc') in 0.0016541 seconds
Number of updated asset objects reloaded before import = 0Number of asset objects unloaded after import = 12

========================================================================
Received Import Request.
  Time since last request: 21.849550 seconds.
  path: Assets/Projeto/Assets/Guilherme/personagens/Baiana/Macabea do mal.fbx
  artifactKey: Guid(ee59589666d814899bf2bd0a3e66a112) Importer(815301076,1909f56bfc062723c751e8b465ee728b)
Start importing Assets/Projeto/Assets/Guilherme/personagens/Baiana/Macabea do mal.fbx using Guid(ee59589666d814899bf2bd0a3e66a112) Importer(815301076,1909f56bfc062723c751e8b465ee728b) (PreviewImporter) -> (artifact id: '3b454c2871b2a2aea7ecdbbe4378819b') in 0.3632146 seconds
Number of updated asset objects reloaded before import = 0Number of asset objects unloaded after import = 117

========================================================================
Received Import Request.
  Time since last request: 43.369397 seconds.
  path: Assets/Projeto/Assets/Guilherme/personagens/Baiana/Macabea v2.fbx
  artifactKey: Guid(effc99836a16741bbbd8d4d088901117) Importer(815301076,1909f56bfc062723c751e8b465ee728b)
Start importing Assets/Projeto/Assets/Guilherme/personagens/Baiana/Macabea v2.fbx using Guid(effc99836a16741bbbd8d4d088901117) Importer(815301076,1909f56bfc062723c751e8b465ee728b) (PreviewImporter) -> (artifact id: '1cd083fa86654739d25f6a4929a659d6') in 0.0484141 seconds
Number of updated asset objects reloaded before import = 0Number of asset objects unloaded after import = 116

========================================================================
Received Import Request.
  Time since last request: 0.851271 seconds.
  path: Assets/Projeto/Assets/Guilherme/personagens/Baiana/Macabea v2.fbx
  artifactKey: Guid(effc99836a16741bbbd8d4d088901117) Importer(2089858483,b0f066a214c2f5e87bad3c948f4d605d)
Start importing Assets/Projeto/Assets/Guilherme/personagens/Baiana/Macabea v2.fbx using Guid(effc99836a16741bbbd8d4d088901117) Importer(2089858483,b0f066a214c2f5e87bad3c948f4d605d) (ScriptedImporter) -> (artifact id: 'c61f8106dba1120e39f8a1d5f726c0d8') in 0.0149069 seconds
Number of updated asset objects reloaded before import = 0Number of asset objects unloaded after import = 113

========================================================================
Received Import Request.
  Time since last request: 2.130882 seconds.
  path: Assets/Projeto/Assets/Guilherme/personagens/Baiana/Macabea v2.fbx
  artifactKey: Guid(effc99836a16741bbbd8d4d088901117) Importer(815301076,1909f56bfc062723c751e8b465ee728b)
Start importing Assets/Projeto/Assets/Guilherme/personagens/Baiana/Macabea v2.fbx using Guid(effc99836a16741bbbd8d4d088901117) Importer(815301076,1909f56bfc062723c751e8b465ee728b) (PreviewImporter) -> (artifact id: '7cab75b118e256055325f837913fbc49') in 0.0292559 seconds
Number of updated asset objects reloaded before import = 0Number of asset objects unloaded after import = 116

========================================================================
Received Import Request.
  Time since last request: 0.875581 seconds.
  path: Assets/Projeto/Assets/Guilherme/personagens/Baiana/Macabea v2.fbx
  artifactKey: Guid(effc99836a16741bbbd8d4d088901117) Importer(2089858483,b0f066a214c2f5e87bad3c948f4d605d)
Start importing Assets/Projeto/Assets/Guilherme/personagens/Baiana/Macabea v2.fbx using Guid(effc99836a16741bbbd8d4d088901117) Importer(2089858483,b0f066a214c2f5e87bad3c948f4d605d) (ScriptedImporter) -> (artifact id: 'c817b8fae919b6161c0a29d552ff8a01') in 0.014804 seconds
Number of updated asset objects reloaded before import = 0Number of asset objects unloaded after import = 113

========================================================================
Received Import Request.
  Time since last request: 2.590177 seconds.
  path: Assets/Projeto/Assets/Guilherme/personagens/Baiana/Macabea v2.fbx
  artifactKey: Guid(effc99836a16741bbbd8d4d088901117) Importer(815301076,1909f56bfc062723c751e8b465ee728b)
Start importing Assets/Projeto/Assets/Guilherme/personagens/Baiana/Macabea v2.fbx using Guid(effc99836a16741bbbd8d4d088901117) Importer(815301076,1909f56bfc062723c751e8b465ee728b) (PreviewImporter) -> (artifact id: '1b9c1dcd1d7e670abfbd51d4c3d176d9') in 0.0348676 seconds
Number of updated asset objects reloaded before import = 0Number of asset objects unloaded after import = 116

========================================================================
Received Import Request.
  Time since last request: 0.901656 seconds.
  path: Assets/Projeto/Assets/Guilherme/personagens/Baiana/Macabea v2.fbx
  artifactKey: Guid(effc99836a16741bbbd8d4d088901117) Importer(2089858483,b0f066a214c2f5e87bad3c948f4d605d)
Start importing Assets/Projeto/Assets/Guilherme/personagens/Baiana/Macabea v2.fbx using Guid(effc99836a16741bbbd8d4d088901117) Importer(2089858483,b0f066a214c2f5e87bad3c948f4d605d) (ScriptedImporter) -> (artifact id: 'c1a17445ff321d5e955e391638a6e383') in 0.0181114 seconds
Number of updated asset objects reloaded before import = 0Number of asset objects unloaded after import = 113

========================================================================
Received Import Request.
  Time since last request: 10.157062 seconds.
  path: Assets/Projeto/Assets/Guilherme/personagens/Baiana/Macabea v2.fbx
  artifactKey: Guid(effc99836a16741bbbd8d4d088901117) Importer(815301076,1909f56bfc062723c751e8b465ee728b)
Start importing Assets/Projeto/Assets/Guilherme/personagens/Baiana/Macabea v2.fbx using Guid(effc99836a16741bbbd8d4d088901117) Importer(815301076,1909f56bfc062723c751e8b465ee728b) (PreviewImporter) -> (artifact id: 'a6dcb5e352c9879ed3fff2546a464b33') in 0.0283369 seconds
Number of updated asset objects reloaded before import = 0Number of asset objects unloaded after import = 116

========================================================================
Received Import Request.
  Time since last request: 0.878675 seconds.
  path: Assets/Projeto/Assets/Guilherme/personagens/Baiana/Macabea v2.fbx
  artifactKey: Guid(effc99836a16741bbbd8d4d088901117) Importer(2089858483,b0f066a214c2f5e87bad3c948f4d605d)
Start importing Assets/Projeto/Assets/Guilherme/personagens/Baiana/Macabea v2.fbx using Guid(effc99836a16741bbbd8d4d088901117) Importer(2089858483,b0f066a214c2f5e87bad3c948f4d605d) (ScriptedImporter) -> (artifact id: '60aa9cd20c0a40226318b42d3ce6ffea') in 0.0153883 seconds
Number of updated asset objects reloaded before import = 0Number of asset objects unloaded after import = 113

========================================================================
Received Import Request.
  Time since last request: 133.857694 seconds.
  path: Assets/Projeto/Prefabs/(MB)AnimatorCharacter.controller
  artifactKey: Guid(e868549413a3c4a488e078846535e153) Importer(2089858483,b0f066a214c2f5e87bad3c948f4d605d)
Start importing Assets/Projeto/Prefabs/(MB)AnimatorCharacter.controller using Guid(e868549413a3c4a488e078846535e153) Importer(2089858483,b0f066a214c2f5e87bad3c948f4d605d) (ScriptedImporter) -> (artifact id: '8b9da4d4d4397518feb3bdb75621fc98') in 0.0117563 seconds
Number of updated asset objects reloaded before import = 0Number of asset objects unloaded after import = 12

========================================================================
Received Import Request.
  Time since last request: 0.000035 seconds.
  path: Assets/Projeto/Prefabs/(FM)AnimatorCharacter.controller
  artifactKey: Guid(c0d642f6f3207c741abfb3321048a98a) Importer(2089858483,b0f066a214c2f5e87bad3c948f4d605d)
Start importing Assets/Projeto/Prefabs/(FM)AnimatorCharacter.controller using Guid(c0d642f6f3207c741abfb3321048a98a) Importer(2089858483,b0f066a214c2f5e87bad3c948f4d605d) (ScriptedImporter) -> (artifact id: '632ef1ec9c1509c3827cd306d0f5d23b') in 0.0097174 seconds
Number of updated asset objects reloaded before import = 0Number of asset objects unloaded after import = 12

========================================================================
Received Import Request.
  Time since last request: 8.976203 seconds.
  path: Assets/Projeto/Assets/Guilherme/personagens/Baiana/Macabea do mal.fbx
  artifactKey: Guid(ee59589666d814899bf2bd0a3e66a112) Importer(815301076,1909f56bfc062723c751e8b465ee728b)
Start importing Assets/Projeto/Assets/Guilherme/personagens/Baiana/Macabea do mal.fbx using Guid(ee59589666d814899bf2bd0a3e66a112) Importer(815301076,1909f56bfc062723c751e8b465ee728b) (PreviewImporter) -> (artifact id: '07be6e2d318c1fe4bc8939c310d70d90') in 0.0350014 seconds
Number of updated asset objects reloaded before import = 0Number of asset objects unloaded after import = 117

========================================================================
Received Import Request.
  Time since last request: 0.870287 seconds.
  path: Assets/Projeto/Assets/Guilherme/personagens/Baiana/Macabea do mal.fbx
  artifactKey: Guid(ee59589666d814899bf2bd0a3e66a112) Importer(2089858483,b0f066a214c2f5e87bad3c948f4d605d)
Start importing Assets/Projeto/Assets/Guilherme/personagens/Baiana/Macabea do mal.fbx using Guid(ee59589666d814899bf2bd0a3e66a112) Importer(2089858483,b0f066a214c2f5e87bad3c948f4d605d) (ScriptedImporter) -> (artifact id: '3dfcf2bbc7156c72934f58fa3a05201d') in 0.0221398 seconds
Number of updated asset objects reloaded before import = 0Number of asset objects unloaded after import = 113

========================================================================
Received Import Request.
  Time since last request: 1.811775 seconds.
  path: Assets/Projeto/Assets/Guilherme/personagens/Baiana/Macabea do mal.fbx
  artifactKey: Guid(ee59589666d814899bf2bd0a3e66a112) Importer(815301076,1909f56bfc062723c751e8b465ee728b)
Start importing Assets/Projeto/Assets/Guilherme/personagens/Baiana/Macabea do mal.fbx using Guid(ee59589666d814899bf2bd0a3e66a112) Importer(815301076,1909f56bfc062723c751e8b465ee728b) (PreviewImporter) -> (artifact id: 'cb9a9767956d68e315158e5949a3ec36') in 0.032017 seconds
Number of updated asset objects reloaded before import = 0Number of asset objects unloaded after import = 117

========================================================================
Received Import Request.
  Time since last request: 0.874263 seconds.
  path: Assets/Projeto/Assets/Guilherme/personagens/Baiana/Macabea do mal.fbx
  artifactKey: Guid(ee59589666d814899bf2bd0a3e66a112) Importer(2089858483,b0f066a214c2f5e87bad3c948f4d605d)
Start importing Assets/Projeto/Assets/Guilherme/personagens/Baiana/Macabea do mal.fbx using Guid(ee59589666d814899bf2bd0a3e66a112) Importer(2089858483,b0f066a214c2f5e87bad3c948f4d605d) (ScriptedImporter) -> (artifact id: '31078d159e231226a2bc4e2c52ca2e3a') in 0.0181795 seconds
Number of updated asset objects reloaded before import = 0Number of asset objects unloaded after import = 113

========================================================================
Received Import Request.
  Time since last request: 1.793899 seconds.
  path: Assets/Projeto/Assets/Guilherme/personagens/Baiana/Macabea do mal.fbx
  artifactKey: Guid(ee59589666d814899bf2bd0a3e66a112) Importer(815301076,1909f56bfc062723c751e8b465ee728b)
Start importing Assets/Projeto/Assets/Guilherme/personagens/Baiana/Macabea do mal.fbx using Guid(ee59589666d814899bf2bd0a3e66a112) Importer(815301076,1909f56bfc062723c751e8b465ee728b) (PreviewImporter) -> (artifact id: '8c5bf5d3f9ad18eddca088719659f63b') in 0.0326167 seconds
Number of updated asset objects reloaded before import = 0Number of asset objects unloaded after import = 117

========================================================================
Received Import Request.
  Time since last request: 0.881947 seconds.
  path: Assets/Projeto/Assets/Guilherme/personagens/Baiana/Macabea do mal.fbx
  artifactKey: Guid(ee59589666d814899bf2bd0a3e66a112) Importer(2089858483,b0f066a214c2f5e87bad3c948f4d605d)
Start importing Assets/Projeto/Assets/Guilherme/personagens/Baiana/Macabea do mal.fbx using Guid(ee59589666d814899bf2bd0a3e66a112) Importer(2089858483,b0f066a214c2f5e87bad3c948f4d605d) (ScriptedImporter) -> (artifact id: '4c7a948c09db3bfe8a22b291f73da38e') in 0.0134024 seconds
Number of updated asset objects reloaded before import = 0Number of asset objects unloaded after import = 113

========================================================================
Received Import Request.
  Time since last request: 4.893194 seconds.
  path: Assets/Projeto/Prefabs/FortãoDoMal.prefab
  artifactKey: Guid(c9d4dc62472744c49bfb2979ad46836b) Importer(815301076,1909f56bfc062723c751e8b465ee728b)
Start importing Assets/Projeto/Prefabs/FortãoDoMal.prefab using Guid(c9d4dc62472744c49bfb2979ad46836b) Importer(815301076,1909f56bfc062723c751e8b465ee728b) (PreviewImporter) -> (artifact id: 'ce288b57dcf1947fbf0a85a6b1fd9670') in 0.1031304 seconds
Number of updated asset objects reloaded before import = 0Number of asset objects unloaded after import = 199

========================================================================
Received Import Request.
  Time since last request: 0.000024 seconds.
  path: Assets/Projeto/Prefabs/MacabeaDoMal.prefab
  artifactKey: Guid(f3dd227d9a6fe224bbaef8c03d5f4c42) Importer(815301076,1909f56bfc062723c751e8b465ee728b)
Start importing Assets/Projeto/Prefabs/MacabeaDoMal.prefab using Guid(f3dd227d9a6fe224bbaef8c03d5f4c42) Importer(815301076,1909f56bfc062723c751e8b465ee728b) (PreviewImporter) -> (artifact id: '888d71127f289faf098714900ad9318e') in 0.0494426 seconds
Number of updated asset objects reloaded before import = 0Number of asset objects unloaded after import = 237

========================================================================
Received Import Request.
  Time since last request: 1.816661 seconds.
  path: Assets/Projeto/Prefabs/(MB)AnimatorCharacter.controller
  artifactKey: Guid(e868549413a3c4a488e078846535e153) Importer(815301076,1909f56bfc062723c751e8b465ee728b)
Start importing Assets/Projeto/Prefabs/(MB)AnimatorCharacter.controller using Guid(e868549413a3c4a488e078846535e153) Importer(815301076,1909f56bfc062723c751e8b465ee728b) (PreviewImporter) -> (artifact id: '4013e1dc64db66e5df249012522e53af') in 0.0017875 seconds
Number of updated asset objects reloaded before import = 0Number of asset objects unloaded after import = 12

========================================================================
Received Import Request.
  Time since last request: 1.339390 seconds.
  path: Assets/Projeto/Prefabs/(MM)AnimatorCharacter.controller
  artifactKey: Guid(f778a33ecb16d3b4b83c4ec1f0128a88) Importer(815301076,1909f56bfc062723c751e8b465ee728b)
Start importing Assets/Projeto/Prefabs/(MM)AnimatorCharacter.controller using Guid(f778a33ecb16d3b4b83c4ec1f0128a88) Importer(815301076,1909f56bfc062723c751e8b465ee728b) (PreviewImporter) -> (artifact id: '1cced6a82a4c27bb9ba2e88bed963971') in 0.0008751 seconds
Number of updated asset objects reloaded before import = 0Number of asset objects unloaded after import = 2

========================================================================
Received Import Request.
  Time since last request: 0.711702 seconds.
  path: Assets/Projeto/Prefabs/(FM)AnimatorCharacter.controller
  artifactKey: Guid(c0d642f6f3207c741abfb3321048a98a) Importer(815301076,1909f56bfc062723c751e8b465ee728b)
Start importing Assets/Projeto/Prefabs/(FM)AnimatorCharacter.controller using Guid(c0d642f6f3207c741abfb3321048a98a) Importer(815301076,1909f56bfc062723c751e8b465ee728b) (PreviewImporter) -> (artifact id: '98b7c6d976ae1a3f604339a7bebe1aea') in 0.0017832 seconds
Number of updated asset objects reloaded before import = 0Number of asset objects unloaded after import = 12

========================================================================
Received Import Request.
  Time since last request: 161.969847 seconds.
  path: Assets/Projeto/Prefabs/(MM)AnimatorCharacter.controller
  artifactKey: Guid(f778a33ecb16d3b4b83c4ec1f0128a88) Importer(2089858483,b0f066a214c2f5e87bad3c948f4d605d)
Start importing Assets/Projeto/Prefabs/(MM)AnimatorCharacter.controller using Guid(f778a33ecb16d3b4b83c4ec1f0128a88) Importer(2089858483,b0f066a214c2f5e87bad3c948f4d605d) (ScriptedImporter) -> (artifact id: 'd31af2fc068f9e7cfa0d3cb28e99965e') in 0.0161857 seconds
Number of updated asset objects reloaded before import = 0Number of asset objects unloaded after import = 12

========================================================================
Received Import Request.
  Time since last request: 0.000024 seconds.
  path: Assets/Projeto/Prefabs/(FM)AnimatorCharacter.controller
  artifactKey: Guid(c0d642f6f3207c741abfb3321048a98a) Importer(2089858483,b0f066a214c2f5e87bad3c948f4d605d)
Start importing Assets/Projeto/Prefabs/(FM)AnimatorCharacter.controller using Guid(c0d642f6f3207c741abfb3321048a98a) Importer(2089858483,b0f066a214c2f5e87bad3c948f4d605d) (ScriptedImporter) -> (artifact id: '7d264d23f706feef5314dd7cea2fd938') in 0.0125106 seconds
Number of updated asset objects reloaded before import = 0Number of asset objects unloaded after import = 12

========================================================================
Received Import Request.
  Time since last request: 9.100775 seconds.
  path: Assets/Projeto/Prefabs/MacabeaDoMal.prefab
  artifactKey: Guid(f3dd227d9a6fe224bbaef8c03d5f4c42) Importer(815301076,1909f56bfc062723c751e8b465ee728b)
Start importing Assets/Projeto/Prefabs/MacabeaDoMal.prefab using Guid(f3dd227d9a6fe224bbaef8c03d5f4c42) Importer(815301076,1909f56bfc062723c751e8b465ee728b) (PreviewImporter)Asset '(MM)AnimatorCharacter': Transition 'Armature|interact -> Exit' in state 'Armature|interact' doesn't have an Exit Time or any condition, transition will be ignored
UnityEngine.Debug:ExtractStackTraceNoAlloc (byte*,int,string)
UnityEngine.StackTraceUtility:ExtractStackTrace ()
UnityEditor.EditorUtility:Internal_InstantiateRemoveAllNonAnimationComponentsSingle (UnityEngine.Object,UnityEngine.Vector3,UnityEngine.Quaternion)
UnityEditor.EditorUtility:InstantiateRemoveAllNonAnimationComponents (UnityEngine.Object,UnityEngine.Vector3,UnityEngine.Quaternion)
UnityEditor.EditorUtility:InstantiateForAnimatorPreview (UnityEngine.Object)
UnityEditor.GameObjectInspector/PreviewData:UpdateGameObject (UnityEngine.Object)
UnityEditor.GameObjectInspector/PreviewData:.ctor (UnityEngine.Object,bool)
UnityEditor.GameObjectInspector:GetPreviewData (bool)
UnityEditor.GameObjectInspector:RenderStaticPreview (string,UnityEngine.Object[],int,int)
UnityEditor.AssetPreviewUpdater:CreatePreview (UnityEngine.Object,UnityEngine.Object[],string,int,int)
UnityEditor.AssetPreviewUpdater:CreatePreviewForAsset (UnityEngine.Object,UnityEngine.Object[],string)

[C:\build\output\unity\unity\Editor\Src\Animation\StateMachine.cpp line 1861]

 -> (artifact id: 'baf860a10daaa35708e74f2726632c06') in 0.0161001 seconds
Number of updated asset objects reloaded before import = 0Number of asset objects unloaded after import = 247

========================================================================
Received Import Request.
  Time since last request: 1.520074 seconds.
  path: Assets/Projeto/Prefabs/FortãoDoMal.prefab
  artifactKey: Guid(c9d4dc62472744c49bfb2979ad46836b) Importer(815301076,1909f56bfc062723c751e8b465ee728b)
Start importing Assets/Projeto/Prefabs/FortãoDoMal.prefab using Guid(c9d4dc62472744c49bfb2979ad46836b) Importer(815301076,1909f56bfc062723c751e8b465ee728b) (PreviewImporter)Asset '(FM)AnimatorCharacter': Transition 'Armature|grab -> Exit' in state 'Armature|grab' doesn't have an Exit Time or any condition, transition will be ignored
UnityEngine.Debug:ExtractStackTraceNoAlloc (byte*,int,string)
UnityEngine.StackTraceUtility:ExtractStackTrace ()
UnityEditor.EditorUtility:Internal_InstantiateRemoveAllNonAnimationComponentsSingle (UnityEngine.Object,UnityEngine.Vector3,UnityEngine.Quaternion)
UnityEditor.EditorUtility:InstantiateRemoveAllNonAnimationComponents (UnityEngine.Object,UnityEngine.Vector3,UnityEngine.Quaternion)
UnityEditor.EditorUtility:InstantiateForAnimatorPreview (UnityEngine.Object)
UnityEditor.GameObjectInspector/PreviewData:UpdateGameObject (UnityEngine.Object)
UnityEditor.GameObjectInspector/PreviewData:.ctor (UnityEngine.Object,bool)
UnityEditor.GameObjectInspector:GetPreviewData (bool)
UnityEditor.GameObjectInspector:RenderStaticPreview (string,UnityEngine.Object[],int,int)
UnityEditor.AssetPreviewUpdater:CreatePreview (UnityEngine.Object,UnityEngine.Object[],string,int,int)
UnityEditor.AssetPreviewUpdater:CreatePreviewForAsset (UnityEngine.Object,UnityEngine.Object[],string)

[C:\build\output\unity\unity\Editor\Src\Animation\StateMachine.cpp line 1861]

 -> (artifact id: '17aa9c4cedb908950b4b758f81e0bab0') in 0.0167098 seconds
Number of updated asset objects reloaded before import = 0Number of asset objects unloaded after import = 199

========================================================================
Received Import Request.
  Time since last request: 36.922366 seconds.
  path: Assets/Projeto/Scena/Teste.unity
  artifactKey: Guid(2e39151abca46654f9aa73ec65e54a42) Importer(2089858483,b0f066a214c2f5e87bad3c948f4d605d)
Start importing Assets/Projeto/Scena/Teste.unity using Guid(2e39151abca46654f9aa73ec65e54a42) Importer(2089858483,b0f066a214c2f5e87bad3c948f4d605d) (ScriptedImporter) -> (artifact id: '06f9dbb7abb36119defeb25d8f0d9959') in 0.0103529 seconds
Number of updated asset objects reloaded before import = 0Number of asset objects unloaded after import = 1

========================================================================
Received Import Request.
  Time since last request: 6.022227 seconds.
  path: Assets/Projeto/Prefabs/(MM)AnimatorCharacter.controller
  artifactKey: Guid(f778a33ecb16d3b4b83c4ec1f0128a88) Importer(815301076,1909f56bfc062723c751e8b465ee728b)
Start importing Assets/Projeto/Prefabs/(MM)AnimatorCharacter.controller using Guid(f778a33ecb16d3b4b83c4ec1f0128a88) Importer(815301076,1909f56bfc062723c751e8b465ee728b) (PreviewImporter) -> (artifact id: 'b6109359ed29d1dc40bd75a7c9713f08') in 0.0019532 seconds
Number of updated asset objects reloaded before import = 0Number of asset objects unloaded after import = 12

========================================================================
Received Import Request.
  Time since last request: 5.058990 seconds.
  path: Assets/Projeto/Prefabs/(MB)AnimatorCharacter.controller
  artifactKey: Guid(e868549413a3c4a488e078846535e153) Importer(815301076,1909f56bfc062723c751e8b465ee728b)
Start importing Assets/Projeto/Prefabs/(MB)AnimatorCharacter.controller using Guid(e868549413a3c4a488e078846535e153) Importer(815301076,1909f56bfc062723c751e8b465ee728b) (PreviewImporter) -> (artifact id: 'ccaeb940aa1a0070d91c237ea87114e9') in 0.0016523 seconds
Number of updated asset objects reloaded before import = 0Number of asset objects unloaded after import = 12

========================================================================
Received Import Request.
  Time since last request: 8.372137 seconds.
  path: Assets/Projeto/Prefabs/(FM)AnimatorCharacter.controller
  artifactKey: Guid(c0d642f6f3207c741abfb3321048a98a) Importer(815301076,1909f56bfc062723c751e8b465ee728b)
Start importing Assets/Projeto/Prefabs/(FM)AnimatorCharacter.controller using Guid(c0d642f6f3207c741abfb3321048a98a) Importer(815301076,1909f56bfc062723c751e8b465ee728b) (PreviewImporter) -> (artifact id: 'b16110a3e5ef6d437dae7066884e6632') in 0.0017253 seconds
Number of updated asset objects reloaded before import = 0Number of asset objects unloaded after import = 12

========================================================================
Received Import Request.
  Time since last request: 5.753850 seconds.
  path: Assets/Projeto/Prefabs/(FB)AnimatorCharacter.controller
  artifactKey: Guid(dd82d98de34e9b74c8377f168f30480d) Importer(815301076,1909f56bfc062723c751e8b465ee728b)
Start importing Assets/Projeto/Prefabs/(FB)AnimatorCharacter.controller using Guid(dd82d98de34e9b74c8377f168f30480d) Importer(815301076,1909f56bfc062723c751e8b465ee728b) (PreviewImporter) -> (artifact id: '544778f1a51382df8907ce5849c1c93b') in 0.0020302 seconds
Number of updated asset objects reloaded before import = 0Number of asset objects unloaded after import = 12

========================================================================
Received Import Request.
  Time since last request: 6.753188 seconds.
  path: Assets/Projeto/Prefabs/Macabea.prefab
  artifactKey: Guid(6e7808476cbd4e944bb1136fc411f8e9) Importer(815301076,1909f56bfc062723c751e8b465ee728b)
Start importing Assets/Projeto/Prefabs/Macabea.prefab using Guid(6e7808476cbd4e944bb1136fc411f8e9) Importer(815301076,1909f56bfc062723c751e8b465ee728b) (PreviewImporter)Asset '(MB)AnimatorCharacter': Transition 'Armature|interact -> Exit' in state 'Armature|interact' doesn't have an Exit Time or any condition, transition will be ignored
UnityEngine.Debug:ExtractStackTraceNoAlloc (byte*,int,string)
UnityEngine.StackTraceUtility:ExtractStackTrace ()
UnityEditor.EditorUtility:Internal_InstantiateRemoveAllNonAnimationComponentsSingle (UnityEngine.Object,UnityEngine.Vector3,UnityEngine.Quaternion)
UnityEditor.EditorUtility:InstantiateRemoveAllNonAnimationComponents (UnityEngine.Object,UnityEngine.Vector3,UnityEngine.Quaternion)
UnityEditor.EditorUtility:InstantiateForAnimatorPreview (UnityEngine.Object)
UnityEditor.GameObjectInspector/PreviewData:UpdateGameObject (UnityEngine.Object)
UnityEditor.GameObjectInspector/PreviewData:.ctor (UnityEngine.Object,bool)
UnityEditor.GameObjectInspector:GetPreviewData (bool)
UnityEditor.GameObjectInspector:RenderStaticPreview (string,UnityEngine.Object[],int,int)
UnityEditor.AssetPreviewUpdater:CreatePreview (UnityEngine.Object,UnityEngine.Object[],string,int,int)
UnityEditor.AssetPreviewUpdater:CreatePreviewForAsset (UnityEngine.Object,UnityEngine.Object[],string)

[C:\build\output\unity\unity\Editor\Src\Animation\StateMachine.cpp line 1861]

 -> (artifact id: 'a78e78b082ae042056e7602e0dab8348') in 0.0147851 seconds
Number of updated asset objects reloaded before import = 0Number of asset objects unloaded after import = 246

========================================================================
Received Import Request.
  Time since last request: 0.897695 seconds.
  path: Assets/Projeto/Prefabs/(MB)AnimatorCharacter.controller
  artifactKey: Guid(e868549413a3c4a488e078846535e153) Importer(2089858483,b0f066a214c2f5e87bad3c948f4d605d)
Start importing Assets/Projeto/Prefabs/(MB)AnimatorCharacter.controller using Guid(e868549413a3c4a488e078846535e153) Importer(2089858483,b0f066a214c2f5e87bad3c948f4d605d) (ScriptedImporter) -> (artifact id: '2184560158ebd5e24295ce49e4c65d5e') in 0.0099196 seconds
Number of updated asset objects reloaded before import = 0Number of asset objects unloaded after import = 12

========================================================================
Received Prepare
Begin MonoManager ReloadAssembly
[Licensing::Client] Successfully resolved entitlement details
Leak Detected : Persistent allocates 8 individual allocations. To find out more please enable 'Preferences > Jobs > Leak Detection Level > Enabled With Stack Trace' and reproduce the leak again.
Symbol file LoadedFromMemory is not a mono symbol file
- Loaded All Assemblies, in  0.800 seconds
'Packages/com.unity.cinemachine/Editor/Obsolete/CinemachineVirtualCameraBaseEditor.cs' contains partial class of Unity.Object, exactly 1 of the partial classes needs to be in a file with the same filename. This is to know the one that can be referenced from ie. GameObjects
'Packages/com.unity.cinemachine/Editor/Editors/CinemachineVirtualCameraBaseEditor.cs' contains partial class of Unity.Object, exactly 1 of the partial classes needs to be in a file with the same filename. This is to know the one that can be referenced from ie. GameObjects
Refreshing native plugins compatible for Editor in 1.03 ms, found 3 plugins.
Native extension for iOS target not found
Native extension for Android target not found
Native extension for UWP target not found
Native extension for WindowsStandalone target not found
[Package Manager] Failed to launch server process. Reason: Unity was launched with the -noUpm command-line argument
[Package Manager] Unable to send message (not connected to server process).
[Package Manager] Cannot connect to Unity Package Manager local server
[Package Manager] Failed to launch server process. Reason: Unity was launched with the -noUpm command-line argument
[Package Manager] Unable to send message (not connected to server process).
[Package Manager] Cannot connect to Unity Package Manager local server
ScheduleIndexationOnStartup MainProcess:False IndexOnStartup:True
Mono: successfully reloaded assembly
[Package Manager] Failed to launch server process. Reason: Unity was launched with the -noUpm command-line argument
[Package Manager] Unable to send message (not connected to server process).
[Package Manager] Cannot connect to Unity Package Manager local server
- Finished resetting the current domain, in  0.867 seconds
Domain Reload Profiling: 1671ms
	BeginReloadAssembly (255ms)
		ExecutionOrderSort (0ms)
		DisableScriptedObjects (40ms)
		BackupInstance (0ms)
		ReleaseScriptingObjects (0ms)
		CreateAndSetChildDomain (72ms)
	RebuildCommonClasses (27ms)
	RebuildNativeTypeToScriptingClass (11ms)
	initialDomainReloadingComplete (37ms)
	LoadAllAssembliesAndSetupDomain (474ms)
		LoadAssemblies (280ms)
		RebuildTransferFunctionScriptingTraits (0ms)
		AnalyzeDomain (268ms)
			TypeCache.Refresh (7ms)
				TypeCache.ScanAssembly (0ms)
			BuildScriptInfoCaches (244ms)
			ResolveRequiredComponents (11ms)
	FinalizeReload (867ms)
		ReleaseScriptCaches (0ms)
		RebuildScriptCaches (0ms)
		SetupLoadedEditorAssemblies (654ms)
			LogAssemblyErrors (0ms)
			InitializePlatformSupportModulesInManaged (9ms)
			SetLoadedEditorAssemblies (4ms)
			BeforeProcessingInitializeOnLoad (136ms)
			ProcessInitializeOnLoadAttributes (367ms)
			ProcessInitializeOnLoadMethodAttributes (136ms)
			AfterProcessingInitializeOnLoad (1ms)
			EditorAssembliesLoaded (1ms)
		ExecutionOrderSort2 (0ms)
		AwakeInstancesAfterBackupRestoration (24ms)
Refreshing native plugins compatible for Editor in 1.27 ms, found 3 plugins.
Preloading 0 native plugins for Editor in 0.00 ms.
Unloading 7 Unused Serialized files (Serialized files now loaded: 0)
Unloading 10604 unused Assets / (6.2 MB). Loaded Objects now: 11830.
Memory consumption went from 269.0 MB to 262.8 MB.
Total: 9.981400 ms (FindLiveObjects: 0.788300 ms CreateObjectMapping: 0.827000 ms MarkObjects: 5.460100 ms  DeleteObjects: 2.903800 ms)

Prepare: number of updated asset objects reloaded= 0
========================================================================
Received Prepare
Begin MonoManager ReloadAssembly
Symbol file LoadedFromMemory is not a mono symbol file
- Loaded All Assemblies, in  0.736 seconds
'Packages/com.unity.cinemachine/Editor/Obsolete/CinemachineVirtualCameraBaseEditor.cs' contains partial class of Unity.Object, exactly 1 of the partial classes needs to be in a file with the same filename. This is to know the one that can be referenced from ie. GameObjects
'Packages/com.unity.cinemachine/Editor/Editors/CinemachineVirtualCameraBaseEditor.cs' contains partial class of Unity.Object, exactly 1 of the partial classes needs to be in a file with the same filename. This is to know the one that can be referenced from ie. GameObjects
Refreshing native plugins compatible for Editor in 1.33 ms, found 3 plugins.
Native extension for iOS target not found
Native extension for Android target not found
Native extension for UWP target not found
Native extension for WindowsStandalone target not found
[Package Manager] Failed to launch server process. Reason: Unity was launched with the -noUpm command-line argument
[Package Manager] Unable to send message (not connected to server process).
[Package Manager] Cannot connect to Unity Package Manager local server
[Package Manager] Failed to launch server process. Reason: Unity was launched with the -noUpm command-line argument
[Package Manager] Unable to send message (not connected to server process).
[Package Manager] Cannot connect to Unity Package Manager local server
ScheduleIndexationOnStartup MainProcess:False IndexOnStartup:True
Mono: successfully reloaded assembly
[Package Manager] Failed to launch server process. Reason: Unity was launched with the -noUpm command-line argument
[Package Manager] Unable to send message (not connected to server process).
[Package Manager] Cannot connect to Unity Package Manager local server
- Finished resetting the current domain, in  0.825 seconds
Domain Reload Profiling: 1565ms
	BeginReloadAssembly (186ms)
		ExecutionOrderSort (0ms)
		DisableScriptedObjects (5ms)
		BackupInstance (0ms)
		ReleaseScriptingObjects (0ms)
		CreateAndSetChildDomain (49ms)
	RebuildCommonClasses (28ms)
	RebuildNativeTypeToScriptingClass (11ms)
	initialDomainReloadingComplete (36ms)
	LoadAllAssembliesAndSetupDomain (479ms)
		LoadAssemblies (282ms)
		RebuildTransferFunctionScriptingTraits (0ms)
		AnalyzeDomain (265ms)
			TypeCache.Refresh (8ms)
				TypeCache.ScanAssembly (0ms)
			BuildScriptInfoCaches (238ms)
			ResolveRequiredComponents (13ms)
	FinalizeReload (825ms)
		ReleaseScriptCaches (0ms)
		RebuildScriptCaches (0ms)
		SetupLoadedEditorAssemblies (634ms)
			LogAssemblyErrors (0ms)
			InitializePlatformSupportModulesInManaged (9ms)
			SetLoadedEditorAssemblies (4ms)
			BeforeProcessingInitializeOnLoad (136ms)
			ProcessInitializeOnLoadAttributes (349ms)
			ProcessInitializeOnLoadMethodAttributes (134ms)
			AfterProcessingInitializeOnLoad (1ms)
			EditorAssembliesLoaded (1ms)
		ExecutionOrderSort2 (0ms)
		AwakeInstancesAfterBackupRestoration (24ms)
Refreshing native plugins compatible for Editor in 1.29 ms, found 3 plugins.
Preloading 0 native plugins for Editor in 0.00 ms.
Unloading 7 Unused Serialized files (Serialized files now loaded: 0)
Unloading 10604 unused Assets / (5.7 MB). Loaded Objects now: 11834.
Memory consumption went from 268.5 MB to 262.8 MB.
Total: 9.460800 ms (FindLiveObjects: 0.812200 ms CreateObjectMapping: 0.804100 ms MarkObjects: 5.164100 ms  DeleteObjects: 2.679500 ms)

Prepare: number of updated asset objects reloaded= 0
========================================================================
Received Prepare
Begin MonoManager ReloadAssembly
[Licensing::Client] Successfully resolved entitlement details
Symbol file LoadedFromMemory is not a mono symbol file
- Loaded All Assemblies, in  0.743 seconds
'Packages/com.unity.cinemachine/Editor/Obsolete/CinemachineVirtualCameraBaseEditor.cs' contains partial class of Unity.Object, exactly 1 of the partial classes needs to be in a file with the same filename. This is to know the one that can be referenced from ie. GameObjects
'Packages/com.unity.cinemachine/Editor/Editors/CinemachineVirtualCameraBaseEditor.cs' contains partial class of Unity.Object, exactly 1 of the partial classes needs to be in a file with the same filename. This is to know the one that can be referenced from ie. GameObjects
Refreshing native plugins compatible for Editor in 1.00 ms, found 3 plugins.
Native extension for iOS target not found
Native extension for Android target not found
Native extension for UWP target not found
Native extension for WindowsStandalone target not found
[Package Manager] Failed to launch server process. Reason: Unity was launched with the -noUpm command-line argument
[Package Manager] Unable to send message (not connected to server process).
[Package Manager] Cannot connect to Unity Package Manager local server
[Package Manager] Failed to launch server process. Reason: Unity was launched with the -noUpm command-line argument
[Package Manager] Unable to send message (not connected to server process).
[Package Manager] Cannot connect to Unity Package Manager local server
ScheduleIndexationOnStartup MainProcess:False IndexOnStartup:True
Mono: successfully reloaded assembly
[Package Manager] Failed to launch server process. Reason: Unity was launched with the -noUpm command-line argument
[Package Manager] Unable to send message (not connected to server process).
[Package Manager] Cannot connect to Unity Package Manager local server
- Finished resetting the current domain, in  0.831 seconds
Domain Reload Profiling: 1578ms
	BeginReloadAssembly (185ms)
		ExecutionOrderSort (0ms)
		DisableScriptedObjects (6ms)
		BackupInstance (0ms)
		ReleaseScriptingObjects (0ms)
		CreateAndSetChildDomain (48ms)
	RebuildCommonClasses (27ms)
	RebuildNativeTypeToScriptingClass (11ms)
	initialDomainReloadingComplete (37ms)
	LoadAllAssembliesAndSetupDomain (487ms)
		LoadAssemblies (287ms)
		RebuildTransferFunctionScriptingTraits (0ms)
		AnalyzeDomain (269ms)
			TypeCache.Refresh (10ms)
				TypeCache.ScanAssembly (0ms)
			BuildScriptInfoCaches (243ms)
			ResolveRequiredComponents (11ms)
	FinalizeReload (831ms)
		ReleaseScriptCaches (0ms)
		RebuildScriptCaches (0ms)
		SetupLoadedEditorAssemblies (639ms)
			LogAssemblyErrors (0ms)
			InitializePlatformSupportModulesInManaged (9ms)
			SetLoadedEditorAssemblies (4ms)
			BeforeProcessingInitializeOnLoad (138ms)
			ProcessInitializeOnLoadAttributes (352ms)
			ProcessInitializeOnLoadMethodAttributes (136ms)
			AfterProcessingInitializeOnLoad (1ms)
			EditorAssembliesLoaded (1ms)
		ExecutionOrderSort2 (0ms)
		AwakeInstancesAfterBackupRestoration (25ms)
Refreshing native plugins compatible for Editor in 1.27 ms, found 3 plugins.
Preloading 0 native plugins for Editor in 0.00 ms.
Unloading 7 Unused Serialized files (Serialized files now loaded: 0)
Unloading 10604 unused Assets / (6.3 MB). Loaded Objects now: 11838.
Memory consumption went from 268.6 MB to 262.4 MB.
Total: 9.982400 ms (FindLiveObjects: 0.783800 ms CreateObjectMapping: 0.745900 ms MarkObjects: 5.431700 ms  DeleteObjects: 3.019100 ms)

Prepare: number of updated asset objects reloaded= 0
========================================================================
Received Import Request.
  Time since last request: 113.510786 seconds.
  path: Assets/Projeto/Prefabs/MacabeaDoMal.prefab
  artifactKey: Guid(f3dd227d9a6fe224bbaef8c03d5f4c42) Importer(815301076,1909f56bfc062723c751e8b465ee728b)
Start importing Assets/Projeto/Prefabs/MacabeaDoMal.prefab using Guid(f3dd227d9a6fe224bbaef8c03d5f4c42) Importer(815301076,1909f56bfc062723c751e8b465ee728b) (PreviewImporter)Asset '(MM)AnimatorCharacter': Transition 'Armature|interact -> Exit' in state 'Armature|interact' doesn't have an Exit Time or any condition, transition will be ignored
UnityEngine.Debug:ExtractStackTraceNoAlloc (byte*,int,string)
UnityEngine.StackTraceUtility:ExtractStackTrace ()
UnityEditor.EditorUtility:Internal_InstantiateRemoveAllNonAnimationComponentsSingle (UnityEngine.Object,UnityEngine.Vector3,UnityEngine.Quaternion)
UnityEditor.EditorUtility:InstantiateRemoveAllNonAnimationComponents (UnityEngine.Object,UnityEngine.Vector3,UnityEngine.Quaternion)
UnityEditor.EditorUtility:InstantiateForAnimatorPreview (UnityEngine.Object)
UnityEditor.GameObjectInspector/PreviewData:UpdateGameObject (UnityEngine.Object)
UnityEditor.GameObjectInspector/PreviewData:.ctor (UnityEngine.Object,bool)
UnityEditor.GameObjectInspector:GetPreviewData (bool)
UnityEditor.GameObjectInspector:RenderStaticPreview (string,UnityEngine.Object[],int,int)
UnityEditor.AssetPreviewUpdater:CreatePreview (UnityEngine.Object,UnityEngine.Object[],string,int,int)
UnityEditor.AssetPreviewUpdater:CreatePreviewForAsset (UnityEngine.Object,UnityEngine.Object[],string)

[C:\build\output\unity\unity\Editor\Src\Animation\StateMachine.cpp line 1861]

 -> (artifact id: '7a80a3318dbc58f0cf8ea747d027a525') in 0.9248154 seconds
Number of updated asset objects reloaded before import = 0Number of asset objects unloaded after import = 247

========================================================================
Received Import Request.
  Time since last request: 0.000036 seconds.
  path: Assets/Projeto/Prefabs/MacabeaDoMal.prefab
  artifactKey: Guid(f3dd227d9a6fe224bbaef8c03d5f4c42) Importer(815301076,1909f56bfc062723c751e8b465ee728b)
Start importing Assets/Projeto/Prefabs/MacabeaDoMal.prefab using Guid(f3dd227d9a6fe224bbaef8c03d5f4c42) Importer(815301076,1909f56bfc062723c751e8b465ee728b) (PreviewImporter)Asset '(MM)AnimatorCharacter': Transition 'Armature|interact -> Exit' in state 'Armature|interact' doesn't have an Exit Time or any condition, transition will be ignored
UnityEngine.Debug:ExtractStackTraceNoAlloc (byte*,int,string)
UnityEngine.StackTraceUtility:ExtractStackTrace ()
UnityEditor.EditorUtility:Internal_InstantiateRemoveAllNonAnimationComponentsSingle (UnityEngine.Object,UnityEngine.Vector3,UnityEngine.Quaternion)
UnityEditor.EditorUtility:InstantiateRemoveAllNonAnimationComponents (UnityEngine.Object,UnityEngine.Vector3,UnityEngine.Quaternion)
UnityEditor.EditorUtility:InstantiateForAnimatorPreview (UnityEngine.Object)
UnityEditor.GameObjectInspector/PreviewData:UpdateGameObject (UnityEngine.Object)
UnityEditor.GameObjectInspector/PreviewData:.ctor (UnityEngine.Object,bool)
UnityEditor.GameObjectInspector:GetPreviewData (bool)
UnityEditor.GameObjectInspector:RenderStaticPreview (string,UnityEngine.Object[],int,int)
UnityEditor.AssetPreviewUpdater:CreatePreview (UnityEngine.Object,UnityEngine.Object[],string,int,int)
UnityEditor.AssetPreviewUpdater:CreatePreviewForAsset (UnityEngine.Object,UnityEngine.Object[],string)

[C:\build\output\unity\unity\Editor\Src\Animation\StateMachine.cpp line 1861]

 -> (artifact id: '6e923f5693ae2fcca52e8bb4b131b780') in 0.020072 seconds
Number of updated asset objects reloaded before import = 0Number of asset objects unloaded after import = 247

========================================================================
Received Prepare
Begin MonoManager ReloadAssembly
Leak Detected : Persistent allocates 8 individual allocations. To find out more please enable 'Preferences > Jobs > Leak Detection Level > Enabled With Stack Trace' and reproduce the leak again.
Symbol file LoadedFromMemory is not a mono symbol file
- Loaded All Assemblies, in  0.798 seconds
'Packages/com.unity.cinemachine/Editor/Obsolete/CinemachineVirtualCameraBaseEditor.cs' contains partial class of Unity.Object, exactly 1 of the partial classes needs to be in a file with the same filename. This is to know the one that can be referenced from ie. GameObjects
'Packages/com.unity.cinemachine/Editor/Editors/CinemachineVirtualCameraBaseEditor.cs' contains partial class of Unity.Object, exactly 1 of the partial classes needs to be in a file with the same filename. This is to know the one that can be referenced from ie. GameObjects
Refreshing native plugins compatible for Editor in 1.09 ms, found 3 plugins.
Native extension for iOS target not found
Native extension for Android target not found
Native extension for UWP target not found
Native extension for WindowsStandalone target not found
[Package Manager] Failed to launch server process. Reason: Unity was launched with the -noUpm command-line argument
[Package Manager] Unable to send message (not connected to server process).
[Package Manager] Cannot connect to Unity Package Manager local server
[Package Manager] Failed to launch server process. Reason: Unity was launched with the -noUpm command-line argument
[Package Manager] Unable to send message (not connected to server process).
[Package Manager] Cannot connect to Unity Package Manager local server
ScheduleIndexationOnStartup MainProcess:False IndexOnStartup:True
Mono: successfully reloaded assembly
[Package Manager] Failed to launch server process. Reason: Unity was launched with the -noUpm command-line argument
[Package Manager] Unable to send message (not connected to server process).
[Package Manager] Cannot connect to Unity Package Manager local server
- Finished resetting the current domain, in  0.839 seconds
Domain Reload Profiling: 1640ms
	BeginReloadAssembly (238ms)
		ExecutionOrderSort (0ms)
		DisableScriptedObjects (35ms)
		BackupInstance (0ms)
		ReleaseScriptingObjects (0ms)
		CreateAndSetChildDomain (66ms)
	RebuildCommonClasses (28ms)
	RebuildNativeTypeToScriptingClass (11ms)
	initialDomainReloadingComplete (38ms)
	LoadAllAssembliesAndSetupDomain (486ms)
		LoadAssemblies (290ms)
		RebuildTransferFunctionScriptingTraits (0ms)
		AnalyzeDomain (269ms)
			TypeCache.Refresh (8ms)
				TypeCache.ScanAssembly (0ms)
			BuildScriptInfoCaches (246ms)
			ResolveRequiredComponents (10ms)
	FinalizeReload (839ms)
		ReleaseScriptCaches (0ms)
		RebuildScriptCaches (0ms)
		SetupLoadedEditorAssemblies (637ms)
			LogAssemblyErrors (0ms)
			InitializePlatformSupportModulesInManaged (9ms)
			SetLoadedEditorAssemblies (4ms)
			BeforeProcessingInitializeOnLoad (144ms)
			ProcessInitializeOnLoadAttributes (345ms)
			ProcessInitializeOnLoadMethodAttributes (134ms)
			AfterProcessingInitializeOnLoad (1ms)
			EditorAssembliesLoaded (1ms)
		ExecutionOrderSort2 (0ms)
		AwakeInstancesAfterBackupRestoration (26ms)
Refreshing native plugins compatible for Editor in 1.42 ms, found 3 plugins.
Preloading 0 native plugins for Editor in 0.00 ms.
Unloading 7 Unused Serialized files (Serialized files now loaded: 0)
Unloading 10604 unused Assets / (6.1 MB). Loaded Objects now: 11907.
Memory consumption went from 269.1 MB to 263.0 MB.
Total: 10.872300 ms (FindLiveObjects: 0.917900 ms CreateObjectMapping: 0.793600 ms MarkObjects: 6.176500 ms  DeleteObjects: 2.983100 ms)

Prepare: number of updated asset objects reloaded= 0
========================================================================
Received Prepare
Begin MonoManager ReloadAssembly
[Licensing::Client] Successfully resolved entitlement details
Symbol file LoadedFromMemory is not a mono symbol file
- Loaded All Assemblies, in  0.730 seconds
'Packages/com.unity.cinemachine/Editor/Obsolete/CinemachineVirtualCameraBaseEditor.cs' contains partial class of Unity.Object, exactly 1 of the partial classes needs to be in a file with the same filename. This is to know the one that can be referenced from ie. GameObjects
'Packages/com.unity.cinemachine/Editor/Editors/CinemachineVirtualCameraBaseEditor.cs' contains partial class of Unity.Object, exactly 1 of the partial classes needs to be in a file with the same filename. This is to know the one that can be referenced from ie. GameObjects
Refreshing native plugins compatible for Editor in 1.02 ms, found 3 plugins.
Native extension for iOS target not found
Native extension for Android target not found
Native extension for UWP target not found
Native extension for WindowsStandalone target not found
[Package Manager] Failed to launch server process. Reason: Unity was launched with the -noUpm command-line argument
[Package Manager] Unable to send message (not connected to server process).
[Package Manager] Cannot connect to Unity Package Manager local server
[Package Manager] Failed to launch server process. Reason: Unity was launched with the -noUpm command-line argument
[Package Manager] Unable to send message (not connected to server process).
[Package Manager] Cannot connect to Unity Package Manager local server
ScheduleIndexationOnStartup MainProcess:False IndexOnStartup:True
Mono: successfully reloaded assembly
[Package Manager] Failed to launch server process. Reason: Unity was launched with the -noUpm command-line argument
[Package Manager] Unable to send message (not connected to server process).
[Package Manager] Cannot connect to Unity Package Manager local server
- Finished resetting the current domain, in  0.838 seconds
Domain Reload Profiling: 1572ms
	BeginReloadAssembly (186ms)
		ExecutionOrderSort (0ms)
		DisableScriptedObjects (6ms)
		BackupInstance (0ms)
		ReleaseScriptingObjects (0ms)
		CreateAndSetChildDomain (48ms)
	RebuildCommonClasses (28ms)
	RebuildNativeTypeToScriptingClass (11ms)
	initialDomainReloadingComplete (37ms)
	LoadAllAssembliesAndSetupDomain (472ms)
		LoadAssemblies (279ms)
		RebuildTransferFunctionScriptingTraits (0ms)
		AnalyzeDomain (262ms)
			TypeCache.Refresh (7ms)
				TypeCache.ScanAssembly (0ms)
			BuildScriptInfoCaches (238ms)
			ResolveRequiredComponents (10ms)
	FinalizeReload (838ms)
		ReleaseScriptCaches (0ms)
		RebuildScriptCaches (0ms)
		SetupLoadedEditorAssemblies (643ms)
			LogAssemblyErrors (0ms)
			InitializePlatformSupportModulesInManaged (9ms)
			SetLoadedEditorAssemblies (4ms)
			BeforeProcessingInitializeOnLoad (136ms)
			ProcessInitializeOnLoadAttributes (357ms)
			ProcessInitializeOnLoadMethodAttributes (135ms)
			AfterProcessingInitializeOnLoad (1ms)
			EditorAssembliesLoaded (1ms)
		ExecutionOrderSort2 (0ms)
		AwakeInstancesAfterBackupRestoration (29ms)
Refreshing native plugins compatible for Editor in 1.38 ms, found 3 plugins.
Preloading 0 native plugins for Editor in 0.00 ms.
Unloading 7 Unused Serialized files (Serialized files now loaded: 0)
Unloading 10604 unused Assets / (6.2 MB). Loaded Objects now: 11911.
Memory consumption went from 270.8 MB to 264.7 MB.
Total: 10.156400 ms (FindLiveObjects: 0.835300 ms CreateObjectMapping: 0.788800 ms MarkObjects: 5.502300 ms  DeleteObjects: 3.029100 ms)

Prepare: number of updated asset objects reloaded= 0
========================================================================
Received Prepare
Begin MonoManager ReloadAssembly
Symbol file LoadedFromMemory is not a mono symbol file
- Loaded All Assemblies, in  0.734 seconds
'Packages/com.unity.cinemachine/Editor/Obsolete/CinemachineVirtualCameraBaseEditor.cs' contains partial class of Unity.Object, exactly 1 of the partial classes needs to be in a file with the same filename. This is to know the one that can be referenced from ie. GameObjects
'Packages/com.unity.cinemachine/Editor/Editors/CinemachineVirtualCameraBaseEditor.cs' contains partial class of Unity.Object, exactly 1 of the partial classes needs to be in a file with the same filename. This is to know the one that can be referenced from ie. GameObjects
Refreshing native plugins compatible for Editor in 1.25 ms, found 3 plugins.
Native extension for iOS target not found
Native extension for Android target not found
Native extension for UWP target not found
Native extension for WindowsStandalone target not found
[Package Manager] Failed to launch server process. Reason: Unity was launched with the -noUpm command-line argument
[Package Manager] Unable to send message (not connected to server process).
[Package Manager] Cannot connect to Unity Package Manager local server
[Package Manager] Failed to launch server process. Reason: Unity was launched with the -noUpm command-line argument
[Package Manager] Unable to send message (not connected to server process).
[Package Manager] Cannot connect to Unity Package Manager local server
ScheduleIndexationOnStartup MainProcess:False IndexOnStartup:True
Mono: successfully reloaded assembly
[Package Manager] Failed to launch server process. Reason: Unity was launched with the -noUpm command-line argument
[Package Manager] Unable to send message (not connected to server process).
[Package Manager] Cannot connect to Unity Package Manager local server
- Finished resetting the current domain, in  0.821 seconds
Domain Reload Profiling: 1559ms
	BeginReloadAssembly (188ms)
		ExecutionOrderSort (0ms)
		DisableScriptedObjects (5ms)
		BackupInstance (0ms)
		ReleaseScriptingObjects (0ms)
		CreateAndSetChildDomain (50ms)
	RebuildCommonClasses (28ms)
	RebuildNativeTypeToScriptingClass (11ms)
	initialDomainReloadingComplete (36ms)
	LoadAllAssembliesAndSetupDomain (475ms)
		LoadAssemblies (289ms)
		RebuildTransferFunctionScriptingTraits (0ms)
		AnalyzeDomain (256ms)
			TypeCache.Refresh (8ms)
				TypeCache.ScanAssembly (0ms)
			BuildScriptInfoCaches (233ms)
			ResolveRequiredComponents (10ms)
	FinalizeReload (821ms)
		ReleaseScriptCaches (0ms)
		RebuildScriptCaches (0ms)
		SetupLoadedEditorAssemblies (628ms)
			LogAssemblyErrors (0ms)
			InitializePlatformSupportModulesInManaged (9ms)
			SetLoadedEditorAssemblies (3ms)
			BeforeProcessingInitializeOnLoad (133ms)
			ProcessInitializeOnLoadAttributes (348ms)
			ProcessInitializeOnLoadMethodAttributes (133ms)
			AfterProcessingInitializeOnLoad (2ms)
			EditorAssembliesLoaded (1ms)
		ExecutionOrderSort2 (0ms)
		AwakeInstancesAfterBackupRestoration (27ms)
Refreshing native plugins compatible for Editor in 1.53 ms, found 3 plugins.
Preloading 0 native plugins for Editor in 0.00 ms.
Unloading 7 Unused Serialized files (Serialized files now loaded: 0)
Unloading 10604 unused Assets / (6.2 MB). Loaded Objects now: 11915.
Memory consumption went from 270.9 MB to 264.8 MB.
Total: 10.658100 ms (FindLiveObjects: 0.902600 ms CreateObjectMapping: 1.001800 ms MarkObjects: 5.505100 ms  DeleteObjects: 3.247200 ms)

Prepare: number of updated asset objects reloaded= 0
========================================================================
Received Prepare
Begin MonoManager ReloadAssembly
Symbol file LoadedFromMemory is not a mono symbol file
- Loaded All Assemblies, in  0.747 seconds
'Packages/com.unity.cinemachine/Editor/Obsolete/CinemachineVirtualCameraBaseEditor.cs' contains partial class of Unity.Object, exactly 1 of the partial classes needs to be in a file with the same filename. This is to know the one that can be referenced from ie. GameObjects
'Packages/com.unity.cinemachine/Editor/Editors/CinemachineVirtualCameraBaseEditor.cs' contains partial class of Unity.Object, exactly 1 of the partial classes needs to be in a file with the same filename. This is to know the one that can be referenced from ie. GameObjects
Refreshing native plugins compatible for Editor in 1.16 ms, found 3 plugins.
Native extension for iOS target not found
Native extension for Android target not found
Native extension for UWP target not found
Native extension for WindowsStandalone target not found
[Package Manager] Failed to launch server process. Reason: Unity was launched with the -noUpm command-line argument
[Package Manager] Unable to send message (not connected to server process).
[Package Manager] Cannot connect to Unity Package Manager local server
[Package Manager] Failed to launch server process. Reason: Unity was launched with the -noUpm command-line argument
[Package Manager] Unable to send message (not connected to server process).
[Package Manager] Cannot connect to Unity Package Manager local server
ScheduleIndexationOnStartup MainProcess:False IndexOnStartup:True
Mono: successfully reloaded assembly
[Package Manager] Failed to launch server process. Reason: Unity was launched with the -noUpm command-line argument
[Package Manager] Unable to send message (not connected to server process).
[Package Manager] Cannot connect to Unity Package Manager local server
- Finished resetting the current domain, in  0.867 seconds
Domain Reload Profiling: 1618ms
	BeginReloadAssembly (183ms)
		ExecutionOrderSort (0ms)
		DisableScriptedObjects (5ms)
		BackupInstance (0ms)
		ReleaseScriptingObjects (0ms)
		CreateAndSetChildDomain (46ms)
	RebuildCommonClasses (28ms)
	RebuildNativeTypeToScriptingClass (11ms)
	initialDomainReloadingComplete (37ms)
	LoadAllAssembliesAndSetupDomain (491ms)
		LoadAssemblies (291ms)
		RebuildTransferFunctionScriptingTraits (0ms)
		AnalyzeDomain (271ms)
			TypeCache.Refresh (8ms)
				TypeCache.ScanAssembly (0ms)
			BuildScriptInfoCaches (247ms)
			ResolveRequiredComponents (10ms)
	FinalizeReload (867ms)
		ReleaseScriptCaches (0ms)
		RebuildScriptCaches (0ms)
		SetupLoadedEditorAssemblies (665ms)
			LogAssemblyErrors (0ms)
			InitializePlatformSupportModulesInManaged (10ms)
			SetLoadedEditorAssemblies (4ms)
			BeforeProcessingInitializeOnLoad (150ms)
			ProcessInitializeOnLoadAttributes (365ms)
			ProcessInitializeOnLoadMethodAttributes (133ms)
			AfterProcessingInitializeOnLoad (1ms)
			EditorAssembliesLoaded (1ms)
		ExecutionOrderSort2 (0ms)
		AwakeInstancesAfterBackupRestoration (27ms)
Refreshing native plugins compatible for Editor in 1.37 ms, found 3 plugins.
Preloading 0 native plugins for Editor in 0.00 ms.
Unloading 7 Unused Serialized files (Serialized files now loaded: 0)
Unloading 10604 unused Assets / (6.4 MB). Loaded Objects now: 11919.
Memory consumption went from 273.0 MB to 266.6 MB.
Total: 10.822700 ms (FindLiveObjects: 0.843500 ms CreateObjectMapping: 0.796100 ms MarkObjects: 5.853300 ms  DeleteObjects: 3.327600 ms)

Prepare: number of updated asset objects reloaded= 0
========================================================================
Received Prepare
Begin MonoManager ReloadAssembly
[Licensing::Client] Successfully resolved entitlement details
Symbol file LoadedFromMemory is not a mono symbol file
- Loaded All Assemblies, in  0.783 seconds
'Packages/com.unity.cinemachine/Editor/Obsolete/CinemachineVirtualCameraBaseEditor.cs' contains partial class of Unity.Object, exactly 1 of the partial classes needs to be in a file with the same filename. This is to know the one that can be referenced from ie. GameObjects
'Packages/com.unity.cinemachine/Editor/Editors/CinemachineVirtualCameraBaseEditor.cs' contains partial class of Unity.Object, exactly 1 of the partial classes needs to be in a file with the same filename. This is to know the one that can be referenced from ie. GameObjects
Refreshing native plugins compatible for Editor in 1.29 ms, found 3 plugins.
Native extension for iOS target not found
Native extension for Android target not found
Native extension for UWP target not found
Native extension for WindowsStandalone target not found
[Package Manager] Failed to launch server process. Reason: Unity was launched with the -noUpm command-line argument
[Package Manager] Unable to send message (not connected to server process).
[Package Manager] Cannot connect to Unity Package Manager local server
[Package Manager] Failed to launch server process. Reason: Unity was launched with the -noUpm command-line argument
[Package Manager] Unable to send message (not connected to server process).
[Package Manager] Cannot connect to Unity Package Manager local server
ScheduleIndexationOnStartup MainProcess:False IndexOnStartup:True
Mono: successfully reloaded assembly
[Package Manager] Failed to launch server process. Reason: Unity was launched with the -noUpm command-line argument
[Package Manager] Unable to send message (not connected to server process).
[Package Manager] Cannot connect to Unity Package Manager local server
- Finished resetting the current domain, in  0.851 seconds
Domain Reload Profiling: 1639ms
	BeginReloadAssembly (186ms)
		ExecutionOrderSort (0ms)
		DisableScriptedObjects (6ms)
		BackupInstance (0ms)
		ReleaseScriptingObjects (0ms)
		CreateAndSetChildDomain (47ms)
	RebuildCommonClasses (28ms)
	RebuildNativeTypeToScriptingClass (11ms)
	initialDomainReloadingComplete (38ms)
	LoadAllAssembliesAndSetupDomain (525ms)
		LoadAssemblies (299ms)
		RebuildTransferFunctionScriptingTraits (0ms)
		AnalyzeDomain (297ms)
			TypeCache.Refresh (9ms)
				TypeCache.ScanAssembly (0ms)
			BuildScriptInfoCaches (270ms)
			ResolveRequiredComponents (13ms)
	FinalizeReload (851ms)
		ReleaseScriptCaches (0ms)
		RebuildScriptCaches (0ms)
		SetupLoadedEditorAssemblies (656ms)
			LogAssemblyErrors (0ms)
			InitializePlatformSupportModulesInManaged (9ms)
			SetLoadedEditorAssemblies (4ms)
			BeforeProcessingInitializeOnLoad (144ms)
			ProcessInitializeOnLoadAttributes (359ms)
			ProcessInitializeOnLoadMethodAttributes (139ms)
			AfterProcessingInitializeOnLoad (2ms)
			EditorAssembliesLoaded (1ms)
		ExecutionOrderSort2 (0ms)
		AwakeInstancesAfterBackupRestoration (27ms)
Refreshing native plugins compatible for Editor in 1.18 ms, found 3 plugins.
Preloading 0 native plugins for Editor in 0.00 ms.
Unloading 7 Unused Serialized files (Serialized files now loaded: 0)
Unloading 10604 unused Assets / (6.0 MB). Loaded Objects now: 11923.
Memory consumption went from 273.1 MB to 267.1 MB.
Total: 9.844300 ms (FindLiveObjects: 0.838100 ms CreateObjectMapping: 0.770500 ms MarkObjects: 5.259200 ms  DeleteObjects: 2.975600 ms)

Prepare: number of updated asset objects reloaded= 0
========================================================================
Received Prepare
Begin MonoManager ReloadAssembly
Symbol file LoadedFromMemory is not a mono symbol file
- Loaded All Assemblies, in  0.765 seconds
'Packages/com.unity.cinemachine/Editor/Obsolete/CinemachineVirtualCameraBaseEditor.cs' contains partial class of Unity.Object, exactly 1 of the partial classes needs to be in a file with the same filename. This is to know the one that can be referenced from ie. GameObjects
'Packages/com.unity.cinemachine/Editor/Editors/CinemachineVirtualCameraBaseEditor.cs' contains partial class of Unity.Object, exactly 1 of the partial classes needs to be in a file with the same filename. This is to know the one that can be referenced from ie. GameObjects
Refreshing native plugins compatible for Editor in 1.33 ms, found 3 plugins.
Native extension for iOS target not found
Native extension for Android target not found
Native extension for UWP target not found
Native extension for WindowsStandalone target not found
[Package Manager] Failed to launch server process. Reason: Unity was launched with the -noUpm command-line argument
[Package Manager] Unable to send message (not connected to server process).
[Package Manager] Cannot connect to Unity Package Manager local server
[Package Manager] Failed to launch server process. Reason: Unity was launched with the -noUpm command-line argument
[Package Manager] Unable to send message (not connected to server process).
[Package Manager] Cannot connect to Unity Package Manager local server
ScheduleIndexationOnStartup MainProcess:False IndexOnStartup:True
Mono: successfully reloaded assembly
[Package Manager] Failed to launch server process. Reason: Unity was launched with the -noUpm command-line argument
[Package Manager] Unable to send message (not connected to server process).
[Package Manager] Cannot connect to Unity Package Manager local server
- Finished resetting the current domain, in  0.952 seconds
Domain Reload Profiling: 1722ms
	BeginReloadAssembly (181ms)
		ExecutionOrderSort (0ms)
		DisableScriptedObjects (5ms)
		BackupInstance (0ms)
		ReleaseScriptingObjects (0ms)
		CreateAndSetChildDomain (47ms)
	RebuildCommonClasses (28ms)
	RebuildNativeTypeToScriptingClass (11ms)
	initialDomainReloadingComplete (37ms)
	LoadAllAssembliesAndSetupDomain (513ms)
		LoadAssemblies (290ms)
		RebuildTransferFunctionScriptingTraits (0ms)
		AnalyzeDomain (291ms)
			TypeCache.Refresh (9ms)
				TypeCache.ScanAssembly (0ms)
			BuildScriptInfoCaches (267ms)
			ResolveRequiredComponents (11ms)
	FinalizeReload (952ms)
		ReleaseScriptCaches (0ms)
		RebuildScriptCaches (0ms)
		SetupLoadedEditorAssemblies (730ms)
			LogAssemblyErrors (0ms)
			InitializePlatformSupportModulesInManaged (11ms)
			SetLoadedEditorAssemblies (4ms)
			BeforeProcessingInitializeOnLoad (155ms)
			ProcessInitializeOnLoadAttributes (406ms)
			ProcessInitializeOnLoadMethodAttributes (151ms)
			AfterProcessingInitializeOnLoad (1ms)
			EditorAssembliesLoaded (1ms)
		ExecutionOrderSort2 (0ms)
		AwakeInstancesAfterBackupRestoration (29ms)
Refreshing native plugins compatible for Editor in 1.82 ms, found 3 plugins.
Preloading 0 native plugins for Editor in 0.00 ms.
Unloading 7 Unused Serialized files (Serialized files now loaded: 0)
Unloading 10604 unused Assets / (6.3 MB). Loaded Objects now: 11927.
Memory consumption went from 273.2 MB to 266.8 MB.
Total: 12.595600 ms (FindLiveObjects: 1.096500 ms CreateObjectMapping: 1.012700 ms MarkObjects: 7.166500 ms  DeleteObjects: 3.318200 ms)

Prepare: number of updated asset objects reloaded= 0
========================================================================
Received Import Request.
  Time since last request: 267.355277 seconds.
  path: Assets/Projeto/Assets/Guilherme/personagens/Fortoes/fortao.fbx
  artifactKey: Guid(2e7b2063d16e04751b9054a6315830f9) Importer(815301076,1909f56bfc062723c751e8b465ee728b)
Start importing Assets/Projeto/Assets/Guilherme/personagens/Fortoes/fortao.fbx using Guid(2e7b2063d16e04751b9054a6315830f9) Importer(815301076,1909f56bfc062723c751e8b465ee728b) (PreviewImporter) -> (artifact id: 'f33ada2b11dac95f0472184e2a9ed2d6') in 1.0160545 seconds
Number of updated asset objects reloaded before import = 0Number of asset objects unloaded after import = 91

========================================================================
Received Import Request.
  Time since last request: 1.424043 seconds.
  path: Assets/Projeto/Assets/Guilherme/personagens/Fortoes/fortao.fbx
  artifactKey: Guid(2e7b2063d16e04751b9054a6315830f9) Importer(815301076,1909f56bfc062723c751e8b465ee728b)
Start importing Assets/Projeto/Assets/Guilherme/personagens/Fortoes/fortao.fbx using Guid(2e7b2063d16e04751b9054a6315830f9) Importer(815301076,1909f56bfc062723c751e8b465ee728b) (PreviewImporter) -> (artifact id: '03167fd7bc6c1adb63bc27ffa18ac51d') in 0.0463403 seconds
Number of updated asset objects reloaded before import = 0Number of asset objects unloaded after import = 91

========================================================================
Received Import Request.
  Time since last request: 3.204896 seconds.
  path: Assets/Projeto/Assets/Guilherme/personagens/Fortoes/fortao.fbx
  artifactKey: Guid(2e7b2063d16e04751b9054a6315830f9) Importer(815301076,1909f56bfc062723c751e8b465ee728b)
Start importing Assets/Projeto/Assets/Guilherme/personagens/Fortoes/fortao.fbx using Guid(2e7b2063d16e04751b9054a6315830f9) Importer(815301076,1909f56bfc062723c751e8b465ee728b) (PreviewImporter) -> (artifact id: 'f145fbfa77bc1563cd7f02493eb7714e') in 0.0509768 seconds
Number of updated asset objects reloaded before import = 0Number of asset objects unloaded after import = 91

========================================================================
Received Import Request.
  Time since last request: 25.397122 seconds.
  path: Assets/Projeto/Prefabs/Fortão.prefab
  artifactKey: Guid(19477ad89e14f2242afd340bb019fb89) Importer(815301076,1909f56bfc062723c751e8b465ee728b)
Start importing Assets/Projeto/Prefabs/Fortão.prefab using Guid(19477ad89e14f2242afd340bb019fb89) Importer(815301076,1909f56bfc062723c751e8b465ee728b) (PreviewImporter)Asset '(FB)AnimatorCharacter': Transition 'Armature|interact -> Exit' in state 'Armature|interact' doesn't have an Exit Time or any condition, transition will be ignored
UnityEngine.Debug:ExtractStackTraceNoAlloc (byte*,int,string)
UnityEngine.StackTraceUtility:ExtractStackTrace ()
UnityEditor.EditorUtility:Internal_InstantiateRemoveAllNonAnimationComponentsSingle (UnityEngine.Object,UnityEngine.Vector3,UnityEngine.Quaternion)
UnityEditor.EditorUtility:InstantiateRemoveAllNonAnimationComponents (UnityEngine.Object,UnityEngine.Vector3,UnityEngine.Quaternion)
UnityEditor.EditorUtility:InstantiateForAnimatorPreview (UnityEngine.Object)
UnityEditor.GameObjectInspector/PreviewData:UpdateGameObject (UnityEngine.Object)
UnityEditor.GameObjectInspector/PreviewData:.ctor (UnityEngine.Object,bool)
UnityEditor.GameObjectInspector:GetPreviewData (bool)
UnityEditor.GameObjectInspector:RenderStaticPreview (string,UnityEngine.Object[],int,int)
UnityEditor.AssetPreviewUpdater:CreatePreview (UnityEngine.Object,UnityEngine.Object[],string,int,int)
UnityEditor.AssetPreviewUpdater:CreatePreviewForAsset (UnityEngine.Object,UnityEngine.Object[],string)

[C:\build\output\unity\unity\Editor\Src\Animation\StateMachine.cpp line 1861]

 -> (artifact id: 'dc84c1ce4b9ed45b65047c556d42b413') in 0.0301675 seconds
Number of updated asset objects reloaded before import = 0Number of asset objects unloaded after import = 197

========================================================================
Received Import Request.
  Time since last request: 132.204855 seconds.
  path: Assets/DefaultNetworkPrefabs.asset
  artifactKey: Guid(2a6c7d045cce1fa4080993542974c493) Importer(815301076,1909f56bfc062723c751e8b465ee728b)
Start importing Assets/DefaultNetworkPrefabs.asset using Guid(2a6c7d045cce1fa4080993542974c493) Importer(815301076,1909f56bfc062723c751e8b465ee728b) (PreviewImporter) -> (artifact id: 'f6e42f5c2ae6e45d22816deb95fdf6ec') in 0.0145508 seconds
Number of updated asset objects reloaded before import = 0Number of asset objects unloaded after import = 481

========================================================================
Received Import Request.
  Time since last request: 42.630316 seconds.
  path: Assets/Projeto/Prefabs/MacabeaDoMal.prefab
  artifactKey: Guid(f3dd227d9a6fe224bbaef8c03d5f4c42) Importer(2089858483,b0f066a214c2f5e87bad3c948f4d605d)
Start importing Assets/Projeto/Prefabs/MacabeaDoMal.prefab using Guid(f3dd227d9a6fe224bbaef8c03d5f4c42) Importer(2089858483,b0f066a214c2f5e87bad3c948f4d605d) (ScriptedImporter) -> (artifact id: 'f09e3f42021366f47a05ab8358dca6ef') in 0.1011571 seconds
Number of updated asset objects reloaded before import = 0Number of asset objects unloaded after import = 242

========================================================================
Received Import Request.
  Time since last request: 456.524002 seconds.
  path: Assets/Projeto/Scena/Blocagem.unity
  artifactKey: Guid(ce7e669f4c6c71f49a0fa6ed87b729e9) Importer(815301076,1909f56bfc062723c751e8b465ee728b)
Start importing Assets/Projeto/Scena/Blocagem.unity using Guid(ce7e669f4c6c71f49a0fa6ed87b729e9) Importer(815301076,1909f56bfc062723c751e8b465ee728b) (PreviewImporter) -> (artifact id: '8224f28f134aa9e80498b2c840ed561a') in 0.0007918 seconds
Number of updated asset objects reloaded before import = 0Number of asset objects unloaded after import = 0

========================================================================
Received Import Request.
  Time since last request: 0.000053 seconds.
  path: Assets/Projeto/Scena/Blocagem.unity
  artifactKey: Guid(ce7e669f4c6c71f49a0fa6ed87b729e9) Importer(2089858483,b0f066a214c2f5e87bad3c948f4d605d)
Start importing Assets/Projeto/Scena/Blocagem.unity using Guid(ce7e669f4c6c71f49a0fa6ed87b729e9) Importer(2089858483,b0f066a214c2f5e87bad3c948f4d605d) (ScriptedImporter) -> (artifact id: 'deb65ca500d620c5c76ff64a53b678a6') in 0.0124505 seconds
Number of updated asset objects reloaded before import = 0Number of asset objects unloaded after import = 1

========================================================================
Received Import Request.
  Time since last request: 3.678214 seconds.
  path: Assets/Projeto/Scena/BlocagemInicial.unity
  artifactKey: Guid(ce7e669f4c6c71f49a0fa6ed87b729e9) Importer(815301076,1909f56bfc062723c751e8b465ee728b)
Start importing Assets/Projeto/Scena/BlocagemInicial.unity using Guid(ce7e669f4c6c71f49a0fa6ed87b729e9) Importer(815301076,1909f56bfc062723c751e8b465ee728b) (PreviewImporter) -> (artifact id: 'fa00f1e432ee541efff5a8938552527c') in 0.0005093 seconds
Number of updated asset objects reloaded before import = 0Number of asset objects unloaded after import = 0

========================================================================
Received Import Request.
  Time since last request: 0.898425 seconds.
  path: Assets/Projeto/Scena/BlocagemInicial.unity
  artifactKey: Guid(ce7e669f4c6c71f49a0fa6ed87b729e9) Importer(2089858483,b0f066a214c2f5e87bad3c948f4d605d)
Start importing Assets/Projeto/Scena/BlocagemInicial.unity using Guid(ce7e669f4c6c71f49a0fa6ed87b729e9) Importer(2089858483,b0f066a214c2f5e87bad3c948f4d605d) (ScriptedImporter) -> (artifact id: 'e5ba17b4c61f6bd895416199132b1441') in 0.0091831 seconds
Number of updated asset objects reloaded before import = 0Number of asset objects unloaded after import = 1

========================================================================
Received Prepare
Begin MonoManager ReloadAssembly
[Licensing::Client] Successfully resolved entitlement details
Leak Detected : Persistent allocates 8 individual allocations. To find out more please enable 'Preferences > Jobs > Leak Detection Level > Enabled With Stack Trace' and reproduce the leak again.
Symbol file LoadedFromMemory is not a mono symbol file
- Loaded All Assemblies, in  2.762 seconds
'Packages/com.unity.cinemachine/Editor/Obsolete/CinemachineVirtualCameraBaseEditor.cs' contains partial class of Unity.Object, exactly 1 of the partial classes needs to be in a file with the same filename. This is to know the one that can be referenced from ie. GameObjects
'Packages/com.unity.cinemachine/Editor/Editors/CinemachineVirtualCameraBaseEditor.cs' contains partial class of Unity.Object, exactly 1 of the partial classes needs to be in a file with the same filename. This is to know the one that can be referenced from ie. GameObjects
Refreshing native plugins compatible for Editor in 1.30 ms, found 3 plugins.
Native extension for iOS target not found
Native extension for Android target not found
Native extension for UWP target not found
Native extension for WindowsStandalone target not found
[Package Manager] Failed to launch server process. Reason: Unity was launched with the -noUpm command-line argument
[Package Manager] Unable to send message (not connected to server process).
[Package Manager] Cannot connect to Unity Package Manager local server
[Package Manager] Failed to launch server process. Reason: Unity was launched with the -noUpm command-line argument
[Package Manager] Unable to send message (not connected to server process).
[Package Manager] Cannot connect to Unity Package Manager local server
ScheduleIndexationOnStartup MainProcess:False IndexOnStartup:True
Mono: successfully reloaded assembly
[Package Manager] Failed to launch server process. Reason: Unity was launched with the -noUpm command-line argument
[Package Manager] Unable to send message (not connected to server process).
[Package Manager] Cannot connect to Unity Package Manager local server
- Finished resetting the current domain, in  0.894 seconds
Domain Reload Profiling: 3661ms
	BeginReloadAssembly (334ms)
		ExecutionOrderSort (0ms)
		DisableScriptedObjects (36ms)
		BackupInstance (0ms)
		ReleaseScriptingObjects (0ms)
		CreateAndSetChildDomain (86ms)
	RebuildCommonClasses (104ms)
	RebuildNativeTypeToScriptingClass (11ms)
	initialDomainReloadingComplete (39ms)
	LoadAllAssembliesAndSetupDomain (2280ms)
		LoadAssemblies (1649ms)
		RebuildTransferFunctionScriptingTraits (0ms)
		AnalyzeDomain (772ms)
			TypeCache.Refresh (8ms)
				TypeCache.ScanAssembly (0ms)
			BuildScriptInfoCaches (748ms)
			ResolveRequiredComponents (11ms)
	FinalizeReload (894ms)
		ReleaseScriptCaches (0ms)
		RebuildScriptCaches (0ms)
		SetupLoadedEditorAssemblies (688ms)
			LogAssemblyErrors (0ms)
			InitializePlatformSupportModulesInManaged (10ms)
			SetLoadedEditorAssemblies (4ms)
			BeforeProcessingInitializeOnLoad (149ms)
			ProcessInitializeOnLoadAttributes (374ms)
			ProcessInitializeOnLoadMethodAttributes (149ms)
			AfterProcessingInitializeOnLoad (2ms)
			EditorAssembliesLoaded (1ms)
		ExecutionOrderSort2 (0ms)
		AwakeInstancesAfterBackupRestoration (29ms)
Refreshing native plugins compatible for Editor in 1.46 ms, found 3 plugins.
Preloading 0 native plugins for Editor in 0.00 ms.
Unloading 7 Unused Serialized files (Serialized files now loaded: 0)
Unloading 10604 unused Assets / (6.3 MB). Loaded Objects now: 11996.
Memory consumption went from 273.7 MB to 267.4 MB.
Total: 11.470100 ms (FindLiveObjects: 0.883700 ms CreateObjectMapping: 0.778900 ms MarkObjects: 5.257800 ms  DeleteObjects: 4.548500 ms)

Prepare: number of updated asset objects reloaded= 0
========================================================================
Received Import Request.
  Time since last request: 2011.619940 seconds.
  path: Assets/Projeto/Scena/Teste.unity
  artifactKey: Guid(2e39151abca46654f9aa73ec65e54a42) Importer(815301076,1909f56bfc062723c751e8b465ee728b)
Start importing Assets/Projeto/Scena/Teste.unity using Guid(2e39151abca46654f9aa73ec65e54a42) Importer(815301076,1909f56bfc062723c751e8b465ee728b) (PreviewImporter) -> (artifact id: '8a5698dbf98f1a46dcdccadde04bac44') in 0.0302293 seconds
Number of updated asset objects reloaded before import = 0Number of asset objects unloaded after import = 0

========================================================================
Received Prepare
Begin MonoManager ReloadAssembly
[Licensing::Client] Successfully resolved entitlement details
Symbol file LoadedFromMemory is not a mono symbol file
- Loaded All Assemblies, in  0.853 seconds
'Packages/com.unity.cinemachine/Editor/Obsolete/CinemachineVirtualCameraBaseEditor.cs' contains partial class of Unity.Object, exactly 1 of the partial classes needs to be in a file with the same filename. This is to know the one that can be referenced from ie. GameObjects
'Packages/com.unity.cinemachine/Editor/Editors/CinemachineVirtualCameraBaseEditor.cs' contains partial class of Unity.Object, exactly 1 of the partial classes needs to be in a file with the same filename. This is to know the one that can be referenced from ie. GameObjects
Refreshing native plugins compatible for Editor in 1.14 ms, found 3 plugins.
Native extension for iOS target not found
Native extension for Android target not found
Native extension for UWP target not found
Native extension for WindowsStandalone target not found
[Package Manager] Failed to launch server process. Reason: Unity was launched with the -noUpm command-line argument
[Package Manager] Unable to send message (not connected to server process).
[Package Manager] Cannot connect to Unity Package Manager local server
[Package Manager] Failed to launch server process. Reason: Unity was launched with the -noUpm command-line argument
[Package Manager] Unable to send message (not connected to server process).
[Package Manager] Cannot connect to Unity Package Manager local server
ScheduleIndexationOnStartup MainProcess:False IndexOnStartup:True
Mono: successfully reloaded assembly
[Package Manager] Failed to launch server process. Reason: Unity was launched with the -noUpm command-line argument
[Package Manager] Unable to send message (not connected to server process).
[Package Manager] Cannot connect to Unity Package Manager local server
- Finished resetting the current domain, in  0.880 seconds
Domain Reload Profiling: 1738ms
	BeginReloadAssembly (215ms)
		ExecutionOrderSort (0ms)
		DisableScriptedObjects (7ms)
		BackupInstance (0ms)
		ReleaseScriptingObjects (0ms)
		CreateAndSetChildDomain (57ms)
	RebuildCommonClasses (29ms)
	RebuildNativeTypeToScriptingClass (11ms)
	initialDomainReloadingComplete (41ms)
	LoadAllAssembliesAndSetupDomain (562ms)
		LoadAssemblies (373ms)
		RebuildTransferFunctionScriptingTraits (0ms)
		AnalyzeDomain (276ms)
			TypeCache.Refresh (8ms)
				TypeCache.ScanAssembly (0ms)
			BuildScriptInfoCaches (249ms)
			ResolveRequiredComponents (11ms)
	FinalizeReload (881ms)
		ReleaseScriptCaches (0ms)
		RebuildScriptCaches (0ms)
		SetupLoadedEditorAssemblies (683ms)
			LogAssemblyErrors (0ms)
			InitializePlatformSupportModulesInManaged (9ms)
			SetLoadedEditorAssemblies (4ms)
			BeforeProcessingInitializeOnLoad (170ms)
			ProcessInitializeOnLoadAttributes (358ms)
			ProcessInitializeOnLoadMethodAttributes (140ms)
			AfterProcessingInitializeOnLoad (2ms)
			EditorAssembliesLoaded (1ms)
		ExecutionOrderSort2 (0ms)
		AwakeInstancesAfterBackupRestoration (28ms)
Refreshing native plugins compatible for Editor in 1.32 ms, found 3 plugins.
Preloading 0 native plugins for Editor in 0.00 ms.
Unloading 7 Unused Serialized files (Serialized files now loaded: 0)
Unloading 10604 unused Assets / (6.0 MB). Loaded Objects now: 12000.
Memory consumption went from 273.5 MB to 267.4 MB.
Total: 9.649900 ms (FindLiveObjects: 0.813300 ms CreateObjectMapping: 0.801300 ms MarkObjects: 5.409100 ms  DeleteObjects: 2.625300 ms)

Prepare: number of updated asset objects reloaded= 0
========================================================================
Received Import Request.
  Time since last request: 152.665673 seconds.
  path: Assets/Projeto/Prefabs/(MB)AnimatorCharacter.controller
  artifactKey: Guid(e868549413a3c4a488e078846535e153) Importer(815301076,1909f56bfc062723c751e8b465ee728b)
Start importing Assets/Projeto/Prefabs/(MB)AnimatorCharacter.controller using Guid(e868549413a3c4a488e078846535e153) Importer(815301076,1909f56bfc062723c751e8b465ee728b) (PreviewImporter) -> (artifact id: 'e8f9ea62f2f2285fa5e836e5703ed105') in 0.0230405 seconds
Number of updated asset objects reloaded before import = 0Number of asset objects unloaded after import = 12

========================================================================
Received Import Request.
  Time since last request: 26.730577 seconds.
  path: Assets/Projeto/Prefabs/Macabea.prefab
  artifactKey: Guid(6e7808476cbd4e944bb1136fc411f8e9) Importer(815301076,1909f56bfc062723c751e8b465ee728b)
Start importing Assets/Projeto/Prefabs/Macabea.prefab using Guid(6e7808476cbd4e944bb1136fc411f8e9) Importer(815301076,1909f56bfc062723c751e8b465ee728b) (PreviewImporter)Asset '(MB)AnimatorCharacter': Transition 'Armature|interact -> Exit' in state 'Armature|interact' doesn't have an Exit Time or any condition, transition will be ignored
UnityEngine.Debug:ExtractStackTraceNoAlloc (byte*,int,string)
UnityEngine.StackTraceUtility:ExtractStackTrace ()
UnityEditor.EditorUtility:Internal_InstantiateRemoveAllNonAnimationComponentsSingle (UnityEngine.Object,UnityEngine.Vector3,UnityEngine.Quaternion)
UnityEditor.EditorUtility:InstantiateRemoveAllNonAnimationComponents (UnityEngine.Object,UnityEngine.Vector3,UnityEngine.Quaternion)
UnityEditor.EditorUtility:InstantiateForAnimatorPreview (UnityEngine.Object)
UnityEditor.GameObjectInspector/PreviewData:UpdateGameObject (UnityEngine.Object)
UnityEditor.GameObjectInspector/PreviewData:.ctor (UnityEngine.Object,bool)
UnityEditor.GameObjectInspector:GetPreviewData (bool)
UnityEditor.GameObjectInspector:RenderStaticPreview (string,UnityEngine.Object[],int,int)
UnityEditor.AssetPreviewUpdater:CreatePreview (UnityEngine.Object,UnityEngine.Object[],string,int,int)
UnityEditor.AssetPreviewUpdater:CreatePreviewForAsset (UnityEngine.Object,UnityEngine.Object[],string)

[C:\build\output\unity\unity\Editor\Src\Animation\StateMachine.cpp line 1861]

 -> (artifact id: '44fe13a226622f98f7cf99da0cfda97b') in 0.7807613 seconds
Number of updated asset objects reloaded before import = 0Number of asset objects unloaded after import = 246

========================================================================
Received Import Request.
  Time since last request: 1.040657 seconds.
  path: Assets/Projeto/Prefabs/Macabea.prefab
  artifactKey: Guid(6e7808476cbd4e944bb1136fc411f8e9) Importer(815301076,1909f56bfc062723c751e8b465ee728b)
Start importing Assets/Projeto/Prefabs/Macabea.prefab using Guid(6e7808476cbd4e944bb1136fc411f8e9) Importer(815301076,1909f56bfc062723c751e8b465ee728b) (PreviewImporter)Asset '(MB)AnimatorCharacter': Transition 'Armature|interact -> Exit' in state 'Armature|interact' doesn't have an Exit Time or any condition, transition will be ignored
UnityEngine.Debug:ExtractStackTraceNoAlloc (byte*,int,string)
UnityEngine.StackTraceUtility:ExtractStackTrace ()
UnityEditor.EditorUtility:Internal_InstantiateRemoveAllNonAnimationComponentsSingle (UnityEngine.Object,UnityEngine.Vector3,UnityEngine.Quaternion)
UnityEditor.EditorUtility:InstantiateRemoveAllNonAnimationComponents (UnityEngine.Object,UnityEngine.Vector3,UnityEngine.Quaternion)
UnityEditor.EditorUtility:InstantiateForAnimatorPreview (UnityEngine.Object)
UnityEditor.GameObjectInspector/PreviewData:UpdateGameObject (UnityEngine.Object)
UnityEditor.GameObjectInspector/PreviewData:.ctor (UnityEngine.Object,bool)
UnityEditor.GameObjectInspector:GetPreviewData (bool)
UnityEditor.GameObjectInspector:RenderStaticPreview (string,UnityEngine.Object[],int,int)
UnityEditor.AssetPreviewUpdater:CreatePreview (UnityEngine.Object,UnityEngine.Object[],string,int,int)
UnityEditor.AssetPreviewUpdater:CreatePreviewForAsset (UnityEngine.Object,UnityEngine.Object[],string)

[C:\build\output\unity\unity\Editor\Src\Animation\StateMachine.cpp line 1861]

 -> (artifact id: '05a73bcbda0b9e947d400aeeaccfeb68') in 0.0148267 seconds
Number of updated asset objects reloaded before import = 0Number of asset objects unloaded after import = 246

========================================================================
Received Import Request.
  Time since last request: 1.346224 seconds.
  path: Assets/Projeto/Prefabs/Macabea.prefab
  artifactKey: Guid(6e7808476cbd4e944bb1136fc411f8e9) Importer(815301076,1909f56bfc062723c751e8b465ee728b)
Start importing Assets/Projeto/Prefabs/Macabea.prefab using Guid(6e7808476cbd4e944bb1136fc411f8e9) Importer(815301076,1909f56bfc062723c751e8b465ee728b) (PreviewImporter)Asset '(MB)AnimatorCharacter': Transition 'Armature|interact -> Exit' in state 'Armature|interact' doesn't have an Exit Time or any condition, transition will be ignored
UnityEngine.Debug:ExtractStackTraceNoAlloc (byte*,int,string)
UnityEngine.StackTraceUtility:ExtractStackTrace ()
UnityEditor.EditorUtility:Internal_InstantiateRemoveAllNonAnimationComponentsSingle (UnityEngine.Object,UnityEngine.Vector3,UnityEngine.Quaternion)
UnityEditor.EditorUtility:InstantiateRemoveAllNonAnimationComponents (UnityEngine.Object,UnityEngine.Vector3,UnityEngine.Quaternion)
UnityEditor.EditorUtility:InstantiateForAnimatorPreview (UnityEngine.Object)
UnityEditor.GameObjectInspector/PreviewData:UpdateGameObject (UnityEngine.Object)
UnityEditor.GameObjectInspector/PreviewData:.ctor (UnityEngine.Object,bool)
UnityEditor.GameObjectInspector:GetPreviewData (bool)
UnityEditor.GameObjectInspector:RenderStaticPreview (string,UnityEngine.Object[],int,int)
UnityEditor.AssetPreviewUpdater:CreatePreview (UnityEngine.Object,UnityEngine.Object[],string,int,int)
UnityEditor.AssetPreviewUpdater:CreatePreviewForAsset (UnityEngine.Object,UnityEngine.Object[],string)

[C:\build\output\unity\unity\Editor\Src\Animation\StateMachine.cpp line 1861]

 -> (artifact id: '80dc170a94bb5598681ad44f5132bae6') in 0.014198 seconds
Number of updated asset objects reloaded before import = 0Number of asset objects unloaded after import = 246

========================================================================
Received Import Request.
  Time since last request: 1.600309 seconds.
  path: Assets/Projeto/Prefabs/MacabeaDoMal.prefab
  artifactKey: Guid(f3dd227d9a6fe224bbaef8c03d5f4c42) Importer(815301076,1909f56bfc062723c751e8b465ee728b)
Start importing Assets/Projeto/Prefabs/MacabeaDoMal.prefab using Guid(f3dd227d9a6fe224bbaef8c03d5f4c42) Importer(815301076,1909f56bfc062723c751e8b465ee728b) (PreviewImporter)Asset '(MM)AnimatorCharacter': Transition 'Armature|interact -> Exit' in state 'Armature|interact' doesn't have an Exit Time or any condition, transition will be ignored
UnityEngine.Debug:ExtractStackTraceNoAlloc (byte*,int,string)
UnityEngine.StackTraceUtility:ExtractStackTrace ()
UnityEditor.EditorUtility:Internal_InstantiateRemoveAllNonAnimationComponentsSingle (UnityEngine.Object,UnityEngine.Vector3,UnityEngine.Quaternion)
UnityEditor.EditorUtility:InstantiateRemoveAllNonAnimationComponents (UnityEngine.Object,UnityEngine.Vector3,UnityEngine.Quaternion)
UnityEditor.EditorUtility:InstantiateForAnimatorPreview (UnityEngine.Object)
UnityEditor.GameObjectInspector/PreviewData:UpdateGameObject (UnityEngine.Object)
UnityEditor.GameObjectInspector/PreviewData:.ctor (UnityEngine.Object,bool)
UnityEditor.GameObjectInspector:GetPreviewData (bool)
UnityEditor.GameObjectInspector:RenderStaticPreview (string,UnityEngine.Object[],int,int)
UnityEditor.AssetPreviewUpdater:CreatePreview (UnityEngine.Object,UnityEngine.Object[],string,int,int)
UnityEditor.AssetPreviewUpdater:CreatePreviewForAsset (UnityEngine.Object,UnityEngine.Object[],string)

[C:\build\output\unity\unity\Editor\Src\Animation\StateMachine.cpp line 1861]

 -> (artifact id: '5dc67d0a634319c4b7dcada8c34b3d8e') in 0.0235756 seconds
Number of updated asset objects reloaded before import = 0Number of asset objects unloaded after import = 247

========================================================================
Received Import Request.
  Time since last request: 0.532812 seconds.
  path: Assets/Projeto/Prefabs/MacabeaDoMal.prefab
  artifactKey: Guid(f3dd227d9a6fe224bbaef8c03d5f4c42) Importer(815301076,1909f56bfc062723c751e8b465ee728b)
Start importing Assets/Projeto/Prefabs/MacabeaDoMal.prefab using Guid(f3dd227d9a6fe224bbaef8c03d5f4c42) Importer(815301076,1909f56bfc062723c751e8b465ee728b) (PreviewImporter)Asset '(MM)AnimatorCharacter': Transition 'Armature|interact -> Exit' in state 'Armature|interact' doesn't have an Exit Time or any condition, transition will be ignored
UnityEngine.Debug:ExtractStackTraceNoAlloc (byte*,int,string)
UnityEngine.StackTraceUtility:ExtractStackTrace ()
UnityEditor.EditorUtility:Internal_InstantiateRemoveAllNonAnimationComponentsSingle (UnityEngine.Object,UnityEngine.Vector3,UnityEngine.Quaternion)
UnityEditor.EditorUtility:InstantiateRemoveAllNonAnimationComponents (UnityEngine.Object,UnityEngine.Vector3,UnityEngine.Quaternion)
UnityEditor.EditorUtility:InstantiateForAnimatorPreview (UnityEngine.Object)
UnityEditor.GameObjectInspector/PreviewData:UpdateGameObject (UnityEngine.Object)
UnityEditor.GameObjectInspector/PreviewData:.ctor (UnityEngine.Object,bool)
UnityEditor.GameObjectInspector:GetPreviewData (bool)
UnityEditor.GameObjectInspector:RenderStaticPreview (string,UnityEngine.Object[],int,int)
UnityEditor.AssetPreviewUpdater:CreatePreview (UnityEngine.Object,UnityEngine.Object[],string,int,int)
UnityEditor.AssetPreviewUpdater:CreatePreviewForAsset (UnityEngine.Object,UnityEngine.Object[],string)

[C:\build\output\unity\unity\Editor\Src\Animation\StateMachine.cpp line 1861]

 -> (artifact id: 'e2f75e3d604b686a7c8597eb1ef5260e') in 0.0165307 seconds
Number of updated asset objects reloaded before import = 0Number of asset objects unloaded after import = 247

========================================================================
Received Import Request.
  Time since last request: 3.734525 seconds.
  path: Assets/Projeto/Prefabs/MacabeaDoMal.prefab
  artifactKey: Guid(f3dd227d9a6fe224bbaef8c03d5f4c42) Importer(815301076,1909f56bfc062723c751e8b465ee728b)
Start importing Assets/Projeto/Prefabs/MacabeaDoMal.prefab using Guid(f3dd227d9a6fe224bbaef8c03d5f4c42) Importer(815301076,1909f56bfc062723c751e8b465ee728b) (PreviewImporter)Asset '(MM)AnimatorCharacter': Transition 'Armature|interact -> Exit' in state 'Armature|interact' doesn't have an Exit Time or any condition, transition will be ignored
UnityEngine.Debug:ExtractStackTraceNoAlloc (byte*,int,string)
UnityEngine.StackTraceUtility:ExtractStackTrace ()
UnityEditor.EditorUtility:Internal_InstantiateRemoveAllNonAnimationComponentsSingle (UnityEngine.Object,UnityEngine.Vector3,UnityEngine.Quaternion)
UnityEditor.EditorUtility:InstantiateRemoveAllNonAnimationComponents (UnityEngine.Object,UnityEngine.Vector3,UnityEngine.Quaternion)
UnityEditor.EditorUtility:InstantiateForAnimatorPreview (UnityEngine.Object)
UnityEditor.GameObjectInspector/PreviewData:UpdateGameObject (UnityEngine.Object)
UnityEditor.GameObjectInspector/PreviewData:.ctor (UnityEngine.Object,bool)
UnityEditor.GameObjectInspector:GetPreviewData (bool)
UnityEditor.GameObjectInspector:RenderStaticPreview (string,UnityEngine.Object[],int,int)
UnityEditor.AssetPreviewUpdater:CreatePreview (UnityEngine.Object,UnityEngine.Object[],string,int,int)
UnityEditor.AssetPreviewUpdater:CreatePreviewForAsset (UnityEngine.Object,UnityEngine.Object[],string)

[C:\build\output\unity\unity\Editor\Src\Animation\StateMachine.cpp line 1861]

 -> (artifact id: '82ca3786a5a58432dd9b4a3d0f9ffbed') in 0.065503 seconds
Number of updated asset objects reloaded before import = 0Number of asset objects unloaded after import = 247

========================================================================
Received Prepare
Begin MonoManager ReloadAssembly
[Licensing::Client] Successfully resolved entitlement details
Leak Detected : Persistent allocates 8 individual allocations. To find out more please enable 'Preferences > Jobs > Leak Detection Level > Enabled With Stack Trace' and reproduce the leak again.
Symbol file LoadedFromMemory is not a mono symbol file
- Loaded All Assemblies, in  0.836 seconds
'Packages/com.unity.cinemachine/Editor/Obsolete/CinemachineVirtualCameraBaseEditor.cs' contains partial class of Unity.Object, exactly 1 of the partial classes needs to be in a file with the same filename. This is to know the one that can be referenced from ie. GameObjects
'Packages/com.unity.cinemachine/Editor/Editors/CinemachineVirtualCameraBaseEditor.cs' contains partial class of Unity.Object, exactly 1 of the partial classes needs to be in a file with the same filename. This is to know the one that can be referenced from ie. GameObjects
Refreshing native plugins compatible for Editor in 0.97 ms, found 3 plugins.
Native extension for iOS target not found
Native extension for Android target not found
Native extension for UWP target not found
Native extension for WindowsStandalone target not found
[Package Manager] Failed to launch server process. Reason: Unity was launched with the -noUpm command-line argument
[Package Manager] Unable to send message (not connected to server process).
[Package Manager] Cannot connect to Unity Package Manager local server
[Package Manager] Failed to launch server process. Reason: Unity was launched with the -noUpm command-line argument
[Package Manager] Unable to send message (not connected to server process).
[Package Manager] Cannot connect to Unity Package Manager local server
ScheduleIndexationOnStartup MainProcess:False IndexOnStartup:True
Mono: successfully reloaded assembly
[Package Manager] Failed to launch server process. Reason: Unity was launched with the -noUpm command-line argument
[Package Manager] Unable to send message (not connected to server process).
[Package Manager] Cannot connect to Unity Package Manager local server
- Finished resetting the current domain, in  0.865 seconds
Domain Reload Profiling: 1706ms
	BeginReloadAssembly (252ms)
		ExecutionOrderSort (0ms)
		DisableScriptedObjects (39ms)
		BackupInstance (0ms)
		ReleaseScriptingObjects (0ms)
		CreateAndSetChildDomain (70ms)
	RebuildCommonClasses (29ms)
	RebuildNativeTypeToScriptingClass (11ms)
	initialDomainReloadingComplete (37ms)
	LoadAllAssembliesAndSetupDomain (511ms)
		LoadAssemblies (292ms)
		RebuildTransferFunctionScriptingTraits (0ms)
		AnalyzeDomain (293ms)
			TypeCache.Refresh (8ms)
				TypeCache.ScanAssembly (0ms)
			BuildScriptInfoCaches (267ms)
			ResolveRequiredComponents (12ms)
	FinalizeReload (865ms)
		ReleaseScriptCaches (0ms)
		RebuildScriptCaches (0ms)
		SetupLoadedEditorAssemblies (662ms)
			LogAssemblyErrors (0ms)
			InitializePlatformSupportModulesInManaged (9ms)
			SetLoadedEditorAssemblies (4ms)
			BeforeProcessingInitializeOnLoad (139ms)
			ProcessInitializeOnLoadAttributes (367ms)
			ProcessInitializeOnLoadMethodAttributes (141ms)
			AfterProcessingInitializeOnLoad (2ms)
			EditorAssembliesLoaded (1ms)
		ExecutionOrderSort2 (0ms)
		AwakeInstancesAfterBackupRestoration (27ms)
Refreshing native plugins compatible for Editor in 1.37 ms, found 3 plugins.
Preloading 0 native plugins for Editor in 0.00 ms.
Unloading 7 Unused Serialized files (Serialized files now loaded: 0)
Unloading 10604 unused Assets / (6.6 MB). Loaded Objects now: 12069.
Memory consumption went from 273.9 MB to 267.3 MB.
Total: 11.785700 ms (FindLiveObjects: 0.869400 ms CreateObjectMapping: 0.821500 ms MarkObjects: 5.814300 ms  DeleteObjects: 4.279300 ms)

Prepare: number of updated asset objects reloaded= 0
========================================================================
Received Prepare
Begin MonoManager ReloadAssembly
Symbol file LoadedFromMemory is not a mono symbol file
- Loaded All Assemblies, in  0.776 seconds
'Packages/com.unity.cinemachine/Editor/Obsolete/CinemachineVirtualCameraBaseEditor.cs' contains partial class of Unity.Object, exactly 1 of the partial classes needs to be in a file with the same filename. This is to know the one that can be referenced from ie. GameObjects
'Packages/com.unity.cinemachine/Editor/Editors/CinemachineVirtualCameraBaseEditor.cs' contains partial class of Unity.Object, exactly 1 of the partial classes needs to be in a file with the same filename. This is to know the one that can be referenced from ie. GameObjects
Refreshing native plugins compatible for Editor in 1.08 ms, found 3 plugins.
Native extension for iOS target not found
Native extension for Android target not found
Native extension for UWP target not found
Native extension for WindowsStandalone target not found
[Package Manager] Failed to launch server process. Reason: Unity was launched with the -noUpm command-line argument
[Package Manager] Unable to send message (not connected to server process).
[Package Manager] Cannot connect to Unity Package Manager local server
[Package Manager] Failed to launch server process. Reason: Unity was launched with the -noUpm command-line argument
[Package Manager] Unable to send message (not connected to server process).
[Package Manager] Cannot connect to Unity Package Manager local server
ScheduleIndexationOnStartup MainProcess:False IndexOnStartup:True
Mono: successfully reloaded assembly
[Package Manager] Failed to launch server process. Reason: Unity was launched with the -noUpm command-line argument
[Package Manager] Unable to send message (not connected to server process).
[Package Manager] Cannot connect to Unity Package Manager local server
- Finished resetting the current domain, in  0.837 seconds
Domain Reload Profiling: 1618ms
	BeginReloadAssembly (189ms)
		ExecutionOrderSort (0ms)
		DisableScriptedObjects (6ms)
		BackupInstance (0ms)
		ReleaseScriptingObjects (0ms)
		CreateAndSetChildDomain (51ms)
	RebuildCommonClasses (31ms)
	RebuildNativeTypeToScriptingClass (12ms)
	initialDomainReloadingComplete (43ms)
	LoadAllAssembliesAndSetupDomain (505ms)
		LoadAssemblies (303ms)
		RebuildTransferFunctionScriptingTraits (0ms)
		AnalyzeDomain (272ms)
			TypeCache.Refresh (8ms)
				TypeCache.ScanAssembly (0ms)
			BuildScriptInfoCaches (248ms)
			ResolveRequiredComponents (11ms)
	FinalizeReload (837ms)
		ReleaseScriptCaches (0ms)
		RebuildScriptCaches (0ms)
		SetupLoadedEditorAssemblies (638ms)
			LogAssemblyErrors (0ms)
			InitializePlatformSupportModulesInManaged (9ms)
			SetLoadedEditorAssemblies (4ms)
			BeforeProcessingInitializeOnLoad (142ms)
			ProcessInitializeOnLoadAttributes (344ms)
			ProcessInitializeOnLoadMethodAttributes (136ms)
			AfterProcessingInitializeOnLoad (3ms)
			EditorAssembliesLoaded (1ms)
		ExecutionOrderSort2 (0ms)
		AwakeInstancesAfterBackupRestoration (27ms)
Refreshing native plugins compatible for Editor in 1.18 ms, found 3 plugins.
Preloading 0 native plugins for Editor in 0.00 ms.
Unloading 7 Unused Serialized files (Serialized files now loaded: 0)
Unloading 10604 unused Assets / (6.8 MB). Loaded Objects now: 12073.
Memory consumption went from 273.7 MB to 266.9 MB.
Total: 10.740400 ms (FindLiveObjects: 0.873800 ms CreateObjectMapping: 0.882300 ms MarkObjects: 5.405000 ms  DeleteObjects: 3.578400 ms)

Prepare: number of updated asset objects reloaded= 0
========================================================================
Received Prepare
Begin MonoManager ReloadAssembly
[Licensing::Client] Successfully resolved entitlement details
Symbol file LoadedFromMemory is not a mono symbol file
- Loaded All Assemblies, in  0.778 seconds
'Packages/com.unity.cinemachine/Editor/Obsolete/CinemachineVirtualCameraBaseEditor.cs' contains partial class of Unity.Object, exactly 1 of the partial classes needs to be in a file with the same filename. This is to know the one that can be referenced from ie. GameObjects
'Packages/com.unity.cinemachine/Editor/Editors/CinemachineVirtualCameraBaseEditor.cs' contains partial class of Unity.Object, exactly 1 of the partial classes needs to be in a file with the same filename. This is to know the one that can be referenced from ie. GameObjects
Refreshing native plugins compatible for Editor in 1.11 ms, found 3 plugins.
Native extension for iOS target not found
Native extension for Android target not found
Native extension for UWP target not found
Native extension for WindowsStandalone target not found
[Package Manager] Failed to launch server process. Reason: Unity was launched with the -noUpm command-line argument
[Package Manager] Unable to send message (not connected to server process).
[Package Manager] Cannot connect to Unity Package Manager local server
[Package Manager] Failed to launch server process. Reason: Unity was launched with the -noUpm command-line argument
[Package Manager] Unable to send message (not connected to server process).
[Package Manager] Cannot connect to Unity Package Manager local server
ScheduleIndexationOnStartup MainProcess:False IndexOnStartup:True
Mono: successfully reloaded assembly
[Package Manager] Failed to launch server process. Reason: Unity was launched with the -noUpm command-line argument
[Package Manager] Unable to send message (not connected to server process).
[Package Manager] Cannot connect to Unity Package Manager local server
- Finished resetting the current domain, in  0.831 seconds
Domain Reload Profiling: 1615ms
	BeginReloadAssembly (187ms)
		ExecutionOrderSort (0ms)
		DisableScriptedObjects (7ms)
		BackupInstance (0ms)
		ReleaseScriptingObjects (0ms)
		CreateAndSetChildDomain (45ms)
	RebuildCommonClasses (28ms)
	RebuildNativeTypeToScriptingClass (11ms)
	initialDomainReloadingComplete (38ms)
	LoadAllAssembliesAndSetupDomain (521ms)
		LoadAssemblies (294ms)
		RebuildTransferFunctionScriptingTraits (0ms)
		AnalyzeDomain (296ms)
			TypeCache.Refresh (9ms)
				TypeCache.ScanAssembly (0ms)
			BuildScriptInfoCaches (271ms)
			ResolveRequiredComponents (11ms)
	FinalizeReload (831ms)
		ReleaseScriptCaches (0ms)
		RebuildScriptCaches (0ms)
		SetupLoadedEditorAssemblies (638ms)
			LogAssemblyErrors (0ms)
			InitializePlatformSupportModulesInManaged (9ms)
			SetLoadedEditorAssemblies (3ms)
			BeforeProcessingInitializeOnLoad (138ms)
			ProcessInitializeOnLoadAttributes (354ms)
			ProcessInitializeOnLoadMethodAttributes (131ms)
			AfterProcessingInitializeOnLoad (2ms)
			EditorAssembliesLoaded (1ms)
		ExecutionOrderSort2 (0ms)
		AwakeInstancesAfterBackupRestoration (26ms)
Refreshing native plugins compatible for Editor in 1.36 ms, found 3 plugins.
Preloading 0 native plugins for Editor in 0.00 ms.
Unloading 7 Unused Serialized files (Serialized files now loaded: 0)
Unloading 10604 unused Assets / (6.4 MB). Loaded Objects now: 12077.
Memory consumption went from 273.8 MB to 267.5 MB.
Total: 11.258700 ms (FindLiveObjects: 0.840200 ms CreateObjectMapping: 0.844200 ms MarkObjects: 6.179900 ms  DeleteObjects: 3.392800 ms)

Prepare: number of updated asset objects reloaded= 0
========================================================================
Received Prepare
Begin MonoManager ReloadAssembly
[Licensing::Client] Successfully resolved entitlement details
Symbol file LoadedFromMemory is not a mono symbol file
- Loaded All Assemblies, in  0.759 seconds
'Packages/com.unity.cinemachine/Editor/Obsolete/CinemachineVirtualCameraBaseEditor.cs' contains partial class of Unity.Object, exactly 1 of the partial classes needs to be in a file with the same filename. This is to know the one that can be referenced from ie. GameObjects
'Packages/com.unity.cinemachine/Editor/Editors/CinemachineVirtualCameraBaseEditor.cs' contains partial class of Unity.Object, exactly 1 of the partial classes needs to be in a file with the same filename. This is to know the one that can be referenced from ie. GameObjects
Refreshing native plugins compatible for Editor in 1.13 ms, found 3 plugins.
Native extension for iOS target not found
Native extension for Android target not found
Native extension for UWP target not found
Native extension for WindowsStandalone target not found
[Package Manager] Failed to launch server process. Reason: Unity was launched with the -noUpm command-line argument
[Package Manager] Unable to send message (not connected to server process).
[Package Manager] Cannot connect to Unity Package Manager local server
[Package Manager] Failed to launch server process. Reason: Unity was launched with the -noUpm command-line argument
[Package Manager] Unable to send message (not connected to server process).
[Package Manager] Cannot connect to Unity Package Manager local server
ScheduleIndexationOnStartup MainProcess:False IndexOnStartup:True
Mono: successfully reloaded assembly
[Package Manager] Failed to launch server process. Reason: Unity was launched with the -noUpm command-line argument
[Package Manager] Unable to send message (not connected to server process).
[Package Manager] Cannot connect to Unity Package Manager local server
- Finished resetting the current domain, in  0.826 seconds
Domain Reload Profiling: 1590ms
	BeginReloadAssembly (187ms)
		ExecutionOrderSort (0ms)
		DisableScriptedObjects (6ms)
		BackupInstance (0ms)
		ReleaseScriptingObjects (0ms)
		CreateAndSetChildDomain (49ms)
	RebuildCommonClasses (28ms)
	RebuildNativeTypeToScriptingClass (11ms)
	initialDomainReloadingComplete (39ms)
	LoadAllAssembliesAndSetupDomain (499ms)
		LoadAssemblies (289ms)
		RebuildTransferFunctionScriptingTraits (0ms)
		AnalyzeDomain (278ms)
			TypeCache.Refresh (8ms)
				TypeCache.ScanAssembly (0ms)
			BuildScriptInfoCaches (254ms)
			ResolveRequiredComponents (11ms)
	FinalizeReload (826ms)
		ReleaseScriptCaches (0ms)
		RebuildScriptCaches (0ms)
		SetupLoadedEditorAssemblies (635ms)
			LogAssemblyErrors (0ms)
			InitializePlatformSupportModulesInManaged (9ms)
			SetLoadedEditorAssemblies (4ms)
			BeforeProcessingInitializeOnLoad (136ms)
			ProcessInitializeOnLoadAttributes (352ms)
			ProcessInitializeOnLoadMethodAttributes (132ms)
			AfterProcessingInitializeOnLoad (2ms)
			EditorAssembliesLoaded (1ms)
		ExecutionOrderSort2 (0ms)
		AwakeInstancesAfterBackupRestoration (26ms)
Refreshing native plugins compatible for Editor in 1.26 ms, found 3 plugins.
Preloading 0 native plugins for Editor in 0.00 ms.
Unloading 7 Unused Serialized files (Serialized files now loaded: 0)
Unloading 10604 unused Assets / (6.5 MB). Loaded Objects now: 12081.
Memory consumption went from 273.9 MB to 267.4 MB.
Total: 10.536600 ms (FindLiveObjects: 0.872200 ms CreateObjectMapping: 0.800800 ms MarkObjects: 5.411400 ms  DeleteObjects: 3.450100 ms)

Prepare: number of updated asset objects reloaded= 0
========================================================================
Received Import Request.
  Time since last request: 245.269681 seconds.
  path: Assets/Projeto/Prefabs/MacabeaDoMal.prefab
  artifactKey: Guid(f3dd227d9a6fe224bbaef8c03d5f4c42) Importer(815301076,1909f56bfc062723c751e8b465ee728b)
Start importing Assets/Projeto/Prefabs/MacabeaDoMal.prefab using Guid(f3dd227d9a6fe224bbaef8c03d5f4c42) Importer(815301076,1909f56bfc062723c751e8b465ee728b) (PreviewImporter)Asset '(MM)AnimatorCharacter': Transition 'Armature|interact -> Exit' in state 'Armature|interact' doesn't have an Exit Time or any condition, transition will be ignored
UnityEngine.Debug:ExtractStackTraceNoAlloc (byte*,int,string)
UnityEngine.StackTraceUtility:ExtractStackTrace ()
UnityEditor.EditorUtility:Internal_InstantiateRemoveAllNonAnimationComponentsSingle (UnityEngine.Object,UnityEngine.Vector3,UnityEngine.Quaternion)
UnityEditor.EditorUtility:InstantiateRemoveAllNonAnimationComponents (UnityEngine.Object,UnityEngine.Vector3,UnityEngine.Quaternion)
UnityEditor.EditorUtility:InstantiateForAnimatorPreview (UnityEngine.Object)
UnityEditor.GameObjectInspector/PreviewData:UpdateGameObject (UnityEngine.Object)
UnityEditor.GameObjectInspector/PreviewData:.ctor (UnityEngine.Object,bool)
UnityEditor.GameObjectInspector:GetPreviewData (bool)
UnityEditor.GameObjectInspector:RenderStaticPreview (string,UnityEngine.Object[],int,int)
UnityEditor.AssetPreviewUpdater:CreatePreview (UnityEngine.Object,UnityEngine.Object[],string,int,int)
UnityEditor.AssetPreviewUpdater:CreatePreviewForAsset (UnityEngine.Object,UnityEngine.Object[],string)

[C:\build\output\unity\unity\Editor\Src\Animation\StateMachine.cpp line 1861]

 -> (artifact id: '2fd23adfd09131b41c024bc8957aef05') in 0.7908792 seconds
Number of updated asset objects reloaded before import = 0Number of asset objects unloaded after import = 248

========================================================================
Received Import Request.
  Time since last request: 3.907564 seconds.
  path: Assets/Projeto/Prefabs/MacabeaDoMal.prefab
  artifactKey: Guid(f3dd227d9a6fe224bbaef8c03d5f4c42) Importer(815301076,1909f56bfc062723c751e8b465ee728b)
Start importing Assets/Projeto/Prefabs/MacabeaDoMal.prefab using Guid(f3dd227d9a6fe224bbaef8c03d5f4c42) Importer(815301076,1909f56bfc062723c751e8b465ee728b) (PreviewImporter)Asset '(MM)AnimatorCharacter': Transition 'Armature|interact -> Exit' in state 'Armature|interact' doesn't have an Exit Time or any condition, transition will be ignored
UnityEngine.Debug:ExtractStackTraceNoAlloc (byte*,int,string)
UnityEngine.StackTraceUtility:ExtractStackTrace ()
UnityEditor.EditorUtility:Internal_InstantiateRemoveAllNonAnimationComponentsSingle (UnityEngine.Object,UnityEngine.Vector3,UnityEngine.Quaternion)
UnityEditor.EditorUtility:InstantiateRemoveAllNonAnimationComponents (UnityEngine.Object,UnityEngine.Vector3,UnityEngine.Quaternion)
UnityEditor.EditorUtility:InstantiateForAnimatorPreview (UnityEngine.Object)
UnityEditor.GameObjectInspector/PreviewData:UpdateGameObject (UnityEngine.Object)
UnityEditor.GameObjectInspector/PreviewData:.ctor (UnityEngine.Object,bool)
UnityEditor.GameObjectInspector:GetPreviewData (bool)
UnityEditor.GameObjectInspector:RenderStaticPreview (string,UnityEngine.Object[],int,int)
UnityEditor.AssetPreviewUpdater:CreatePreview (UnityEngine.Object,UnityEngine.Object[],string,int,int)
UnityEditor.AssetPreviewUpdater:CreatePreviewForAsset (UnityEngine.Object,UnityEngine.Object[],string)

[C:\build\output\unity\unity\Editor\Src\Animation\StateMachine.cpp line 1861]

 -> (artifact id: 'd37591d19ed9e4f0e65fb55b570fa8be') in 0.0248121 seconds
Number of updated asset objects reloaded before import = 0Number of asset objects unloaded after import = 247

========================================================================
Received Import Request.
  Time since last request: 7.566766 seconds.
  path: Assets/Projeto/Prefabs/MacabeaDoMal.prefab
  artifactKey: Guid(f3dd227d9a6fe224bbaef8c03d5f4c42) Importer(815301076,1909f56bfc062723c751e8b465ee728b)
Start importing Assets/Projeto/Prefabs/MacabeaDoMal.prefab using Guid(f3dd227d9a6fe224bbaef8c03d5f4c42) Importer(815301076,1909f56bfc062723c751e8b465ee728b) (PreviewImporter)Asset '(MM)AnimatorCharacter': Transition 'Armature|interact -> Exit' in state 'Armature|interact' doesn't have an Exit Time or any condition, transition will be ignored
UnityEngine.Debug:ExtractStackTraceNoAlloc (byte*,int,string)
UnityEngine.StackTraceUtility:ExtractStackTrace ()
UnityEditor.EditorUtility:Internal_InstantiateRemoveAllNonAnimationComponentsSingle (UnityEngine.Object,UnityEngine.Vector3,UnityEngine.Quaternion)
UnityEditor.EditorUtility:InstantiateRemoveAllNonAnimationComponents (UnityEngine.Object,UnityEngine.Vector3,UnityEngine.Quaternion)
UnityEditor.EditorUtility:InstantiateForAnimatorPreview (UnityEngine.Object)
UnityEditor.GameObjectInspector/PreviewData:UpdateGameObject (UnityEngine.Object)
UnityEditor.GameObjectInspector/PreviewData:.ctor (UnityEngine.Object,bool)
UnityEditor.GameObjectInspector:GetPreviewData (bool)
UnityEditor.GameObjectInspector:RenderStaticPreview (string,UnityEngine.Object[],int,int)
UnityEditor.AssetPreviewUpdater:CreatePreview (UnityEngine.Object,UnityEngine.Object[],string,int,int)
UnityEditor.AssetPreviewUpdater:CreatePreviewForAsset (UnityEngine.Object,UnityEngine.Object[],string)

[C:\build\output\unity\unity\Editor\Src\Animation\StateMachine.cpp line 1861]

 -> (artifact id: '0e754d3aa8c7af07d44b5d7eeb730bd2') in 0.0156404 seconds
Number of updated asset objects reloaded before import = 0Number of asset objects unloaded after import = 248

========================================================================
Received Import Request.
  Time since last request: 0.508810 seconds.
  path: Assets/Projeto/Prefabs/MacabeaDoMal.prefab
  artifactKey: Guid(f3dd227d9a6fe224bbaef8c03d5f4c42) Importer(815301076,1909f56bfc062723c751e8b465ee728b)
Start importing Assets/Projeto/Prefabs/MacabeaDoMal.prefab using Guid(f3dd227d9a6fe224bbaef8c03d5f4c42) Importer(815301076,1909f56bfc062723c751e8b465ee728b) (PreviewImporter)Asset '(MM)AnimatorCharacter': Transition 'Armature|interact -> Exit' in state 'Armature|interact' doesn't have an Exit Time or any condition, transition will be ignored
UnityEngine.Debug:ExtractStackTraceNoAlloc (byte*,int,string)
UnityEngine.StackTraceUtility:ExtractStackTrace ()
UnityEditor.EditorUtility:Internal_InstantiateRemoveAllNonAnimationComponentsSingle (UnityEngine.Object,UnityEngine.Vector3,UnityEngine.Quaternion)
UnityEditor.EditorUtility:InstantiateRemoveAllNonAnimationComponents (UnityEngine.Object,UnityEngine.Vector3,UnityEngine.Quaternion)
UnityEditor.EditorUtility:InstantiateForAnimatorPreview (UnityEngine.Object)
UnityEditor.GameObjectInspector/PreviewData:UpdateGameObject (UnityEngine.Object)
UnityEditor.GameObjectInspector/PreviewData:.ctor (UnityEngine.Object,bool)
UnityEditor.GameObjectInspector:GetPreviewData (bool)
UnityEditor.GameObjectInspector:RenderStaticPreview (string,UnityEngine.Object[],int,int)
UnityEditor.AssetPreviewUpdater:CreatePreview (UnityEngine.Object,UnityEngine.Object[],string,int,int)
UnityEditor.AssetPreviewUpdater:CreatePreviewForAsset (UnityEngine.Object,UnityEngine.Object[],string)

[C:\build\output\unity\unity\Editor\Src\Animation\StateMachine.cpp line 1861]

 -> (artifact id: '0a045e3f6888c209f7e4f00b36d336f2') in 0.0167667 seconds
Number of updated asset objects reloaded before import = 0Number of asset objects unloaded after import = 248

========================================================================
Received Import Request.
  Time since last request: 49.482018 seconds.
  path: Assets/Projeto/Prefabs/Macabea.prefab
  artifactKey: Guid(6e7808476cbd4e944bb1136fc411f8e9) Importer(815301076,1909f56bfc062723c751e8b465ee728b)
Start importing Assets/Projeto/Prefabs/Macabea.prefab using Guid(6e7808476cbd4e944bb1136fc411f8e9) Importer(815301076,1909f56bfc062723c751e8b465ee728b) (PreviewImporter)Asset '(MB)AnimatorCharacter': Transition 'Armature|interact -> Exit' in state 'Armature|interact' doesn't have an Exit Time or any condition, transition will be ignored
UnityEngine.Debug:ExtractStackTraceNoAlloc (byte*,int,string)
UnityEngine.StackTraceUtility:ExtractStackTrace ()
UnityEditor.EditorUtility:Internal_InstantiateRemoveAllNonAnimationComponentsSingle (UnityEngine.Object,UnityEngine.Vector3,UnityEngine.Quaternion)
UnityEditor.EditorUtility:InstantiateRemoveAllNonAnimationComponents (UnityEngine.Object,UnityEngine.Vector3,UnityEngine.Quaternion)
UnityEditor.EditorUtility:InstantiateForAnimatorPreview (UnityEngine.Object)
UnityEditor.GameObjectInspector/PreviewData:UpdateGameObject (UnityEngine.Object)
UnityEditor.GameObjectInspector/PreviewData:.ctor (UnityEngine.Object,bool)
UnityEditor.GameObjectInspector:GetPreviewData (bool)
UnityEditor.GameObjectInspector:RenderStaticPreview (string,UnityEngine.Object[],int,int)
UnityEditor.AssetPreviewUpdater:CreatePreview (UnityEngine.Object,UnityEngine.Object[],string,int,int)
UnityEditor.AssetPreviewUpdater:CreatePreviewForAsset (UnityEngine.Object,UnityEngine.Object[],string)

[C:\build\output\unity\unity\Editor\Src\Animation\StateMachine.cpp line 1861]

 -> (artifact id: 'c37fc7a448e7f8a167d5e14e4a038be5') in 0.0165991 seconds
Number of updated asset objects reloaded before import = 0Number of asset objects unloaded after import = 247

========================================================================
Received Import Request.
  Time since last request: 66.718476 seconds.
  path: Assets/Projeto/Prefabs/Fortão.prefab
  artifactKey: Guid(19477ad89e14f2242afd340bb019fb89) Importer(815301076,1909f56bfc062723c751e8b465ee728b)
Start importing Assets/Projeto/Prefabs/Fortão.prefab using Guid(19477ad89e14f2242afd340bb019fb89) Importer(815301076,1909f56bfc062723c751e8b465ee728b) (PreviewImporter)Asset '(FB)AnimatorCharacter': Transition 'Armature|interact -> Exit' in state 'Armature|interact' doesn't have an Exit Time or any condition, transition will be ignored
UnityEngine.Debug:ExtractStackTraceNoAlloc (byte*,int,string)
UnityEngine.StackTraceUtility:ExtractStackTrace ()
UnityEditor.EditorUtility:Internal_InstantiateRemoveAllNonAnimationComponentsSingle (UnityEngine.Object,UnityEngine.Vector3,UnityEngine.Quaternion)
UnityEditor.EditorUtility:InstantiateRemoveAllNonAnimationComponents (UnityEngine.Object,UnityEngine.Vector3,UnityEngine.Quaternion)
UnityEditor.EditorUtility:InstantiateForAnimatorPreview (UnityEngine.Object)
UnityEditor.GameObjectInspector/PreviewData:UpdateGameObject (UnityEngine.Object)
UnityEditor.GameObjectInspector/PreviewData:.ctor (UnityEngine.Object,bool)
UnityEditor.GameObjectInspector:GetPreviewData (bool)
UnityEditor.GameObjectInspector:RenderStaticPreview (string,UnityEngine.Object[],int,int)
UnityEditor.AssetPreviewUpdater:CreatePreview (UnityEngine.Object,UnityEngine.Object[],string,int,int)
UnityEditor.AssetPreviewUpdater:CreatePreviewForAsset (UnityEngine.Object,UnityEngine.Object[],string)

[C:\build\output\unity\unity\Editor\Src\Animation\StateMachine.cpp line 1861]

 -> (artifact id: 'f6c88645356624a4d18b7c023c47c21f') in 0.0305956 seconds
Number of updated asset objects reloaded before import = 0Number of asset objects unloaded after import = 198

========================================================================
Received Import Request.
  Time since last request: 0.695994 seconds.
  path: Assets/Projeto/Prefabs/Fortão.prefab
  artifactKey: Guid(19477ad89e14f2242afd340bb019fb89) Importer(815301076,1909f56bfc062723c751e8b465ee728b)
Start importing Assets/Projeto/Prefabs/Fortão.prefab using Guid(19477ad89e14f2242afd340bb019fb89) Importer(815301076,1909f56bfc062723c751e8b465ee728b) (PreviewImporter)Asset '(FB)AnimatorCharacter': Transition 'Armature|interact -> Exit' in state 'Armature|interact' doesn't have an Exit Time or any condition, transition will be ignored
UnityEngine.Debug:ExtractStackTraceNoAlloc (byte*,int,string)
UnityEngine.StackTraceUtility:ExtractStackTrace ()
UnityEditor.EditorUtility:Internal_InstantiateRemoveAllNonAnimationComponentsSingle (UnityEngine.Object,UnityEngine.Vector3,UnityEngine.Quaternion)
UnityEditor.EditorUtility:InstantiateRemoveAllNonAnimationComponents (UnityEngine.Object,UnityEngine.Vector3,UnityEngine.Quaternion)
UnityEditor.EditorUtility:InstantiateForAnimatorPreview (UnityEngine.Object)
UnityEditor.GameObjectInspector/PreviewData:UpdateGameObject (UnityEngine.Object)
UnityEditor.GameObjectInspector/PreviewData:.ctor (UnityEngine.Object,bool)
UnityEditor.GameObjectInspector:GetPreviewData (bool)
UnityEditor.GameObjectInspector:RenderStaticPreview (string,UnityEngine.Object[],int,int)
UnityEditor.AssetPreviewUpdater:CreatePreview (UnityEngine.Object,UnityEngine.Object[],string,int,int)
UnityEditor.AssetPreviewUpdater:CreatePreviewForAsset (UnityEngine.Object,UnityEngine.Object[],string)

[C:\build\output\unity\unity\Editor\Src\Animation\StateMachine.cpp line 1861]

 -> (artifact id: '38763af8367c03b09405d1ed9b4b3c03') in 0.014704 seconds
Number of updated asset objects reloaded before import = 0Number of asset objects unloaded after import = 198

========================================================================
Received Import Request.
  Time since last request: 3.994669 seconds.
  path: Assets/Projeto/Prefabs/FortãoDoMal.prefab
  artifactKey: Guid(c9d4dc62472744c49bfb2979ad46836b) Importer(815301076,1909f56bfc062723c751e8b465ee728b)
Start importing Assets/Projeto/Prefabs/FortãoDoMal.prefab using Guid(c9d4dc62472744c49bfb2979ad46836b) Importer(815301076,1909f56bfc062723c751e8b465ee728b) (PreviewImporter)Asset '(FM)AnimatorCharacter': Transition 'Armature|grab -> Exit' in state 'Armature|grab' doesn't have an Exit Time or any condition, transition will be ignored
UnityEngine.Debug:ExtractStackTraceNoAlloc (byte*,int,string)
UnityEngine.StackTraceUtility:ExtractStackTrace ()
UnityEditor.EditorUtility:Internal_InstantiateRemoveAllNonAnimationComponentsSingle (UnityEngine.Object,UnityEngine.Vector3,UnityEngine.Quaternion)
UnityEditor.EditorUtility:InstantiateRemoveAllNonAnimationComponents (UnityEngine.Object,UnityEngine.Vector3,UnityEngine.Quaternion)
UnityEditor.EditorUtility:InstantiateForAnimatorPreview (UnityEngine.Object)
UnityEditor.GameObjectInspector/PreviewData:UpdateGameObject (UnityEngine.Object)
UnityEditor.GameObjectInspector/PreviewData:.ctor (UnityEngine.Object,bool)
UnityEditor.GameObjectInspector:GetPreviewData (bool)
UnityEditor.GameObjectInspector:RenderStaticPreview (string,UnityEngine.Object[],int,int)
UnityEditor.AssetPreviewUpdater:CreatePreview (UnityEngine.Object,UnityEngine.Object[],string,int,int)
UnityEditor.AssetPreviewUpdater:CreatePreviewForAsset (UnityEngine.Object,UnityEngine.Object[],string)

[C:\build\output\unity\unity\Editor\Src\Animation\StateMachine.cpp line 1861]

 -> (artifact id: 'b8c12402f0d76b4de74f1482f1333b7f') in 0.0234987 seconds
Number of updated asset objects reloaded before import = 0Number of asset objects unloaded after import = 200

========================================================================
Received Prepare
Begin MonoManager ReloadAssembly
[Licensing::Client] Successfully resolved entitlement details
Leak Detected : Persistent allocates 8 individual allocations. To find out more please enable 'Preferences > Jobs > Leak Detection Level > Enabled With Stack Trace' and reproduce the leak again.
Symbol file LoadedFromMemory is not a mono symbol file
- Loaded All Assemblies, in  0.824 seconds
'Packages/com.unity.cinemachine/Editor/Obsolete/CinemachineVirtualCameraBaseEditor.cs' contains partial class of Unity.Object, exactly 1 of the partial classes needs to be in a file with the same filename. This is to know the one that can be referenced from ie. GameObjects
'Packages/com.unity.cinemachine/Editor/Editors/CinemachineVirtualCameraBaseEditor.cs' contains partial class of Unity.Object, exactly 1 of the partial classes needs to be in a file with the same filename. This is to know the one that can be referenced from ie. GameObjects
Refreshing native plugins compatible for Editor in 1.06 ms, found 3 plugins.
Native extension for iOS target not found
Native extension for Android target not found
Native extension for UWP target not found
Native extension for WindowsStandalone target not found
[Package Manager] Failed to launch server process. Reason: Unity was launched with the -noUpm command-line argument
[Package Manager] Unable to send message (not connected to server process).
[Package Manager] Cannot connect to Unity Package Manager local server
[Package Manager] Failed to launch server process. Reason: Unity was launched with the -noUpm command-line argument
[Package Manager] Unable to send message (not connected to server process).
[Package Manager] Cannot connect to Unity Package Manager local server
ScheduleIndexationOnStartup MainProcess:False IndexOnStartup:True
Mono: successfully reloaded assembly
[Package Manager] Failed to launch server process. Reason: Unity was launched with the -noUpm command-line argument
[Package Manager] Unable to send message (not connected to server process).
[Package Manager] Cannot connect to Unity Package Manager local server
- Finished resetting the current domain, in  0.849 seconds
Domain Reload Profiling: 1677ms
	BeginReloadAssembly (252ms)
		ExecutionOrderSort (0ms)
		DisableScriptedObjects (37ms)
		BackupInstance (0ms)
		ReleaseScriptingObjects (0ms)
		CreateAndSetChildDomain (75ms)
	RebuildCommonClasses (28ms)
	RebuildNativeTypeToScriptingClass (11ms)
	initialDomainReloadingComplete (44ms)
	LoadAllAssembliesAndSetupDomain (493ms)
		LoadAssemblies (287ms)
		RebuildTransferFunctionScriptingTraits (0ms)
		AnalyzeDomain (279ms)
			TypeCache.Refresh (7ms)
				TypeCache.ScanAssembly (0ms)
			BuildScriptInfoCaches (256ms)
			ResolveRequiredComponents (11ms)
	FinalizeReload (849ms)
		ReleaseScriptCaches (0ms)
		RebuildScriptCaches (0ms)
		SetupLoadedEditorAssemblies (652ms)
			LogAssemblyErrors (0ms)
			InitializePlatformSupportModulesInManaged (10ms)
			SetLoadedEditorAssemblies (4ms)
			BeforeProcessingInitializeOnLoad (139ms)
			ProcessInitializeOnLoadAttributes (361ms)
			ProcessInitializeOnLoadMethodAttributes (137ms)
			AfterProcessingInitializeOnLoad (2ms)
			EditorAssembliesLoaded (1ms)
		ExecutionOrderSort2 (0ms)
		AwakeInstancesAfterBackupRestoration (27ms)
Refreshing native plugins compatible for Editor in 1.17 ms, found 3 plugins.
Preloading 0 native plugins for Editor in 0.00 ms.
Unloading 7 Unused Serialized files (Serialized files now loaded: 0)
Unloading 10604 unused Assets / (6.2 MB). Loaded Objects now: 12150.
Memory consumption went from 274.4 MB to 268.2 MB.
Total: 11.033200 ms (FindLiveObjects: 0.815900 ms CreateObjectMapping: 1.625700 ms MarkObjects: 5.811300 ms  DeleteObjects: 2.778200 ms)

Prepare: number of updated asset objects reloaded= 0
========================================================================
Received Prepare
Begin MonoManager ReloadAssembly
Symbol file LoadedFromMemory is not a mono symbol file
- Loaded All Assemblies, in  0.788 seconds
'Packages/com.unity.cinemachine/Editor/Obsolete/CinemachineVirtualCameraBaseEditor.cs' contains partial class of Unity.Object, exactly 1 of the partial classes needs to be in a file with the same filename. This is to know the one that can be referenced from ie. GameObjects
'Packages/com.unity.cinemachine/Editor/Editors/CinemachineVirtualCameraBaseEditor.cs' contains partial class of Unity.Object, exactly 1 of the partial classes needs to be in a file with the same filename. This is to know the one that can be referenced from ie. GameObjects
Refreshing native plugins compatible for Editor in 1.00 ms, found 3 plugins.
Native extension for iOS target not found
Native extension for Android target not found
Native extension for UWP target not found
Native extension for WindowsStandalone target not found
[Package Manager] Failed to launch server process. Reason: Unity was launched with the -noUpm command-line argument
[Package Manager] Unable to send message (not connected to server process).
[Package Manager] Cannot connect to Unity Package Manager local server
[Package Manager] Failed to launch server process. Reason: Unity was launched with the -noUpm command-line argument
[Package Manager] Unable to send message (not connected to server process).
[Package Manager] Cannot connect to Unity Package Manager local server
ScheduleIndexationOnStartup MainProcess:False IndexOnStartup:True
Mono: successfully reloaded assembly
[Package Manager] Failed to launch server process. Reason: Unity was launched with the -noUpm command-line argument
[Package Manager] Unable to send message (not connected to server process).
[Package Manager] Cannot connect to Unity Package Manager local server
- Finished resetting the current domain, in  0.862 seconds
Domain Reload Profiling: 1656ms
	BeginReloadAssembly (195ms)
		ExecutionOrderSort (0ms)
		DisableScriptedObjects (6ms)
		BackupInstance (0ms)
		ReleaseScriptingObjects (0ms)
		CreateAndSetChildDomain (54ms)
	RebuildCommonClasses (28ms)
	RebuildNativeTypeToScriptingClass (11ms)
	initialDomainReloadingComplete (38ms)
	LoadAllAssembliesAndSetupDomain (521ms)
		LoadAssemblies (292ms)
		RebuildTransferFunctionScriptingTraits (0ms)
		AnalyzeDomain (301ms)
			TypeCache.Refresh (9ms)
				TypeCache.ScanAssembly (0ms)
			BuildScriptInfoCaches (274ms)
			ResolveRequiredComponents (13ms)
	FinalizeReload (862ms)
		ReleaseScriptCaches (0ms)
		RebuildScriptCaches (0ms)
		SetupLoadedEditorAssemblies (658ms)
			LogAssemblyErrors (0ms)
			InitializePlatformSupportModulesInManaged (9ms)
			SetLoadedEditorAssemblies (3ms)
			BeforeProcessingInitializeOnLoad (148ms)
			ProcessInitializeOnLoadAttributes (354ms)
			ProcessInitializeOnLoadMethodAttributes (140ms)
			AfterProcessingInitializeOnLoad (2ms)
			EditorAssembliesLoaded (1ms)
		ExecutionOrderSort2 (0ms)
		AwakeInstancesAfterBackupRestoration (28ms)
Refreshing native plugins compatible for Editor in 1.21 ms, found 3 plugins.
Preloading 0 native plugins for Editor in 0.00 ms.
Unloading 7 Unused Serialized files (Serialized files now loaded: 0)
Unloading 10604 unused Assets / (6.4 MB). Loaded Objects now: 12154.
Memory consumption went from 274.2 MB to 267.8 MB.
Total: 10.006400 ms (FindLiveObjects: 0.777400 ms CreateObjectMapping: 0.722000 ms MarkObjects: 5.355000 ms  DeleteObjects: 3.150100 ms)

Prepare: number of updated asset objects reloaded= 0
========================================================================
Received Import Request.
  Time since last request: 249.434987 seconds.
  path: Assets/Projeto/Prefabs/Fortão.prefab
  artifactKey: Guid(19477ad89e14f2242afd340bb019fb89) Importer(815301076,1909f56bfc062723c751e8b465ee728b)
Start importing Assets/Projeto/Prefabs/Fortão.prefab using Guid(19477ad89e14f2242afd340bb019fb89) Importer(815301076,1909f56bfc062723c751e8b465ee728b) (PreviewImporter)Asset '(FB)AnimatorCharacter': Transition 'Armature|interact -> Exit' in state 'Armature|interact' doesn't have an Exit Time or any condition, transition will be ignored
UnityEngine.Debug:ExtractStackTraceNoAlloc (byte*,int,string)
UnityEngine.StackTraceUtility:ExtractStackTrace ()
UnityEditor.EditorUtility:Internal_InstantiateRemoveAllNonAnimationComponentsSingle (UnityEngine.Object,UnityEngine.Vector3,UnityEngine.Quaternion)
UnityEditor.EditorUtility:InstantiateRemoveAllNonAnimationComponents (UnityEngine.Object,UnityEngine.Vector3,UnityEngine.Quaternion)
UnityEditor.EditorUtility:InstantiateForAnimatorPreview (UnityEngine.Object)
UnityEditor.GameObjectInspector/PreviewData:UpdateGameObject (UnityEngine.Object)
UnityEditor.GameObjectInspector/PreviewData:.ctor (UnityEngine.Object,bool)
UnityEditor.GameObjectInspector:GetPreviewData (bool)
UnityEditor.GameObjectInspector:RenderStaticPreview (string,UnityEngine.Object[],int,int)
UnityEditor.AssetPreviewUpdater:CreatePreview (UnityEngine.Object,UnityEngine.Object[],string,int,int)
UnityEditor.AssetPreviewUpdater:CreatePreviewForAsset (UnityEngine.Object,UnityEngine.Object[],string)

[C:\build\output\unity\unity\Editor\Src\Animation\StateMachine.cpp line 1861]

 -> (artifact id: 'c60c1a593f47589f6da0f868e9388741') in 0.9141961 seconds
Number of updated asset objects reloaded before import = 0Number of asset objects unloaded after import = 198

========================================================================
Received Prepare
Begin MonoManager ReloadAssembly
[Licensing::Client] Successfully resolved entitlement details
Leak Detected : Persistent allocates 8 individual allocations. To find out more please enable 'Preferences > Jobs > Leak Detection Level > Enabled With Stack Trace' and reproduce the leak again.
Symbol file LoadedFromMemory is not a mono symbol file
- Loaded All Assemblies, in  0.985 seconds
'Packages/com.unity.cinemachine/Editor/Obsolete/CinemachineVirtualCameraBaseEditor.cs' contains partial class of Unity.Object, exactly 1 of the partial classes needs to be in a file with the same filename. This is to know the one that can be referenced from ie. GameObjects
'Packages/com.unity.cinemachine/Editor/Editors/CinemachineVirtualCameraBaseEditor.cs' contains partial class of Unity.Object, exactly 1 of the partial classes needs to be in a file with the same filename. This is to know the one that can be referenced from ie. GameObjects
Refreshing native plugins compatible for Editor in 1.16 ms, found 3 plugins.
Native extension for iOS target not found
Native extension for Android target not found
Native extension for UWP target not found
Native extension for WindowsStandalone target not found
[Package Manager] Failed to launch server process. Reason: Unity was launched with the -noUpm command-line argument
[Package Manager] Unable to send message (not connected to server process).
[Package Manager] Cannot connect to Unity Package Manager local server
[Package Manager] Failed to launch server process. Reason: Unity was launched with the -noUpm command-line argument
[Package Manager] Unable to send message (not connected to server process).
[Package Manager] Cannot connect to Unity Package Manager local server
ScheduleIndexationOnStartup MainProcess:False IndexOnStartup:True
Mono: successfully reloaded assembly
[Package Manager] Failed to launch server process. Reason: Unity was launched with the -noUpm command-line argument
[Package Manager] Unable to send message (not connected to server process).
[Package Manager] Cannot connect to Unity Package Manager local server
- Finished resetting the current domain, in  0.961 seconds
Domain Reload Profiling: 1950ms
	BeginReloadAssembly (315ms)
		ExecutionOrderSort (0ms)
		DisableScriptedObjects (56ms)
		BackupInstance (0ms)
		ReleaseScriptingObjects (0ms)
		CreateAndSetChildDomain (91ms)
	RebuildCommonClasses (31ms)
	RebuildNativeTypeToScriptingClass (14ms)
	initialDomainReloadingComplete (51ms)
	LoadAllAssembliesAndSetupDomain (580ms)
		LoadAssemblies (360ms)
		RebuildTransferFunctionScriptingTraits (0ms)
		AnalyzeDomain (301ms)
			TypeCache.Refresh (9ms)
				TypeCache.ScanAssembly (0ms)
			BuildScriptInfoCaches (275ms)
			ResolveRequiredComponents (11ms)
	FinalizeReload (961ms)
		ReleaseScriptCaches (0ms)
		RebuildScriptCaches (0ms)
		SetupLoadedEditorAssemblies (724ms)
			LogAssemblyErrors (0ms)
			InitializePlatformSupportModulesInManaged (11ms)
			SetLoadedEditorAssemblies (4ms)
			BeforeProcessingInitializeOnLoad (172ms)
			ProcessInitializeOnLoadAttributes (386ms)
			ProcessInitializeOnLoadMethodAttributes (148ms)
			AfterProcessingInitializeOnLoad (2ms)
			EditorAssembliesLoaded (1ms)
		ExecutionOrderSort2 (0ms)
		AwakeInstancesAfterBackupRestoration (31ms)
Refreshing native plugins compatible for Editor in 2.22 ms, found 3 plugins.
Preloading 0 native plugins for Editor in 0.00 ms.
Unloading 7 Unused Serialized files (Serialized files now loaded: 0)
Unloading 10604 unused Assets / (6.6 MB). Loaded Objects now: 12223.
Memory consumption went from 274.7 MB to 268.1 MB.
Total: 14.258400 ms (FindLiveObjects: 1.355100 ms CreateObjectMapping: 1.514400 ms MarkObjects: 7.841300 ms  DeleteObjects: 3.545200 ms)

Prepare: number of updated asset objects reloaded= 0
========================================================================
Received Prepare
Begin MonoManager ReloadAssembly
Symbol file LoadedFromMemory is not a mono symbol file
- Loaded All Assemblies, in  0.785 seconds
'Packages/com.unity.cinemachine/Editor/Obsolete/CinemachineVirtualCameraBaseEditor.cs' contains partial class of Unity.Object, exactly 1 of the partial classes needs to be in a file with the same filename. This is to know the one that can be referenced from ie. GameObjects
'Packages/com.unity.cinemachine/Editor/Editors/CinemachineVirtualCameraBaseEditor.cs' contains partial class of Unity.Object, exactly 1 of the partial classes needs to be in a file with the same filename. This is to know the one that can be referenced from ie. GameObjects
Refreshing native plugins compatible for Editor in 1.81 ms, found 3 plugins.
Native extension for iOS target not found
Native extension for Android target not found
Native extension for UWP target not found
Native extension for WindowsStandalone target not found
[Package Manager] Failed to launch server process. Reason: Unity was launched with the -noUpm command-line argument
[Package Manager] Unable to send message (not connected to server process).
[Package Manager] Cannot connect to Unity Package Manager local server
[Package Manager] Failed to launch server process. Reason: Unity was launched with the -noUpm command-line argument
[Package Manager] Unable to send message (not connected to server process).
[Package Manager] Cannot connect to Unity Package Manager local server
ScheduleIndexationOnStartup MainProcess:False IndexOnStartup:True
Mono: successfully reloaded assembly
[Package Manager] Failed to launch server process. Reason: Unity was launched with the -noUpm command-line argument
[Package Manager] Unable to send message (not connected to server process).
[Package Manager] Cannot connect to Unity Package Manager local server
- Finished resetting the current domain, in  0.899 seconds
Domain Reload Profiling: 1688ms
	BeginReloadAssembly (194ms)
		ExecutionOrderSort (0ms)
		DisableScriptedObjects (6ms)
		BackupInstance (0ms)
		ReleaseScriptingObjects (0ms)
		CreateAndSetChildDomain (51ms)
	RebuildCommonClasses (32ms)
	RebuildNativeTypeToScriptingClass (12ms)
	initialDomainReloadingComplete (40ms)
	LoadAllAssembliesAndSetupDomain (511ms)
		LoadAssemblies (306ms)
		RebuildTransferFunctionScriptingTraits (0ms)
		AnalyzeDomain (280ms)
			TypeCache.Refresh (9ms)
				TypeCache.ScanAssembly (0ms)
			BuildScriptInfoCaches (256ms)
			ResolveRequiredComponents (11ms)
	FinalizeReload (899ms)
		ReleaseScriptCaches (0ms)
		RebuildScriptCaches (0ms)
		SetupLoadedEditorAssemblies (692ms)
			LogAssemblyErrors (0ms)
			InitializePlatformSupportModulesInManaged (10ms)
			SetLoadedEditorAssemblies (4ms)
			BeforeProcessingInitializeOnLoad (168ms)
			ProcessInitializeOnLoadAttributes (363ms)
			ProcessInitializeOnLoadMethodAttributes (145ms)
			AfterProcessingInitializeOnLoad (2ms)
			EditorAssembliesLoaded (1ms)
		ExecutionOrderSort2 (0ms)
		AwakeInstancesAfterBackupRestoration (30ms)
Refreshing native plugins compatible for Editor in 1.53 ms, found 3 plugins.
Preloading 0 native plugins for Editor in 0.00 ms.
Unloading 7 Unused Serialized files (Serialized files now loaded: 0)
Unloading 10604 unused Assets / (6.6 MB). Loaded Objects now: 12227.
Memory consumption went from 274.5 MB to 267.9 MB.
Total: 11.748100 ms (FindLiveObjects: 0.892600 ms CreateObjectMapping: 0.864900 ms MarkObjects: 6.478500 ms  DeleteObjects: 3.510500 ms)

Prepare: number of updated asset objects reloaded= 0
Editor requested this worker to shutdown with reason: Scaling down because of idle timeout
AssetImportWorker is now disconnected from the server
Process exiting
Exiting without the bug reporter. Application will terminate with return code 0