[Licensing::Module] Trying to connect to existing licensing client channel...
Built from '6000.3/respin/6000.3.6f1-732c1ec89f18' branch; Version is '6000.3.6f1 (bbb010bdb8a3) revision 12300304'; Using compiler version '194234433'; Build Type 'Release'
OS: 'Windows 11  (10.0.26200) Professional' Language: 'pt' Physical Memory: 16089 MB
BatchMode: 1, IsHumanControllingUs: 0, StartBugReporterOnCrash: 0, Is64bit: 1
System  architecture: x64
[Licensing::IpcConnector] Successfully connected to: "LicenseClient-RA00352511" at "2026-08-14T11:03:56.6637042Z"
Process architecture: x64
Date: 2026-08-14T11:03:56Z
[Licensing::Client] Code 10 while verifying Licensing Client signature (process Id: 18516, path: "C:/Program Files/Unity 6000.4.5f1/Editor/Data/Resources/Licensing/Client/Unity.Licensing.Client.exe")
[Licensing::Module] LicensingClient has failed validation; ignoring
[Licensing::Client] Handshaking with LicensingClient:
  Version:                 1.18.1+9fbee8e
  Session Id:              e4f132225cf6404885fb5029b1f0c9d5
  Correlation Id:          0996a16103d32f9434817edf9399440d
  External correlation Id: 3826130156352223052
  Machine Id:              gK2ifRtiWnWvuBlyoYqTxrYXS4s=
[Licensing::Module] Successfully connected to LicensingClient on channel: "LicenseClient-RA00352511" (connect: 0.00s, validation: 0.04s, handshake: 0.04s)
[Licensing::IpcConnector] Successfully connected to: "LicenseClient-RA00352511-notifications" at "2026-08-14T11:03:56.7657947Z"
[Licensing::Module] Licensing Background thread has ended after 0.10s

COMMAND LINE ARGUMENTS:
C:\Program Files\Unity\Hub\Editor\6000.3.6f1\Editor\Unity.exe
-adb2
-batchMode
-noUpm
-name
AssetImportWorker4
-projectPath
C:/Users/RA00352511/Documents/GitHub/ProjetoFastag
-logFile
Logs/AssetImportWorker4.log
-srvPort
60107
-licensingIpc
LicenseClient-RA00352511
-job-worker-count
9
-background-job-worker-count
8
-gc-helper-count
1
-name
AssetImport
Successfully changed project path to: C:/Users/RA00352511/Documents/GitHub/ProjetoFastag
C:/Users/RA00352511/Documents/GitHub/ProjetoFastag
[UnityMemory] Configuration Parameters - Can be set up in boot.config
    "memorysetup-temp-allocator-size-nav-mesh-worker=65536"
    "memorysetup-temp-allocator-size-audio-worker=65536"
    "memorysetup-temp-allocator-size-gfx=262144"
    "memorysetup-allocator-temp-initial-block-size-main=262144"
    "memorysetup-allocator-temp-initial-block-size-worker=262144"
    "memorysetup-temp-allocator-size-background-worker=32768"
    "memorysetup-temp-allocator-size-job-worker=262144"
    "memorysetup-temp-allocator-size-preload-manager=33554432"
    "memorysetup-temp-allocator-size-gi-baking-worker=262144"
    "memorysetup-temp-allocator-size-gi-baking-worker=262144"
    "memorysetup-temp-allocator-size-gi-baking-worker=262144"
    "memorysetup-temp-allocator-size-gi-baking-worker=262144"
    "memorysetup-temp-allocator-size-gi-baking-worker=262144"
    "memorysetup-bucket-allocator-granularity=16"
    "memorysetup-bucket-allocator-bucket-count=8"
    "memorysetup-bucket-allocator-block-size=33554432"
    "memorysetup-bucket-allocator-block-count=8"
    "memorysetup-main-allocator-block-size=16777216"
    "memorysetup-thread-allocator-block-size=16777216"
    "memorysetup-gfx-main-allocator-block-size=16777216"
    "memorysetup-gfx-thread-allocator-block-size=16777216"
    "memorysetup-cache-allocator-block-size=4194304"
    "memorysetup-typetree-allocator-block-size=2097152"
    "memorysetup-profiler-bucket-allocator-granularity=16"
    "memorysetup-profiler-bucket-allocator-bucket-count=8"
    "memorysetup-profiler-bucket-allocator-block-size=33554432"
    "memorysetup-profiler-bucket-allocator-block-count=8"
    "memorysetup-profiler-allocator-block-size=16777216"
    "memorysetup-profiler-editor-allocator-block-size=1048576"
    "memorysetup-temp-allocator-size-main=16777216"
    "memorysetup-job-temp-allocator-block-size=2097152"
    "memorysetup-job-temp-allocator-block-size-background=1048576"
    "memorysetup-job-temp-allocator-reduction-small-platforms=262144"
    "memorysetup-temp-allocator-size-cloud-worker=32768"
Player connection [21044]  Target information:

Player connection [21044]  * "[IP] 172.17.11.16 [Port] 0 [Flags] 2 [Guid] 1366316619 [EditorId] 1366316619 [Version] 1048832 [Id] WindowsEditor(7,DSP-BRJ3055CJ6) [Debug] 1 [PackageName] WindowsEditor [ProjectName] Editor" 

Player connection [21044]  * "[IP] 192.168.56.1 [Port] 0 [Flags] 2 [Guid] 1366316619 [EditorId] 1366316619 [Version] 1048832 [Id] WindowsEditor(7,DSP-BRJ3055CJ6) [Debug] 1 [PackageName] WindowsEditor [ProjectName] Editor" 

Player connection [21044] Host joined multi-casting on [225.0.0.222:54997]...
Player connection [21044] Host joined alternative multi-casting on [225.0.0.222:34997]...
JobSystem: Creating JobQueue using job-worker-count value 9
Input System module state changed to: Initialized.
[Physics::Module] Initialized fallback backend.
[Physics::Module] Id: 0xdecafbad
Library Redirect Path: Library/
[Physics::Module] Selected backend.
[Physics::Module] Name: PhysX
[Physics::Module] Id: 0xf2b8ea05
[Physics::Module] SDK Version: 4.1.2
[Physics::Module] Integration Version: 1.0.0
[Physics::Module] Threading Mode: Multi-Threaded
Refreshing native plugins compatible for Editor in 3.03 ms, found 3 plugins.
Preloading 0 native plugins for Editor in 0.00 ms.
Initialize engine version: 6000.3.6f1 (bbb010bdb8a3)
[Subsystems] Discovering subsystems at path C:/Program Files/Unity/Hub/Editor/6000.3.6f1/Editor/Data/Resources/UnitySubsystems
[Subsystems] Discovering subsystems at path C:/Users/RA00352511/Documents/GitHub/ProjetoFastag/Assets
GfxDevice: creating device client; kGfxThreadingModeNonThreaded
Direct3D:
    Version:  Direct3D 11.0 [level 11.1]
    Renderer: NVIDIA T400 4GB (ID=0x1ff2)
    Vendor:   NVIDIA
    VRAM:     3943 MB
    Driver:   32.0.15.8216
Initialize mono
Mono path[0] = 'C:/Program Files/Unity/Hub/Editor/6000.3.6f1/Editor/Data/Managed'
Mono path[1] = 'C:/Program Files/Unity/Hub/Editor/6000.3.6f1/Editor/Data/MonoBleedingEdge/lib/mono/unityjit-win32'
Mono config path = 'C:/Program Files/Unity/Hub/Editor/6000.3.6f1/Editor/Data/MonoBleedingEdge/etc'
Using monoOptions --debugger-agent=transport=dt_socket,embedding=1,server=y,suspend=n,address=127.0.0.1:56068
Begin MonoManager ReloadAssembly
Registering precompiled unity dll's ...
Register platform support module: C:/Program Files/Unity/Hub/Editor/6000.3.6f1/Editor/Data/PlaybackEngines/WindowsStandaloneSupport/UnityEditor.WindowsStandalone.Extensions.dll
[Licensing::Client] Successfully resolved entitlement details
[Licensing::Module] License group:
  Id: E4-2RMZ-WRAS-7R6G-ZJBC-XXXX
  Product: Unity Education
  Type: ULF
  Expiration: 2027-08-07T18:04:47Z
Register platform support module: C:/Program Files/Unity/Hub/Editor/6000.3.6f1/Editor/Data/PlaybackEngines/MetroSupport/UnityEditor.UWP.Extensions.dll
[Licensing::Client] Successfully resolved entitlement details
Register platform support module: C:/Program Files/Unity/Hub/Editor/6000.3.6f1/Editor/Data/PlaybackEngines/AndroidPlayer/UnityEditor.Android.Extensions.dll
[Licensing::Client] Successfully resolved entitlement details
Register platform support module: C:/Program Files/Unity/Hub/Editor/6000.3.6f1/Editor/Data/PlaybackEngines/iOSSupport/UnityEditor.iOS.Extensions.dll
Registered in 0.513823 seconds.
- Loaded All Assemblies, in  3.526 seconds
[usbmuxd] Start listen thread
[usbmuxd] Listen thread started
Native extension for iOS target not found
Native extension for Android target not found
Android Extension - Scanning For ADB Devices 427 ms
Native extension for UWP target not found
Native extension for WindowsStandalone target not found
ScheduleIndexationOnStartup MainProcess:False IndexOnStartup:True
Mono: successfully reloaded assembly
- Finished resetting the current domain, in  1.116 seconds
Domain Reload Profiling: 4641ms
	BeginReloadAssembly (1771ms)
		ExecutionOrderSort (0ms)
		DisableScriptedObjects (0ms)
		BackupInstance (0ms)
		ReleaseScriptingObjects (0ms)
		CreateAndSetChildDomain (1ms)
	RebuildCommonClasses (44ms)
	RebuildNativeTypeToScriptingClass (19ms)
	initialDomainReloadingComplete (560ms)
	LoadAllAssembliesAndSetupDomain (1131ms)
		LoadAssemblies (1798ms)
		RebuildTransferFunctionScriptingTraits (0ms)
		AnalyzeDomain (1100ms)
			TypeCache.Refresh (1098ms)
				TypeCache.ScanAssembly (1083ms)
			BuildScriptInfoCaches (0ms)
			ResolveRequiredComponents (0ms)
	FinalizeReload (1116ms)
		ReleaseScriptCaches (0ms)
		RebuildScriptCaches (0ms)
		SetupLoadedEditorAssemblies (1052ms)
			LogAssemblyErrors (0ms)
			InitializePlatformSupportModulesInManaged (692ms)
			SetLoadedEditorAssemblies (5ms)
			BeforeProcessingInitializeOnLoad (89ms)
			ProcessInitializeOnLoadAttributes (173ms)
			ProcessInitializeOnLoadMethodAttributes (93ms)
			AfterProcessingInitializeOnLoad (0ms)
			EditorAssembliesLoaded (0ms)
		ExecutionOrderSort2 (0ms)
		AwakeInstancesAfterBackupRestoration (0ms)
========================================================================
Worker process is ready to serve import requests
Import Worker Mode flag is 0x00
Begin MonoManager ReloadAssembly
[Licensing::Client] Successfully resolved entitlement details
Symbol file LoadedFromMemory is not a mono symbol file
- Loaded All Assemblies, in  3.593 seconds
'Packages/com.unity.cinemachine/Editor/Obsolete/CinemachineVirtualCameraBaseEditor.cs' contains partial class of Unity.Object, exactly 1 of the partial classes needs to be in a file with the same filename. This is to know the one that can be referenced from ie. GameObjects
'Packages/com.unity.cinemachine/Editor/Editors/CinemachineVirtualCameraBaseEditor.cs' contains partial class of Unity.Object, exactly 1 of the partial classes needs to be in a file with the same filename. This is to know the one that can be referenced from ie. GameObjects
Refreshing native plugins compatible for Editor in 1.66 ms, found 3 plugins.
Native extension for iOS target not found
Native extension for Android target not found
Native extension for UWP target not found
Native extension for WindowsStandalone target not found
Package Manager log level set to [2]
[Package Manager] Failed to launch server process. Reason: Unity was launched with the -noUpm command-line argument
[Package Manager] Unable to send message (not connected to server process).
[Package Manager] Cannot connect to Unity Package Manager local server
[Package Manager] Failed to launch server process. Reason: Unity was launched with the -noUpm command-line argument
[Package Manager] Unable to send message (not connected to server process).
[Package Manager] Cannot connect to Unity Package Manager local server
Refreshing native plugins compatible for Editor in 1.32 ms, found 3 plugins.
ScheduleIndexationOnStartup MainProcess:False IndexOnStartup:True
Mono: successfully reloaded assembly
[Package Manager] Failed to launch server process. Reason: Unity was launched with the -noUpm command-line argument
[Package Manager] Unable to send message (not connected to server process).
[Package Manager] Cannot connect to Unity Package Manager local server
[Package Manager] Failed to launch server process. Reason: Unity was launched with the -noUpm command-line argument
[Package Manager] Unable to send message (not connected to server process).
[Package Manager] Cannot connect to Unity Package Manager local server
- Finished resetting the current domain, in  1.611 seconds
Domain Reload Profiling: 5203ms
	BeginReloadAssembly (222ms)
		ExecutionOrderSort (0ms)
		DisableScriptedObjects (6ms)
		BackupInstance (0ms)
		ReleaseScriptingObjects (0ms)
		CreateAndSetChildDomain (53ms)
	RebuildCommonClasses (39ms)
	RebuildNativeTypeToScriptingClass (13ms)
	initialDomainReloadingComplete (70ms)
	LoadAllAssembliesAndSetupDomain (3247ms)
		LoadAssemblies (2646ms)
		RebuildTransferFunctionScriptingTraits (0ms)
		AnalyzeDomain (708ms)
			TypeCache.Refresh (491ms)
				TypeCache.ScanAssembly (446ms)
			BuildScriptInfoCaches (189ms)
			ResolveRequiredComponents (16ms)
	FinalizeReload (1611ms)
		ReleaseScriptCaches (0ms)
		RebuildScriptCaches (0ms)
		SetupLoadedEditorAssemblies (1371ms)
			LogAssemblyErrors (0ms)
			InitializePlatformSupportModulesInManaged (15ms)
			SetLoadedEditorAssemblies (8ms)
			BeforeProcessingInitializeOnLoad (236ms)
			ProcessInitializeOnLoadAttributes (454ms)
			ProcessInitializeOnLoadMethodAttributes (656ms)
			AfterProcessingInitializeOnLoad (2ms)
			EditorAssembliesLoaded (1ms)
		ExecutionOrderSort2 (0ms)
		AwakeInstancesAfterBackupRestoration (9ms)
Launched and connected shader compiler UnityShaderCompiler.exe after 0.04 seconds
Refreshing native plugins compatible for Editor in 11.66 ms, found 3 plugins.
Preloading 0 native plugins for Editor in 0.00 ms.
Unloading 12 Unused Serialized files (Serialized files now loaded: 0)
Unloading 10605 unused Assets / (2.8 MB). Loaded Objects now: 11681.
Memory consumption went from 244.6 MB to 241.8 MB.
Total: 28.104500 ms (FindLiveObjects: 4.246700 ms CreateObjectMapping: 2.817800 ms MarkObjects: 15.146200 ms  DeleteObjects: 5.889700 ms)

========================================================================
Received Import Request.
  Time since last request: 525.609057 seconds.
  path: Assets/TextMesh Pro/Examples & Extras/Scripts/Benchmark01.cs
  artifactKey: Guid(f970ea55f9f84bf79b05dab180b8c125) Importer(2089858483,b0f066a214c2f5e87bad3c948f4d605d)
Start importing Assets/TextMesh Pro/Examples & Extras/Scripts/Benchmark01.cs using Guid(f970ea55f9f84bf79b05dab180b8c125) Importer(2089858483,b0f066a214c2f5e87bad3c948f4d605d) (ScriptedImporter) -> (artifact id: '5eb347a4355d628eec0239cc26885631') in 0.1870534 seconds
Number of updated asset objects reloaded before import = 0Number of asset objects unloaded after import = 0

========================================================================
Received Import Request.
  Time since last request: 0.000030 seconds.
  path: Assets/TextMesh Pro/Shaders/TMPro_Surface.cginc
  artifactKey: Guid(d930090c0cd643c7b55f19a38538c162) Importer(2089858483,b0f066a214c2f5e87bad3c948f4d605d)
Start importing Assets/TextMesh Pro/Shaders/TMPro_Surface.cginc using Guid(d930090c0cd643c7b55f19a38538c162) Importer(2089858483,b0f066a214c2f5e87bad3c948f4d605d) (ScriptedImporter) -> (artifact id: 'b46c92b1e9ff1139c496d5216177a600') in 0.0233348 seconds
Number of updated asset objects reloaded before import = 0Number of asset objects unloaded after import = 1

========================================================================
Received Import Request.
  Time since last request: 0.000049 seconds.
  path: Assets/TextMesh Pro/Examples & Extras/Scripts/CameraController.cs
  artifactKey: Guid(2d687537154440a3913a9a3c7977978c) Importer(2089858483,b0f066a214c2f5e87bad3c948f4d605d)
Start importing Assets/TextMesh Pro/Examples & Extras/Scripts/CameraController.cs using Guid(2d687537154440a3913a9a3c7977978c) Importer(2089858483,b0f066a214c2f5e87bad3c948f4d605d) (ScriptedImporter) -> (artifact id: '3e1b23718ce0edd142994637f927fc7e') in 0.0254115 seconds
Number of updated asset objects reloaded before import = 0Number of asset objects unloaded after import = 0

========================================================================
Received Import Request.
  Time since last request: 0.000029 seconds.
  path: Assets/TextMesh Pro/Examples & Extras/Scenes/12a - Text Interactions.unity
  artifactKey: Guid(08572ab7713642c8a60789750f0bce5c) Importer(2089858483,b0f066a214c2f5e87bad3c948f4d605d)
Start importing Assets/TextMesh Pro/Examples & Extras/Scenes/12a - Text Interactions.unity using Guid(08572ab7713642c8a60789750f0bce5c) Importer(2089858483,b0f066a214c2f5e87bad3c948f4d605d) (ScriptedImporter) -> (artifact id: 'a49c30b89af3baa384a3717bae194415') in 0.0219518 seconds
Number of updated asset objects reloaded before import = 0Number of asset objects unloaded after import = 1

========================================================================
Received Import Request.
  Time since last request: 0.000080 seconds.
  path: Assets/TextMesh Pro/Examples & Extras/Materials/Ground - Surface Shader Scene.mat
  artifactKey: Guid(aadd5a709a48466c887296bb5b1b8110) Importer(2089858483,b0f066a214c2f5e87bad3c948f4d605d)
Start importing Assets/TextMesh Pro/Examples & Extras/Materials/Ground - Surface Shader Scene.mat using Guid(aadd5a709a48466c887296bb5b1b8110) Importer(2089858483,b0f066a214c2f5e87bad3c948f4d605d) (ScriptedImporter) -> (artifact id: 'bc3062a96a731f2a1fb0c364444baeb7') in 0.1835253 seconds
Number of updated asset objects reloaded before import = 0Number of asset objects unloaded after import = 2

========================================================================
Received Import Request.
  Time since last request: 0.000036 seconds.
  path: Assets/TextMesh Pro/Examples & Extras/Scripts/TextMeshSpawner.cs
  artifactKey: Guid(76c11bbcfddf44e0ba17d6c2751c8d84) Importer(2089858483,b0f066a214c2f5e87bad3c948f4d605d)
Start importing Assets/TextMesh Pro/Examples & Extras/Scripts/TextMeshSpawner.cs using Guid(76c11bbcfddf44e0ba17d6c2751c8d84) Importer(2089858483,b0f066a214c2f5e87bad3c948f4d605d) (ScriptedImporter) -> (artifact id: 'd6743cbeac8ffd4a8a71865ac3338b37') in 0.0210338 seconds
Number of updated asset objects reloaded before import = 0Number of asset objects unloaded after import = 0

========================================================================
Received Import Request.
  Time since last request: 0.000043 seconds.
  path: Assets/TextMesh Pro/Examples & Extras/Textures/Gradient Diagonal (Color).jpg
  artifactKey: Guid(2ce5c55e85304b819a1826ecbc839aa5) Importer(2089858483,b0f066a214c2f5e87bad3c948f4d605d)
Start importing Assets/TextMesh Pro/Examples & Extras/Textures/Gradient Diagonal (Color).jpg using Guid(2ce5c55e85304b819a1826ecbc839aa5) Importer(2089858483,b0f066a214c2f5e87bad3c948f4d605d) (ScriptedImporter) -> (artifact id: 'e7cdbc6461dd4294cfb1e9e746145da2') in 0.1205637 seconds
Number of updated asset objects reloaded before import = 0Number of asset objects unloaded after import = 1

========================================================================
Received Import Request.
  Time since last request: 0.000024 seconds.
  path: Assets/TextMesh Pro/Shaders/TMP_SDF-URP Unlit.shadergraph
  artifactKey: Guid(124c112a6e8f1a54e8b0870e881b56d8) Importer(2089858483,b0f066a214c2f5e87bad3c948f4d605d)
Start importing Assets/TextMesh Pro/Shaders/TMP_SDF-URP Unlit.shadergraph using Guid(124c112a6e8f1a54e8b0870e881b56d8) Importer(2089858483,b0f066a214c2f5e87bad3c948f4d605d) (ScriptedImporter) -> (artifact id: 'e33a51114618494800b3738695808900') in 0.0776415 seconds
Number of updated asset objects reloaded before import = 0Number of asset objects unloaded after import = 3

========================================================================
Received Import Request.
  Time since last request: 0.000044 seconds.
  path: Assets/TextMesh Pro/Examples & Extras/Textures/Small Crate_normal.jpg
  artifactKey: Guid(8878a782f4334ecbbcf683b3ac780966) Importer(2089858483,b0f066a214c2f5e87bad3c948f4d605d)
Start importing Assets/TextMesh Pro/Examples & Extras/Textures/Small Crate_normal.jpg using Guid(8878a782f4334ecbbcf683b3ac780966) Importer(2089858483,b0f066a214c2f5e87bad3c948f4d605d) (ScriptedImporter) -> (artifact id: 'b0f18e92c54e9de88eea71059a37523f') in 0.0287836 seconds
Number of updated asset objects reloaded before import = 0Number of asset objects unloaded after import = 1

========================================================================
Received Import Request.
  Time since last request: 0.000033 seconds.
  path: Assets/TextMesh Pro/Examples & Extras/Materials/Crate - Surface Shader Scene_MaskMap.png
  artifactKey: Guid(5e0cf7de054395247aa6c09ad5fb8b3d) Importer(2089858483,b0f066a214c2f5e87bad3c948f4d605d)
Start importing Assets/TextMesh Pro/Examples & Extras/Materials/Crate - Surface Shader Scene_MaskMap.png using Guid(5e0cf7de054395247aa6c09ad5fb8b3d) Importer(2089858483,b0f066a214c2f5e87bad3c948f4d605d) (ScriptedImporter) -> (artifact id: 'c808ebe178ae2b0455d64f1c55e2f68b') in 0.0233856 seconds
Number of updated asset objects reloaded before import = 0Number of asset objects unloaded after import = 1

========================================================================
Received Import Request.
  Time since last request: 0.000040 seconds.
  path: Assets/Projeto/Assets/Guilherme/personagens/Material do mal_Base_color.png
  artifactKey: Guid(1daee9a5a3ca04ec994af874c3a90d4b) Importer(2089858483,b0f066a214c2f5e87bad3c948f4d605d)
Start importing Assets/Projeto/Assets/Guilherme/personagens/Material do mal_Base_color.png using Guid(1daee9a5a3ca04ec994af874c3a90d4b) Importer(2089858483,b0f066a214c2f5e87bad3c948f4d605d) (ScriptedImporter) -> (artifact id: '1b1d8720d13a5117fb53bd00dcc7e3bd') in 0.0278983 seconds
Number of updated asset objects reloaded before import = 0Number of asset objects unloaded after import = 1

========================================================================
Received Import Request.
  Time since last request: 0.000040 seconds.
  path: Assets/Readme.asset
  artifactKey: Guid(7f2c382dc2c22446db59030979f6e495) Importer(815301076,1909f56bfc062723c751e8b465ee728b)
Start importing Assets/Readme.asset using Guid(7f2c382dc2c22446db59030979f6e495) Importer(815301076,1909f56bfc062723c751e8b465ee728b) (PreviewImporter) -> (artifact id: '5e5f73a5382e9ea26e826afbe2c49a59') in 0.0355089 seconds
Number of updated asset objects reloaded before import = 0Number of asset objects unloaded after import = 2

========================================================================
Received Import Request.
  Time since last request: 0.000057 seconds.
  path: Assets/Projeto/Assets/Guilherme/personagens/Material_Specular_roughness.png
  artifactKey: Guid(d10f7948b33ad4741ac7e447e580936d) Importer(2089858483,b0f066a214c2f5e87bad3c948f4d605d)
Start importing Assets/Projeto/Assets/Guilherme/personagens/Material_Specular_roughness.png using Guid(d10f7948b33ad4741ac7e447e580936d) Importer(2089858483,b0f066a214c2f5e87bad3c948f4d605d) (ScriptedImporter) -> (artifact id: '214e7cb6ec3862ea706372d8ee4ba84c') in 0.0307145 seconds
Number of updated asset objects reloaded before import = 0Number of asset objects unloaded after import = 1

========================================================================
Received Import Request.
  Time since last request: 0.000034 seconds.
  path: Assets/TextMesh Pro/Examples & Extras/Resources/Color Gradient Presets/Light to Dark Green - Vertical.asset
  artifactKey: Guid(5cf8ae092ca54931b443bec5148f3c59) Importer(2089858483,b0f066a214c2f5e87bad3c948f4d605d)
Start importing Assets/TextMesh Pro/Examples & Extras/Resources/Color Gradient Presets/Light to Dark Green - Vertical.asset using Guid(5cf8ae092ca54931b443bec5148f3c59) Importer(2089858483,b0f066a214c2f5e87bad3c948f4d605d) (ScriptedImporter) -> (artifact id: '1bf2b23345999eb28776cbcd8cc81f39') in 0.0491065 seconds
Number of updated asset objects reloaded before import = 0Number of asset objects unloaded after import = 1

========================================================================
Received Import Request.
  Time since last request: 0.000057 seconds.
  path: Assets/TextMesh Pro/Examples & Extras/Resources/Fonts & Materials/Bangers SDF - Drop Shadow.mat
  artifactKey: Guid(f2dcf029949142e28b974630369c8b4e) Importer(2089858483,b0f066a214c2f5e87bad3c948f4d605d)
Start importing Assets/TextMesh Pro/Examples & Extras/Resources/Fonts & Materials/Bangers SDF - Drop Shadow.mat using Guid(f2dcf029949142e28b974630369c8b4e) Importer(2089858483,b0f066a214c2f5e87bad3c948f4d605d) (ScriptedImporter) -> (artifact id: '8a8c91023ed297878b4a0b9f10955b59') in 0.0297521 seconds
Number of updated asset objects reloaded before import = 0Number of asset objects unloaded after import = 2

========================================================================
Received Import Request.
  Time since last request: 0.000041 seconds.
  path: Assets/TextMesh Pro/Examples & Extras/Resources/Fonts & Materials/Bangers SDF Logo.mat
  artifactKey: Guid(f4e195ac1e204eff960149d1cb34e18c) Importer(2089858483,b0f066a214c2f5e87bad3c948f4d605d)
Start importing Assets/TextMesh Pro/Examples & Extras/Resources/Fonts & Materials/Bangers SDF Logo.mat using Guid(f4e195ac1e204eff960149d1cb34e18c) Importer(2089858483,b0f066a214c2f5e87bad3c948f4d605d) (ScriptedImporter) -> (artifact id: '9272aef4da07c82b107ec0487c643b76') in 0.0269588 seconds
Number of updated asset objects reloaded before import = 0Number of asset objects unloaded after import = 4

========================================================================
Received Import Request.
  Time since last request: 0.000050 seconds.
  path: Assets/TextMesh Pro/Examples & Extras/Resources/Sprite Assets/Default Sprite Asset.asset
  artifactKey: Guid(fbef3c704dce48f08a44612d6c856c8d) Importer(2089858483,b0f066a214c2f5e87bad3c948f4d605d)
Start importing Assets/TextMesh Pro/Examples & Extras/Resources/Sprite Assets/Default Sprite Asset.asset using Guid(fbef3c704dce48f08a44612d6c856c8d) Importer(2089858483,b0f066a214c2f5e87bad3c948f4d605d) (ScriptedImporter) -> (artifact id: '38b33d4cbeadfdfee5ca8937cd520050') in 0.0290757 seconds
Number of updated asset objects reloaded before import = 0Number of asset objects unloaded after import = 3

========================================================================
Received Import Request.
  Time since last request: 0.000034 seconds.
  path: Assets/TextMesh Pro/Examples & Extras/Resources/Fonts & Materials/Roboto-Bold SDF - URP.mat
  artifactKey: Guid(90722b8bd74d9aa49958562aff7bdf76) Importer(2089858483,b0f066a214c2f5e87bad3c948f4d605d)
Start importing Assets/TextMesh Pro/Examples & Extras/Resources/Fonts & Materials/Roboto-Bold SDF - URP.mat using Guid(90722b8bd74d9aa49958562aff7bdf76) Importer(2089858483,b0f066a214c2f5e87bad3c948f4d605d) (ScriptedImporter) -> (artifact id: '62e79baf3fe75f675ced6aad9b373250') in 0.0224774 seconds
Number of updated asset objects reloaded before import = 0Number of asset objects unloaded after import = 3

========================================================================
Received Import Request.
  Time since last request: 0.000053 seconds.
  path: Assets/TextMesh Pro/Shaders/TMP_SDF-Mobile SSD.shader
  artifactKey: Guid(c8d12adcee749c344b8117cf7c7eb912) Importer(2089858483,b0f066a214c2f5e87bad3c948f4d605d)
Start importing Assets/TextMesh Pro/Shaders/TMP_SDF-Mobile SSD.shader using Guid(c8d12adcee749c344b8117cf7c7eb912) Importer(2089858483,b0f066a214c2f5e87bad3c948f4d605d) (ScriptedImporter) -> (artifact id: 'b9655907cf604fc38f11b923242ab57f') in 0.0219521 seconds
Number of updated asset objects reloaded before import = 0Number of asset objects unloaded after import = 1

========================================================================
Received Import Request.
  Time since last request: 0.000043 seconds.
  path: Assets/TextMesh Pro/Shaders/TMP_SDF-HDRP LIT.shadergraph
  artifactKey: Guid(ca2ed216f98028c4dae6c5224a952b3c) Importer(2089858483,b0f066a214c2f5e87bad3c948f4d605d)
Start importing Assets/TextMesh Pro/Shaders/TMP_SDF-HDRP LIT.shadergraph using Guid(ca2ed216f98028c4dae6c5224a952b3c) Importer(2089858483,b0f066a214c2f5e87bad3c948f4d605d) (ScriptedImporter) -> (artifact id: '5c01c68fd7964f0966a5523c6c6b3bff') in 0.0753364 seconds
Number of updated asset objects reloaded before import = 0Number of asset objects unloaded after import = 4

========================================================================
Received Import Request.
  Time since last request: 0.000050 seconds.
  path: Assets/TextMesh Pro/Examples & Extras/Materials/Ground - URP.mat
  artifactKey: Guid(71529b88994c1a341b22bc57c038674a) Importer(2089858483,b0f066a214c2f5e87bad3c948f4d605d)
Start importing Assets/TextMesh Pro/Examples & Extras/Materials/Ground - URP.mat using Guid(71529b88994c1a341b22bc57c038674a) Importer(2089858483,b0f066a214c2f5e87bad3c948f4d605d) (ScriptedImporter) -> (artifact id: '7446613d411a77ca85df007bc0b5084c') in 0.0309149 seconds
Number of updated asset objects reloaded before import = 0Number of asset objects unloaded after import = 1

========================================================================
Received Import Request.
  Time since last request: 0.000036 seconds.
  path: Assets/Settings/HDRPDefaultResources/DefaultLookDevProfile.asset
  artifactKey: Guid(4594f4a3fb14247e192bcca6dc23c8ed) Importer(2089858483,b0f066a214c2f5e87bad3c948f4d605d)
Start importing Assets/Settings/HDRPDefaultResources/DefaultLookDevProfile.asset using Guid(4594f4a3fb14247e192bcca6dc23c8ed) Importer(2089858483,b0f066a214c2f5e87bad3c948f4d605d) (ScriptedImporter) -> (artifact id: 'a46c9ce23a7ef8dc38eb41f6e611b872') in 0.023185 seconds
Number of updated asset objects reloaded before import = 0Number of asset objects unloaded after import = 0

========================================================================
Received Import Request.
  Time since last request: 0.000051 seconds.
  path: Assets/TextMesh Pro/Examples & Extras/Fonts/Oswald-Bold - OFL.txt
  artifactKey: Guid(d2cf87a8a7a94aa8b80dff1c807c1178) Importer(2089858483,b0f066a214c2f5e87bad3c948f4d605d)
Start importing Assets/TextMesh Pro/Examples & Extras/Fonts/Oswald-Bold - OFL.txt using Guid(d2cf87a8a7a94aa8b80dff1c807c1178) Importer(2089858483,b0f066a214c2f5e87bad3c948f4d605d) (ScriptedImporter) -> (artifact id: '64bc5243714553529c8663ded42983f7') in 0.0229261 seconds
Number of updated asset objects reloaded before import = 0Number of asset objects unloaded after import = 1

========================================================================
Received Import Request.
  Time since last request: 0.000039 seconds.
  path: Assets/TextMesh Pro/Examples & Extras/Scenes/17 - Old Computer Terminal.unity
  artifactKey: Guid(3e2e4d7b0bed4cf9ab827e9f32448f69) Importer(2089858483,b0f066a214c2f5e87bad3c948f4d605d)
Start importing Assets/TextMesh Pro/Examples & Extras/Scenes/17 - Old Computer Terminal.unity using Guid(3e2e4d7b0bed4cf9ab827e9f32448f69) Importer(2089858483,b0f066a214c2f5e87bad3c948f4d605d) (ScriptedImporter) -> (artifact id: 'd6ef787cd29ab12f28aa435a0cdb447a') in 0.0221744 seconds
Number of updated asset objects reloaded before import = 0Number of asset objects unloaded after import = 1

========================================================================
Received Import Request.
  Time since last request: 0.000048 seconds.
  path: Assets/InputSystem_Actions.inputactions
  artifactKey: Guid(35845fe01580c41289b024647b1d1c53) Importer(2089858483,b0f066a214c2f5e87bad3c948f4d605d)
Start importing Assets/InputSystem_Actions.inputactions using Guid(35845fe01580c41289b024647b1d1c53) Importer(2089858483,b0f066a214c2f5e87bad3c948f4d605d) (ScriptedImporter) -> (artifact id: '3d88c88c2e39fc645de56896387c0004') in 0.3293426 seconds
Number of updated asset objects reloaded before import = 0Number of asset objects unloaded after import = 22

========================================================================
Received Import Request.
  Time since last request: 0.000044 seconds.
  path: Assets/TextMesh Pro/Examples & Extras/Textures/Text Overflow - Linked Text UI Screenshot.png
  artifactKey: Guid(c76d18757a194d618355f05f815cb0a1) Importer(2089858483,b0f066a214c2f5e87bad3c948f4d605d)
Start importing Assets/TextMesh Pro/Examples & Extras/Textures/Text Overflow - Linked Text UI Screenshot.png using Guid(c76d18757a194d618355f05f815cb0a1) Importer(2089858483,b0f066a214c2f5e87bad3c948f4d605d) (ScriptedImporter) -> (artifact id: 'fa680bfe9271c419f6196ba7ff33dd95') in 0.0343908 seconds
Number of updated asset objects reloaded before import = 0Number of asset objects unloaded after import = 1

========================================================================
Received Import Request.
  Time since last request: 0.000050 seconds.
  path: Assets/TextMesh Pro/Shaders/TMP_Bitmap.shader
  artifactKey: Guid(128e987d567d4e2c824d754223b3f3b0) Importer(2089858483,b0f066a214c2f5e87bad3c948f4d605d)
Start importing Assets/TextMesh Pro/Shaders/TMP_Bitmap.shader using Guid(128e987d567d4e2c824d754223b3f3b0) Importer(2089858483,b0f066a214c2f5e87bad3c948f4d605d) (ScriptedImporter) -> (artifact id: 'c9b93e2d019072a569fe794e89fa9296') in 0.0253171 seconds
Number of updated asset objects reloaded before import = 0Number of asset objects unloaded after import = 1

========================================================================
Received Import Request.
  Time since last request: 0.000041 seconds.
  path: Assets/TextMesh Pro/Examples & Extras/Fonts/Bangers - OFL.txt
  artifactKey: Guid(efe0bf4ac872451e91612d1ae593f480) Importer(2089858483,b0f066a214c2f5e87bad3c948f4d605d)
Start importing Assets/TextMesh Pro/Examples & Extras/Fonts/Bangers - OFL.txt using Guid(efe0bf4ac872451e91612d1ae593f480) Importer(2089858483,b0f066a214c2f5e87bad3c948f4d605d) (ScriptedImporter) -> (artifact id: '281842128131fe3fd480068757537a39') in 0.0204389 seconds
Number of updated asset objects reloaded before import = 0Number of asset objects unloaded after import = 1

========================================================================
Received Import Request.
  Time since last request: 0.000050 seconds.
  path: Assets/TextMesh Pro/Examples & Extras/Scenes/21 - Script Example.unity
  artifactKey: Guid(50f52f9274434ecfb34dd87f0836f323) Importer(2089858483,b0f066a214c2f5e87bad3c948f4d605d)
Start importing Assets/TextMesh Pro/Examples & Extras/Scenes/21 - Script Example.unity using Guid(50f52f9274434ecfb34dd87f0836f323) Importer(2089858483,b0f066a214c2f5e87bad3c948f4d605d) (ScriptedImporter) -> (artifact id: 'e0e1f1a900ec9bf18425f635a8dfd6fd') in 0.0240863 seconds
Number of updated asset objects reloaded before import = 0Number of asset objects unloaded after import = 1

========================================================================
Received Import Request.
  Time since last request: 17.391899 seconds.
  path: Assets/Projeto
  artifactKey: Guid(3b7b09245808eb749ab7954950e3d711) Importer(815301076,1909f56bfc062723c751e8b465ee728b)
Start importing Assets/Projeto using Guid(3b7b09245808eb749ab7954950e3d711) Importer(815301076,1909f56bfc062723c751e8b465ee728b) (PreviewImporter) -> (artifact id: 'c74bd8d2437487f495dff4db70c352bb') in 0.0005984 seconds
Number of updated asset objects reloaded before import = 0Number of asset objects unloaded after import = 0

========================================================================
Received Import Request.
  Time since last request: 0.892450 seconds.
  path: Assets/Projeto/Scena
  artifactKey: Guid(d235d3df4be78314495c1d9f6230e5a3) Importer(815301076,1909f56bfc062723c751e8b465ee728b)
Start importing Assets/Projeto/Scena using Guid(d235d3df4be78314495c1d9f6230e5a3) Importer(815301076,1909f56bfc062723c751e8b465ee728b) (PreviewImporter) -> (artifact id: '3c9d8170ce370f257a65d459a951d260') in 0.0005185 seconds
Number of updated asset objects reloaded before import = 0Number of asset objects unloaded after import = 0

========================================================================
Received Import Request.
  Time since last request: 0.982946 seconds.
  path: Assets/Projeto/Scena/Teste.unity
  artifactKey: Guid(2e39151abca46654f9aa73ec65e54a42) Importer(815301076,1909f56bfc062723c751e8b465ee728b)
Start importing Assets/Projeto/Scena/Teste.unity using Guid(2e39151abca46654f9aa73ec65e54a42) Importer(815301076,1909f56bfc062723c751e8b465ee728b) (PreviewImporter) -> (artifact id: '4b75713f0f448c594582ac75c778cd71') in 0.0005164 seconds
Number of updated asset objects reloaded before import = 0Number of asset objects unloaded after import = 0

========================================================================
Received Import Request.
  Time since last request: 165.122219 seconds.
  path: Assets/Projeto/UI
  artifactKey: Guid(00bb36408a8f46047b7669c600471999) Importer(815301076,1909f56bfc062723c751e8b465ee728b)
Start importing Assets/Projeto/UI using Guid(00bb36408a8f46047b7669c600471999) Importer(815301076,1909f56bfc062723c751e8b465ee728b) (PreviewImporter) -> (artifact id: '0784d7eea7ae5d4e1bb5eb50bd455c0c') in 0.0007695 seconds
Number of updated asset objects reloaded before import = 0Number of asset objects unloaded after import = 0

========================================================================
Received Import Request.
  Time since last request: 0.000021 seconds.
  path: Assets/Projeto/UI/HUD.uxml
  artifactKey: Guid(b3dabb5addd11134789b84df3d55ec3a) Importer(815301076,1909f56bfc062723c751e8b465ee728b)
Start importing Assets/Projeto/UI/HUD.uxml using Guid(b3dabb5addd11134789b84df3d55ec3a) Importer(815301076,1909f56bfc062723c751e8b465ee728b) (PreviewImporter) -> (artifact id: 'a456468e67d973a4c86f5ee0c5218992') in 0.4208117 seconds
Number of updated asset objects reloaded before import = 0Number of asset objects unloaded after import = 2

========================================================================
Received Import Request.
  Time since last request: 507.051693 seconds.
  path: Assets/Projeto/UI/HUD.uxml
  artifactKey: Guid(b3dabb5addd11134789b84df3d55ec3a) Importer(815301076,1909f56bfc062723c751e8b465ee728b)
Start importing Assets/Projeto/UI/HUD.uxml using Guid(b3dabb5addd11134789b84df3d55ec3a) Importer(815301076,1909f56bfc062723c751e8b465ee728b) (PreviewImporter) -> (artifact id: 'dad1ab19c7e65eb3067958e770849d2a') in 0.0023653 seconds
Number of updated asset objects reloaded before import = 0Number of asset objects unloaded after import = 2

========================================================================
Received Import Request.
  Time since last request: 0.705864 seconds.
  path: Assets/Projeto/UI/HUD.uxml
  artifactKey: Guid(b3dabb5addd11134789b84df3d55ec3a) Importer(2089858483,b0f066a214c2f5e87bad3c948f4d605d)
Start importing Assets/Projeto/UI/HUD.uxml using Guid(b3dabb5addd11134789b84df3d55ec3a) Importer(2089858483,b0f066a214c2f5e87bad3c948f4d605d) (ScriptedImporter) -> (artifact id: 'e4beeb1bb900d5f6b757af24c80952ba') in 0.0134296 seconds
Number of updated asset objects reloaded before import = 0Number of asset objects unloaded after import = 2

========================================================================
Received Import Request.
  Time since last request: 31.730563 seconds.
  path: Assets/UI Toolkit/PanelSettings.asset
  artifactKey: Guid(7cee66ac7524adc4197d093d44809dcc) Importer(815301076,1909f56bfc062723c751e8b465ee728b)
Start importing Assets/UI Toolkit/PanelSettings.asset using Guid(7cee66ac7524adc4197d093d44809dcc) Importer(815301076,1909f56bfc062723c751e8b465ee728b) (PreviewImporter) -> (artifact id: '96a1b41b796e9d0eb38b4303b8b69bd6') in 0.0420285 seconds
Number of updated asset objects reloaded before import = 0Number of asset objects unloaded after import = 29

========================================================================
Received Prepare
'Packages/com.unity.cinemachine/Editor/Obsolete/CinemachineVirtualCameraBaseEditor.cs' contains partial class of Unity.Object, exactly 1 of the partial classes needs to be in a file with the same filename. This is to know the one that can be referenced from ie. GameObjects
'Packages/com.unity.cinemachine/Editor/Editors/CinemachineVirtualCameraBaseEditor.cs' contains partial class of Unity.Object, exactly 1 of the partial classes needs to be in a file with the same filename. This is to know the one that can be referenced from ie. GameObjects
Refreshing native plugins compatible for Editor in 7.89 ms, found 3 plugins.
Preloading 0 native plugins for Editor in 0.00 ms.
Unloading 7 Unused Serialized files (Serialized files now loaded: 0)
Unloading 10591 unused Assets / (5.4 MB). Loaded Objects now: 11687.
Memory consumption went from 242.9 MB to 237.5 MB.
Total: 88.978600 ms (FindLiveObjects: 4.209000 ms CreateObjectMapping: 2.056800 ms MarkObjects: 71.622300 ms  DeleteObjects: 11.088600 ms)

Prepare: number of updated asset objects reloaded= 0
========================================================================
Received Import Request.
  Time since last request: 386.972453 seconds.
  path: Assets/Projeto/UI/ControladorUI.cs
  artifactKey: Guid(fca9e3b8953794f48af3873161804e46) Importer(815301076,1909f56bfc062723c751e8b465ee728b)
Start importing Assets/Projeto/UI/ControladorUI.cs using Guid(fca9e3b8953794f48af3873161804e46) Importer(815301076,1909f56bfc062723c751e8b465ee728b) (PreviewImporter) -> (artifact id: 'db19a3c6de6a79a3308d637734c9d572') in 0.0476399 seconds
Number of updated asset objects reloaded before import = 0Number of asset objects unloaded after import = 0

========================================================================
Received Prepare
'Packages/com.unity.cinemachine/Editor/Obsolete/CinemachineVirtualCameraBaseEditor.cs' contains partial class of Unity.Object, exactly 1 of the partial classes needs to be in a file with the same filename. This is to know the one that can be referenced from ie. GameObjects
'Packages/com.unity.cinemachine/Editor/Editors/CinemachineVirtualCameraBaseEditor.cs' contains partial class of Unity.Object, exactly 1 of the partial classes needs to be in a file with the same filename. This is to know the one that can be referenced from ie. GameObjects
Refreshing native plugins compatible for Editor in 5.56 ms, found 3 plugins.
Preloading 0 native plugins for Editor in 0.00 ms.
Unloading 7 Unused Serialized files (Serialized files now loaded: 0)
Unloading 10587 unused Assets / (5.2 MB). Loaded Objects now: 11687.
Memory consumption went from 242.8 MB to 237.6 MB.
Total: 35.253300 ms (FindLiveObjects: 2.201300 ms CreateObjectMapping: 2.335800 ms MarkObjects: 22.098100 ms  DeleteObjects: 8.617000 ms)

Prepare: number of updated asset objects reloaded= 0
========================================================================
Received Import Request.
  Time since last request: 3.390518 seconds.
  path: Assets/Projeto/UI/ControladorUI.cs
  artifactKey: Guid(fca9e3b8953794f48af3873161804e46) Importer(815301076,1909f56bfc062723c751e8b465ee728b)
Start importing Assets/Projeto/UI/ControladorUI.cs using Guid(fca9e3b8953794f48af3873161804e46) Importer(815301076,1909f56bfc062723c751e8b465ee728b) (PreviewImporter) -> (artifact id: '1dfa823f765ef86877e5afcf004b3e04') in 0.0096485 seconds
Number of updated asset objects reloaded before import = 0Number of asset objects unloaded after import = 0

========================================================================
Received Prepare
Begin MonoManager ReloadAssembly
[Licensing::Client] Successfully resolved entitlement details
Symbol file LoadedFromMemory is not a mono symbol file
- Loaded All Assemblies, in  3.369 seconds
'Packages/com.unity.cinemachine/Editor/Obsolete/CinemachineVirtualCameraBaseEditor.cs' contains partial class of Unity.Object, exactly 1 of the partial classes needs to be in a file with the same filename. This is to know the one that can be referenced from ie. GameObjects
'Packages/com.unity.cinemachine/Editor/Editors/CinemachineVirtualCameraBaseEditor.cs' contains partial class of Unity.Object, exactly 1 of the partial classes needs to be in a file with the same filename. This is to know the one that can be referenced from ie. GameObjects
Refreshing native plugins compatible for Editor in 1.08 ms, found 3 plugins.
Native extension for iOS target not found
Native extension for Android target not found
Native extension for UWP target not found
Native extension for WindowsStandalone target not found
[Package Manager] Failed to launch server process. Reason: Unity was launched with the -noUpm command-line argument
[Package Manager] Unable to send message (not connected to server process).
[Package Manager] Cannot connect to Unity Package Manager local server
[Package Manager] Failed to launch server process. Reason: Unity was launched with the -noUpm command-line argument
[Package Manager] Unable to send message (not connected to server process).
[Package Manager] Cannot connect to Unity Package Manager local server
ScheduleIndexationOnStartup MainProcess:False IndexOnStartup:True
Mono: successfully reloaded assembly
[Package Manager] Failed to launch server process. Reason: Unity was launched with the -noUpm command-line argument
[Package Manager] Unable to send message (not connected to server process).
[Package Manager] Cannot connect to Unity Package Manager local server
- Finished resetting the current domain, in  0.759 seconds
Domain Reload Profiling: 4133ms
	BeginReloadAssembly (494ms)
		ExecutionOrderSort (0ms)
		DisableScriptedObjects (8ms)
		BackupInstance (0ms)
		ReleaseScriptingObjects (0ms)
		CreateAndSetChildDomain (91ms)
	RebuildCommonClasses (93ms)
	RebuildNativeTypeToScriptingClass (11ms)
	initialDomainReloadingComplete (39ms)
	LoadAllAssembliesAndSetupDomain (2738ms)
		LoadAssemblies (2294ms)
		RebuildTransferFunctionScriptingTraits (0ms)
		AnalyzeDomain (753ms)
			TypeCache.Refresh (19ms)
				TypeCache.ScanAssembly (1ms)
			BuildScriptInfoCaches (715ms)
			ResolveRequiredComponents (12ms)
	FinalizeReload (759ms)
		ReleaseScriptCaches (0ms)
		RebuildScriptCaches (0ms)
		SetupLoadedEditorAssemblies (554ms)
			LogAssemblyErrors (0ms)
			InitializePlatformSupportModulesInManaged (9ms)
			SetLoadedEditorAssemblies (4ms)
			BeforeProcessingInitializeOnLoad (132ms)
			ProcessInitializeOnLoadAttributes (272ms)
			ProcessInitializeOnLoadMethodAttributes (133ms)
			AfterProcessingInitializeOnLoad (2ms)
			EditorAssembliesLoaded (1ms)
		ExecutionOrderSort2 (0ms)
		AwakeInstancesAfterBackupRestoration (12ms)
Refreshing native plugins compatible for Editor in 1.30 ms, found 3 plugins.
Preloading 0 native plugins for Editor in 0.00 ms.
Unloading 7 Unused Serialized files (Serialized files now loaded: 0)
Unloading 10604 unused Assets / (7.0 MB). Loaded Objects now: 11716.
Memory consumption went from 260.4 MB to 253.5 MB.
Total: 10.448000 ms (FindLiveObjects: 0.717200 ms CreateObjectMapping: 0.808200 ms MarkObjects: 5.070800 ms  DeleteObjects: 3.850500 ms)

Prepare: number of updated asset objects reloaded= 0
========================================================================
Received Import Request.
  Time since last request: 33.167215 seconds.
  path: Assets/Projeto/UI/ControladorUI.cs
  artifactKey: Guid(fca9e3b8953794f48af3873161804e46) Importer(815301076,1909f56bfc062723c751e8b465ee728b)
Start importing Assets/Projeto/UI/ControladorUI.cs using Guid(fca9e3b8953794f48af3873161804e46) Importer(815301076,1909f56bfc062723c751e8b465ee728b) (PreviewImporter) -> (artifact id: '3ff2df34107c4029b161aec9498b9bbd') in 0.0074432 seconds
Number of updated asset objects reloaded before import = 0Number of asset objects unloaded after import = 0

========================================================================
Received Import Request.
  Time since last request: 242.103486 seconds.
  path: Assets/Projeto/UI/HUD.uxml
  artifactKey: Guid(b3dabb5addd11134789b84df3d55ec3a) Importer(815301076,1909f56bfc062723c751e8b465ee728b)
Start importing Assets/Projeto/UI/HUD.uxml using Guid(b3dabb5addd11134789b84df3d55ec3a) Importer(815301076,1909f56bfc062723c751e8b465ee728b) (PreviewImporter) -> (artifact id: '83ceaadd00dce5d7ac401c4e10b7cfee') in 0.0632211 seconds
Number of updated asset objects reloaded before import = 0Number of asset objects unloaded after import = 2

========================================================================
Received Prepare
Begin MonoManager ReloadAssembly
[Licensing::Client] Successfully resolved entitlement details
Symbol file LoadedFromMemory is not a mono symbol file
- Loaded All Assemblies, in  0.762 seconds
'Packages/com.unity.cinemachine/Editor/Obsolete/CinemachineVirtualCameraBaseEditor.cs' contains partial class of Unity.Object, exactly 1 of the partial classes needs to be in a file with the same filename. This is to know the one that can be referenced from ie. GameObjects
'Packages/com.unity.cinemachine/Editor/Editors/CinemachineVirtualCameraBaseEditor.cs' contains partial class of Unity.Object, exactly 1 of the partial classes needs to be in a file with the same filename. This is to know the one that can be referenced from ie. GameObjects
Refreshing native plugins compatible for Editor in 1.04 ms, found 3 plugins.
Native extension for iOS target not found
Native extension for Android target not found
Native extension for UWP target not found
Native extension for WindowsStandalone target not found
[Package Manager] Failed to launch server process. Reason: Unity was launched with the -noUpm command-line argument
[Package Manager] Unable to send message (not connected to server process).
[Package Manager] Cannot connect to Unity Package Manager local server
[Package Manager] Failed to launch server process. Reason: Unity was launched with the -noUpm command-line argument
[Package Manager] Unable to send message (not connected to server process).
[Package Manager] Cannot connect to Unity Package Manager local server
ScheduleIndexationOnStartup MainProcess:False IndexOnStartup:True
Mono: successfully reloaded assembly
[Package Manager] Failed to launch server process. Reason: Unity was launched with the -noUpm command-line argument
[Package Manager] Unable to send message (not connected to server process).
[Package Manager] Cannot connect to Unity Package Manager local server
- Finished resetting the current domain, in  0.728 seconds
Domain Reload Profiling: 1495ms
	BeginReloadAssembly (183ms)
		ExecutionOrderSort (0ms)
		DisableScriptedObjects (5ms)
		BackupInstance (0ms)
		ReleaseScriptingObjects (0ms)
		CreateAndSetChildDomain (51ms)
	RebuildCommonClasses (28ms)
	RebuildNativeTypeToScriptingClass (11ms)
	initialDomainReloadingComplete (37ms)
	LoadAllAssembliesAndSetupDomain (509ms)
		LoadAssemblies (314ms)
		RebuildTransferFunctionScriptingTraits (0ms)
		AnalyzeDomain (262ms)
			TypeCache.Refresh (8ms)
				TypeCache.ScanAssembly (0ms)
			BuildScriptInfoCaches (232ms)
			ResolveRequiredComponents (16ms)
	FinalizeReload (728ms)
		ReleaseScriptCaches (0ms)
		RebuildScriptCaches (0ms)
		SetupLoadedEditorAssemblies (546ms)
			LogAssemblyErrors (0ms)
			InitializePlatformSupportModulesInManaged (9ms)
			SetLoadedEditorAssemblies (3ms)
			BeforeProcessingInitializeOnLoad (126ms)
			ProcessInitializeOnLoadAttributes (270ms)
			ProcessInitializeOnLoadMethodAttributes (134ms)
			AfterProcessingInitializeOnLoad (3ms)
			EditorAssembliesLoaded (1ms)
		ExecutionOrderSort2 (0ms)
		AwakeInstancesAfterBackupRestoration (13ms)
Refreshing native plugins compatible for Editor in 1.13 ms, found 3 plugins.
Preloading 0 native plugins for Editor in 0.00 ms.
Unloading 7 Unused Serialized files (Serialized files now loaded: 0)
Unloading 10604 unused Assets / (6.1 MB). Loaded Objects now: 11720.
Memory consumption went from 260.6 MB to 254.5 MB.
Total: 9.265700 ms (FindLiveObjects: 0.793300 ms CreateObjectMapping: 0.937800 ms MarkObjects: 4.897800 ms  DeleteObjects: 2.634100 ms)

Prepare: number of updated asset objects reloaded= 0
========================================================================
Received Prepare
Begin MonoManager ReloadAssembly
Symbol file LoadedFromMemory is not a mono symbol file
- Loaded All Assemblies, in  0.717 seconds
'Packages/com.unity.cinemachine/Editor/Obsolete/CinemachineVirtualCameraBaseEditor.cs' contains partial class of Unity.Object, exactly 1 of the partial classes needs to be in a file with the same filename. This is to know the one that can be referenced from ie. GameObjects
'Packages/com.unity.cinemachine/Editor/Editors/CinemachineVirtualCameraBaseEditor.cs' contains partial class of Unity.Object, exactly 1 of the partial classes needs to be in a file with the same filename. This is to know the one that can be referenced from ie. GameObjects
Refreshing native plugins compatible for Editor in 1.10 ms, found 3 plugins.
Native extension for iOS target not found
Native extension for Android target not found
Native extension for UWP target not found
Native extension for WindowsStandalone target not found
[Package Manager] Failed to launch server process. Reason: Unity was launched with the -noUpm command-line argument
[Package Manager] Unable to send message (not connected to server process).
[Package Manager] Cannot connect to Unity Package Manager local server
[Package Manager] Failed to launch server process. Reason: Unity was launched with the -noUpm command-line argument
[Package Manager] Unable to send message (not connected to server process).
[Package Manager] Cannot connect to Unity Package Manager local server
ScheduleIndexationOnStartup MainProcess:False IndexOnStartup:True
Mono: successfully reloaded assembly
[Package Manager] Failed to launch server process. Reason: Unity was launched with the -noUpm command-line argument
[Package Manager] Unable to send message (not connected to server process).
[Package Manager] Cannot connect to Unity Package Manager local server
- Finished resetting the current domain, in  0.726 seconds
Domain Reload Profiling: 1447ms
	BeginReloadAssembly (176ms)
		ExecutionOrderSort (0ms)
		DisableScriptedObjects (5ms)
		BackupInstance (0ms)
		ReleaseScriptingObjects (0ms)
		CreateAndSetChildDomain (44ms)
	RebuildCommonClasses (27ms)
	RebuildNativeTypeToScriptingClass (11ms)
	initialDomainReloadingComplete (37ms)
	LoadAllAssembliesAndSetupDomain (470ms)
		LoadAssemblies (285ms)
		RebuildTransferFunctionScriptingTraits (0ms)
		AnalyzeDomain (254ms)
			TypeCache.Refresh (8ms)
				TypeCache.ScanAssembly (0ms)
			BuildScriptInfoCaches (231ms)
			ResolveRequiredComponents (10ms)
	FinalizeReload (726ms)
		ReleaseScriptCaches (0ms)
		RebuildScriptCaches (0ms)
		SetupLoadedEditorAssemblies (551ms)
			LogAssemblyErrors (0ms)
			InitializePlatformSupportModulesInManaged (9ms)
			SetLoadedEditorAssemblies (3ms)
			BeforeProcessingInitializeOnLoad (131ms)
			ProcessInitializeOnLoadAttributes (271ms)
			ProcessInitializeOnLoadMethodAttributes (133ms)
			AfterProcessingInitializeOnLoad (2ms)
			EditorAssembliesLoaded (1ms)
		ExecutionOrderSort2 (0ms)
		AwakeInstancesAfterBackupRestoration (12ms)
Refreshing native plugins compatible for Editor in 1.33 ms, found 3 plugins.
Preloading 0 native plugins for Editor in 0.00 ms.
Unloading 7 Unused Serialized files (Serialized files now loaded: 0)
Unloading 10604 unused Assets / (6.3 MB). Loaded Objects now: 11724.
Memory consumption went from 260.6 MB to 254.4 MB.
Total: 9.519100 ms (FindLiveObjects: 1.080000 ms CreateObjectMapping: 0.856400 ms MarkObjects: 5.068900 ms  DeleteObjects: 2.513400 ms)

Prepare: number of updated asset objects reloaded= 0
========================================================================
Received Prepare
'Packages/com.unity.cinemachine/Editor/Obsolete/CinemachineVirtualCameraBaseEditor.cs' contains partial class of Unity.Object, exactly 1 of the partial classes needs to be in a file with the same filename. This is to know the one that can be referenced from ie. GameObjects
'Packages/com.unity.cinemachine/Editor/Editors/CinemachineVirtualCameraBaseEditor.cs' contains partial class of Unity.Object, exactly 1 of the partial classes needs to be in a file with the same filename. This is to know the one that can be referenced from ie. GameObjects
Refreshing native plugins compatible for Editor in 3.88 ms, found 3 plugins.
Preloading 0 native plugins for Editor in 0.00 ms.
Unloading 7 Unused Serialized files (Serialized files now loaded: 0)
Unloading 10587 unused Assets / (5.7 MB). Loaded Objects now: 11724.
Memory consumption went from 255.5 MB to 249.8 MB.
Total: 18.250400 ms (FindLiveObjects: 2.128900 ms CreateObjectMapping: 1.333400 ms MarkObjects: 10.427800 ms  DeleteObjects: 4.358400 ms)

Prepare: number of updated asset objects reloaded= 0
========================================================================
Received Prepare
Begin MonoManager ReloadAssembly
[Licensing::Client] Successfully resolved entitlement details
Symbol file LoadedFromMemory is not a mono symbol file
- Loaded All Assemblies, in  1.985 seconds
'Packages/com.unity.cinemachine/Editor/Obsolete/CinemachineVirtualCameraBaseEditor.cs' contains partial class of Unity.Object, exactly 1 of the partial classes needs to be in a file with the same filename. This is to know the one that can be referenced from ie. GameObjects
'Packages/com.unity.cinemachine/Editor/Editors/CinemachineVirtualCameraBaseEditor.cs' contains partial class of Unity.Object, exactly 1 of the partial classes needs to be in a file with the same filename. This is to know the one that can be referenced from ie. GameObjects
Refreshing native plugins compatible for Editor in 3.24 ms, found 3 plugins.
Native extension for iOS target not found
Native extension for Android target not found
Native extension for UWP target not found
Native extension for WindowsStandalone target not found
[Package Manager] Failed to launch server process. Reason: Unity was launched with the -noUpm command-line argument
[Package Manager] Unable to send message (not connected to server process).
[Package Manager] Cannot connect to Unity Package Manager local server
[Package Manager] Failed to launch server process. Reason: Unity was launched with the -noUpm command-line argument
[Package Manager] Unable to send message (not connected to server process).
[Package Manager] Cannot connect to Unity Package Manager local server
ScheduleIndexationOnStartup MainProcess:False IndexOnStartup:True
Mono: successfully reloaded assembly
[Package Manager] Failed to launch server process. Reason: Unity was launched with the -noUpm command-line argument
[Package Manager] Unable to send message (not connected to server process).
[Package Manager] Cannot connect to Unity Package Manager local server
- Finished resetting the current domain, in  1.652 seconds
Domain Reload Profiling: 3642ms
	BeginReloadAssembly (468ms)
		ExecutionOrderSort (0ms)
		DisableScriptedObjects (11ms)
		BackupInstance (0ms)
		ReleaseScriptingObjects (0ms)
		CreateAndSetChildDomain (97ms)
	RebuildCommonClasses (65ms)
	RebuildNativeTypeToScriptingClass (58ms)
	initialDomainReloadingComplete (85ms)
	LoadAllAssembliesAndSetupDomain (1313ms)
		LoadAssemblies (860ms)
		RebuildTransferFunctionScriptingTraits (0ms)
		AnalyzeDomain (626ms)
			TypeCache.Refresh (32ms)
				TypeCache.ScanAssembly (4ms)
			BuildScriptInfoCaches (567ms)
			ResolveRequiredComponents (20ms)
	FinalizeReload (1653ms)
		ReleaseScriptCaches (0ms)
		RebuildScriptCaches (0ms)
		SetupLoadedEditorAssemblies (1253ms)
			LogAssemblyErrors (0ms)
			InitializePlatformSupportModulesInManaged (20ms)
			SetLoadedEditorAssemblies (6ms)
			BeforeProcessingInitializeOnLoad (363ms)
			ProcessInitializeOnLoadAttributes (567ms)
			ProcessInitializeOnLoadMethodAttributes (291ms)
			AfterProcessingInitializeOnLoad (4ms)
			EditorAssembliesLoaded (1ms)
		ExecutionOrderSort2 (0ms)
		AwakeInstancesAfterBackupRestoration (30ms)
Refreshing native plugins compatible for Editor in 2.61 ms, found 3 plugins.
Preloading 0 native plugins for Editor in 0.00 ms.
Unloading 7 Unused Serialized files (Serialized files now loaded: 0)
Unloading 10604 unused Assets / (3.3 MB). Loaded Objects now: 11728.
Memory consumption went from 260.7 MB to 257.4 MB.
Total: 14.258100 ms (FindLiveObjects: 1.540500 ms CreateObjectMapping: 1.065600 ms MarkObjects: 8.159700 ms  DeleteObjects: 3.490800 ms)

Prepare: number of updated asset objects reloaded= 0
========================================================================
Received Prepare
Begin MonoManager ReloadAssembly
Symbol file LoadedFromMemory is not a mono symbol file
- Loaded All Assemblies, in  0.750 seconds
'Packages/com.unity.cinemachine/Editor/Obsolete/CinemachineVirtualCameraBaseEditor.cs' contains partial class of Unity.Object, exactly 1 of the partial classes needs to be in a file with the same filename. This is to know the one that can be referenced from ie. GameObjects
'Packages/com.unity.cinemachine/Editor/Editors/CinemachineVirtualCameraBaseEditor.cs' contains partial class of Unity.Object, exactly 1 of the partial classes needs to be in a file with the same filename. This is to know the one that can be referenced from ie. GameObjects
Refreshing native plugins compatible for Editor in 0.94 ms, found 3 plugins.
Native extension for iOS target not found
Native extension for Android target not found
Native extension for UWP target not found
Native extension for WindowsStandalone target not found
[Package Manager] Failed to launch server process. Reason: Unity was launched with the -noUpm command-line argument
[Package Manager] Unable to send message (not connected to server process).
[Package Manager] Cannot connect to Unity Package Manager local server
[Package Manager] Failed to launch server process. Reason: Unity was launched with the -noUpm command-line argument
[Package Manager] Unable to send message (not connected to server process).
[Package Manager] Cannot connect to Unity Package Manager local server
ScheduleIndexationOnStartup MainProcess:False IndexOnStartup:True
Mono: successfully reloaded assembly
[Package Manager] Failed to launch server process. Reason: Unity was launched with the -noUpm command-line argument
[Package Manager] Unable to send message (not connected to server process).
[Package Manager] Cannot connect to Unity Package Manager local server
- Finished resetting the current domain, in  0.736 seconds
Domain Reload Profiling: 1491ms
	BeginReloadAssembly (175ms)
		ExecutionOrderSort (0ms)
		DisableScriptedObjects (5ms)
		BackupInstance (0ms)
		ReleaseScriptingObjects (0ms)
		CreateAndSetChildDomain (44ms)
	RebuildCommonClasses (27ms)
	RebuildNativeTypeToScriptingClass (11ms)
	initialDomainReloadingComplete (37ms)
	LoadAllAssembliesAndSetupDomain (505ms)
		LoadAssemblies (281ms)
		RebuildTransferFunctionScriptingTraits (0ms)
		AnalyzeDomain (289ms)
			TypeCache.Refresh (9ms)
				TypeCache.ScanAssembly (0ms)
			BuildScriptInfoCaches (265ms)
			ResolveRequiredComponents (10ms)
	FinalizeReload (736ms)
		ReleaseScriptCaches (0ms)
		RebuildScriptCaches (0ms)
		SetupLoadedEditorAssemblies (559ms)
			LogAssemblyErrors (0ms)
			InitializePlatformSupportModulesInManaged (8ms)
			SetLoadedEditorAssemblies (3ms)
			BeforeProcessingInitializeOnLoad (149ms)
			ProcessInitializeOnLoadAttributes (269ms)
			ProcessInitializeOnLoadMethodAttributes (127ms)
			AfterProcessingInitializeOnLoad (2ms)
			EditorAssembliesLoaded (1ms)
		ExecutionOrderSort2 (0ms)
		AwakeInstancesAfterBackupRestoration (14ms)
Refreshing native plugins compatible for Editor in 1.24 ms, found 3 plugins.
Preloading 0 native plugins for Editor in 0.00 ms.
Unloading 7 Unused Serialized files (Serialized files now loaded: 0)
Unloading 10604 unused Assets / (5.9 MB). Loaded Objects now: 11732.
Memory consumption went from 262.8 MB to 256.9 MB.
Total: 8.797800 ms (FindLiveObjects: 0.791400 ms CreateObjectMapping: 0.762200 ms MarkObjects: 4.763500 ms  DeleteObjects: 2.479100 ms)

Prepare: number of updated asset objects reloaded= 0
========================================================================
Received Prepare
'Packages/com.unity.cinemachine/Editor/Obsolete/CinemachineVirtualCameraBaseEditor.cs' contains partial class of Unity.Object, exactly 1 of the partial classes needs to be in a file with the same filename. This is to know the one that can be referenced from ie. GameObjects
'Packages/com.unity.cinemachine/Editor/Editors/CinemachineVirtualCameraBaseEditor.cs' contains partial class of Unity.Object, exactly 1 of the partial classes needs to be in a file with the same filename. This is to know the one that can be referenced from ie. GameObjects
Refreshing native plugins compatible for Editor in 5.26 ms, found 3 plugins.
Preloading 0 native plugins for Editor in 0.00 ms.
Unloading 7 Unused Serialized files (Serialized files now loaded: 0)
Unloading 10587 unused Assets / (6.2 MB). Loaded Objects now: 11732.
Memory consumption went from 257.6 MB to 251.4 MB.
Total: 75.830300 ms (FindLiveObjects: 1.611400 ms CreateObjectMapping: 2.646000 ms MarkObjects: 63.785600 ms  DeleteObjects: 7.785900 ms)

Prepare: number of updated asset objects reloaded= 0
========================================================================
Received Prepare
Begin MonoManager ReloadAssembly
[Licensing::Client] Successfully resolved entitlement details
Symbol file LoadedFromMemory is not a mono symbol file
- Loaded All Assemblies, in  1.444 seconds
'Packages/com.unity.cinemachine/Editor/Obsolete/CinemachineVirtualCameraBaseEditor.cs' contains partial class of Unity.Object, exactly 1 of the partial classes needs to be in a file with the same filename. This is to know the one that can be referenced from ie. GameObjects
'Packages/com.unity.cinemachine/Editor/Editors/CinemachineVirtualCameraBaseEditor.cs' contains partial class of Unity.Object, exactly 1 of the partial classes needs to be in a file with the same filename. This is to know the one that can be referenced from ie. GameObjects
Refreshing native plugins compatible for Editor in 0.94 ms, found 3 plugins.
Native extension for iOS target not found
Native extension for Android target not found
Native extension for UWP target not found
Native extension for WindowsStandalone target not found
[Package Manager] Failed to launch server process. Reason: Unity was launched with the -noUpm command-line argument
[Package Manager] Unable to send message (not connected to server process).
[Package Manager] Cannot connect to Unity Package Manager local server
[Package Manager] Failed to launch server process. Reason: Unity was launched with the -noUpm command-line argument
[Package Manager] Unable to send message (not connected to server process).
[Package Manager] Cannot connect to Unity Package Manager local server
ScheduleIndexationOnStartup MainProcess:False IndexOnStartup:True
Mono: successfully reloaded assembly
[Package Manager] Failed to launch server process. Reason: Unity was launched with the -noUpm command-line argument
[Package Manager] Unable to send message (not connected to server process).
[Package Manager] Cannot connect to Unity Package Manager local server
- Finished resetting the current domain, in  0.704 seconds
Domain Reload Profiling: 2150ms
	BeginReloadAssembly (437ms)
		ExecutionOrderSort (0ms)
		DisableScriptedObjects (13ms)
		BackupInstance (0ms)
		ReleaseScriptingObjects (0ms)
		CreateAndSetChildDomain (109ms)
	RebuildCommonClasses (51ms)
	RebuildNativeTypeToScriptingClass (22ms)
	initialDomainReloadingComplete (79ms)
	LoadAllAssembliesAndSetupDomain (856ms)
		LoadAssemblies (653ms)
		RebuildTransferFunctionScriptingTraits (0ms)
		AnalyzeDomain (374ms)
			TypeCache.Refresh (19ms)
				TypeCache.ScanAssembly (2ms)
			BuildScriptInfoCaches (339ms)
			ResolveRequiredComponents (10ms)
	FinalizeReload (704ms)
		ReleaseScriptCaches (0ms)
		RebuildScriptCaches (0ms)
		SetupLoadedEditorAssemblies (525ms)
			LogAssemblyErrors (0ms)
			InitializePlatformSupportModulesInManaged (8ms)
			SetLoadedEditorAssemblies (3ms)
			BeforeProcessingInitializeOnLoad (123ms)
			ProcessInitializeOnLoadAttributes (259ms)
			ProcessInitializeOnLoadMethodAttributes (128ms)
			AfterProcessingInitializeOnLoad (2ms)
			EditorAssembliesLoaded (1ms)
		ExecutionOrderSort2 (0ms)
		AwakeInstancesAfterBackupRestoration (12ms)
Refreshing native plugins compatible for Editor in 1.50 ms, found 3 plugins.
Preloading 0 native plugins for Editor in 0.00 ms.
Unloading 7 Unused Serialized files (Serialized files now loaded: 0)
Unloading 10604 unused Assets / (6.3 MB). Loaded Objects now: 11736.
Memory consumption went from 262.9 MB to 256.6 MB.
Total: 9.316600 ms (FindLiveObjects: 0.795100 ms CreateObjectMapping: 0.817700 ms MarkObjects: 4.928800 ms  DeleteObjects: 2.774000 ms)

Prepare: number of updated asset objects reloaded= 0
========================================================================
Received Prepare
Begin MonoManager ReloadAssembly
Symbol file LoadedFromMemory is not a mono symbol file
- Loaded All Assemblies, in  0.760 seconds
'Packages/com.unity.cinemachine/Editor/Obsolete/CinemachineVirtualCameraBaseEditor.cs' contains partial class of Unity.Object, exactly 1 of the partial classes needs to be in a file with the same filename. This is to know the one that can be referenced from ie. GameObjects
'Packages/com.unity.cinemachine/Editor/Editors/CinemachineVirtualCameraBaseEditor.cs' contains partial class of Unity.Object, exactly 1 of the partial classes needs to be in a file with the same filename. This is to know the one that can be referenced from ie. GameObjects
Refreshing native plugins compatible for Editor in 0.96 ms, found 3 plugins.
Native extension for iOS target not found
Native extension for Android target not found
Native extension for UWP target not found
Native extension for WindowsStandalone target not found
[Package Manager] Failed to launch server process. Reason: Unity was launched with the -noUpm command-line argument
[Package Manager] Unable to send message (not connected to server process).
[Package Manager] Cannot connect to Unity Package Manager local server
[Package Manager] Failed to launch server process. Reason: Unity was launched with the -noUpm command-line argument
[Package Manager] Unable to send message (not connected to server process).
[Package Manager] Cannot connect to Unity Package Manager local server
ScheduleIndexationOnStartup MainProcess:False IndexOnStartup:True
Mono: successfully reloaded assembly
[Package Manager] Failed to launch server process. Reason: Unity was launched with the -noUpm command-line argument
[Package Manager] Unable to send message (not connected to server process).
[Package Manager] Cannot connect to Unity Package Manager local server
- Finished resetting the current domain, in  0.722 seconds
Domain Reload Profiling: 1486ms
	BeginReloadAssembly (182ms)
		ExecutionOrderSort (0ms)
		DisableScriptedObjects (5ms)
		BackupInstance (0ms)
		ReleaseScriptingObjects (0ms)
		CreateAndSetChildDomain (43ms)
	RebuildCommonClasses (31ms)
	RebuildNativeTypeToScriptingClass (12ms)
	initialDomainReloadingComplete (42ms)
	LoadAllAssembliesAndSetupDomain (496ms)
		LoadAssemblies (313ms)
		RebuildTransferFunctionScriptingTraits (0ms)
		AnalyzeDomain (258ms)
			TypeCache.Refresh (8ms)
				TypeCache.ScanAssembly (0ms)
			BuildScriptInfoCaches (236ms)
			ResolveRequiredComponents (10ms)
	FinalizeReload (722ms)
		ReleaseScriptCaches (0ms)
		RebuildScriptCaches (0ms)
		SetupLoadedEditorAssemblies (545ms)
			LogAssemblyErrors (0ms)
			InitializePlatformSupportModulesInManaged (8ms)
			SetLoadedEditorAssemblies (3ms)
			BeforeProcessingInitializeOnLoad (130ms)
			ProcessInitializeOnLoadAttributes (277ms)
			ProcessInitializeOnLoadMethodAttributes (124ms)
			AfterProcessingInitializeOnLoad (2ms)
			EditorAssembliesLoaded (1ms)
		ExecutionOrderSort2 (0ms)
		AwakeInstancesAfterBackupRestoration (12ms)
Refreshing native plugins compatible for Editor in 1.19 ms, found 3 plugins.
Preloading 0 native plugins for Editor in 0.00 ms.
Unloading 7 Unused Serialized files (Serialized files now loaded: 0)
Unloading 10604 unused Assets / (6.3 MB). Loaded Objects now: 11740.
Memory consumption went from 263.0 MB to 256.6 MB.
Total: 9.639200 ms (FindLiveObjects: 0.815200 ms CreateObjectMapping: 0.803600 ms MarkObjects: 5.295000 ms  DeleteObjects: 2.723900 ms)

Prepare: number of updated asset objects reloaded= 0
========================================================================
Received Prepare
Begin MonoManager ReloadAssembly
Symbol file LoadedFromMemory is not a mono symbol file
- Loaded All Assemblies, in  0.714 seconds
'Packages/com.unity.cinemachine/Editor/Obsolete/CinemachineVirtualCameraBaseEditor.cs' contains partial class of Unity.Object, exactly 1 of the partial classes needs to be in a file with the same filename. This is to know the one that can be referenced from ie. GameObjects
'Packages/com.unity.cinemachine/Editor/Editors/CinemachineVirtualCameraBaseEditor.cs' contains partial class of Unity.Object, exactly 1 of the partial classes needs to be in a file with the same filename. This is to know the one that can be referenced from ie. GameObjects
Refreshing native plugins compatible for Editor in 0.90 ms, found 3 plugins.
Native extension for iOS target not found
Native extension for Android target not found
Native extension for UWP target not found
Native extension for WindowsStandalone target not found
[Package Manager] Failed to launch server process. Reason: Unity was launched with the -noUpm command-line argument
[Package Manager] Unable to send message (not connected to server process).
[Package Manager] Cannot connect to Unity Package Manager local server
[Package Manager] Failed to launch server process. Reason: Unity was launched with the -noUpm command-line argument
[Package Manager] Unable to send message (not connected to server process).
[Package Manager] Cannot connect to Unity Package Manager local server
ScheduleIndexationOnStartup MainProcess:False IndexOnStartup:True
Mono: successfully reloaded assembly
[Package Manager] Failed to launch server process. Reason: Unity was launched with the -noUpm command-line argument
[Package Manager] Unable to send message (not connected to server process).
[Package Manager] Cannot connect to Unity Package Manager local server
- Finished resetting the current domain, in  0.723 seconds
Domain Reload Profiling: 1442ms
	BeginReloadAssembly (173ms)
		ExecutionOrderSort (0ms)
		DisableScriptedObjects (5ms)
		BackupInstance (0ms)
		ReleaseScriptingObjects (0ms)
		CreateAndSetChildDomain (43ms)
	RebuildCommonClasses (27ms)
	RebuildNativeTypeToScriptingClass (11ms)
	initialDomainReloadingComplete (38ms)
	LoadAllAssembliesAndSetupDomain (469ms)
		LoadAssemblies (280ms)
		RebuildTransferFunctionScriptingTraits (0ms)
		AnalyzeDomain (258ms)
			TypeCache.Refresh (8ms)
				TypeCache.ScanAssembly (0ms)
			BuildScriptInfoCaches (234ms)
			ResolveRequiredComponents (10ms)
	FinalizeReload (724ms)
		ReleaseScriptCaches (0ms)
		RebuildScriptCaches (0ms)
		SetupLoadedEditorAssemblies (546ms)
			LogAssemblyErrors (0ms)
			InitializePlatformSupportModulesInManaged (8ms)
			SetLoadedEditorAssemblies (3ms)
			BeforeProcessingInitializeOnLoad (135ms)
			ProcessInitializeOnLoadAttributes (271ms)
			ProcessInitializeOnLoadMethodAttributes (126ms)
			AfterProcessingInitializeOnLoad (2ms)
			EditorAssembliesLoaded (1ms)
		ExecutionOrderSort2 (0ms)
		AwakeInstancesAfterBackupRestoration (13ms)
Refreshing native plugins compatible for Editor in 1.28 ms, found 3 plugins.
Preloading 0 native plugins for Editor in 0.00 ms.
Unloading 7 Unused Serialized files (Serialized files now loaded: 0)
Unloading 10604 unused Assets / (6.6 MB). Loaded Objects now: 11744.
Memory consumption went from 263.1 MB to 256.5 MB.
Total: 9.473800 ms (FindLiveObjects: 0.751300 ms CreateObjectMapping: 0.764900 ms MarkObjects: 4.951700 ms  DeleteObjects: 3.003900 ms)

Prepare: number of updated asset objects reloaded= 0
========================================================================
Received Import Request.
  Time since last request: 434.422707 seconds.
  path: Assets/Projeto/UI/HUD.uxml
  artifactKey: Guid(b3dabb5addd11134789b84df3d55ec3a) Importer(815301076,1909f56bfc062723c751e8b465ee728b)
Start importing Assets/Projeto/UI/HUD.uxml using Guid(b3dabb5addd11134789b84df3d55ec3a) Importer(815301076,1909f56bfc062723c751e8b465ee728b) (PreviewImporter) -> (artifact id: 'a4c5e21f24541fa26dac49d6222e3b87') in 0.1400054 seconds
Number of updated asset objects reloaded before import = 0Number of asset objects unloaded after import = 2

========================================================================
Received Prepare
Begin MonoManager ReloadAssembly
[Licensing::Client] Successfully resolved entitlement details
Symbol file LoadedFromMemory is not a mono symbol file
- Loaded All Assemblies, in  0.760 seconds
'Packages/com.unity.cinemachine/Editor/Obsolete/CinemachineVirtualCameraBaseEditor.cs' contains partial class of Unity.Object, exactly 1 of the partial classes needs to be in a file with the same filename. This is to know the one that can be referenced from ie. GameObjects
'Packages/com.unity.cinemachine/Editor/Editors/CinemachineVirtualCameraBaseEditor.cs' contains partial class of Unity.Object, exactly 1 of the partial classes needs to be in a file with the same filename. This is to know the one that can be referenced from ie. GameObjects
Refreshing native plugins compatible for Editor in 0.91 ms, found 3 plugins.
Native extension for iOS target not found
Native extension for Android target not found
Native extension for UWP target not found
Native extension for WindowsStandalone target not found
[Package Manager] Failed to launch server process. Reason: Unity was launched with the -noUpm command-line argument
[Package Manager] Unable to send message (not connected to server process).
[Package Manager] Cannot connect to Unity Package Manager local server
[Package Manager] Failed to launch server process. Reason: Unity was launched with the -noUpm command-line argument
[Package Manager] Unable to send message (not connected to server process).
[Package Manager] Cannot connect to Unity Package Manager local server
ScheduleIndexationOnStartup MainProcess:False IndexOnStartup:True
Mono: successfully reloaded assembly
[Package Manager] Failed to launch server process. Reason: Unity was launched with the -noUpm command-line argument
[Package Manager] Unable to send message (not connected to server process).
[Package Manager] Cannot connect to Unity Package Manager local server
- Finished resetting the current domain, in  0.744 seconds
Domain Reload Profiling: 1508ms
	BeginReloadAssembly (197ms)
		ExecutionOrderSort (0ms)
		DisableScriptedObjects (6ms)
		BackupInstance (0ms)
		ReleaseScriptingObjects (0ms)
		CreateAndSetChildDomain (56ms)
	RebuildCommonClasses (28ms)
	RebuildNativeTypeToScriptingClass (11ms)
	initialDomainReloadingComplete (40ms)
	LoadAllAssembliesAndSetupDomain (488ms)
		LoadAssemblies (288ms)
		RebuildTransferFunctionScriptingTraits (0ms)
		AnalyzeDomain (271ms)
			TypeCache.Refresh (8ms)
				TypeCache.ScanAssembly (0ms)
			BuildScriptInfoCaches (247ms)
			ResolveRequiredComponents (10ms)
	FinalizeReload (744ms)
		ReleaseScriptCaches (0ms)
		RebuildScriptCaches (0ms)
		SetupLoadedEditorAssemblies (570ms)
			LogAssemblyErrors (0ms)
			InitializePlatformSupportModulesInManaged (8ms)
			SetLoadedEditorAssemblies (4ms)
			BeforeProcessingInitializeOnLoad (136ms)
			ProcessInitializeOnLoadAttributes (283ms)
			ProcessInitializeOnLoadMethodAttributes (136ms)
			AfterProcessingInitializeOnLoad (2ms)
			EditorAssembliesLoaded (1ms)
		ExecutionOrderSort2 (0ms)
		AwakeInstancesAfterBackupRestoration (13ms)
Refreshing native plugins compatible for Editor in 1.35 ms, found 3 plugins.
Preloading 0 native plugins for Editor in 0.00 ms.
Unloading 7 Unused Serialized files (Serialized files now loaded: 0)
Unloading 10604 unused Assets / (6.4 MB). Loaded Objects now: 11748.
Memory consumption went from 263.2 MB to 256.8 MB.
Total: 10.716500 ms (FindLiveObjects: 0.901300 ms CreateObjectMapping: 0.820300 ms MarkObjects: 5.752300 ms  DeleteObjects: 3.241300 ms)

Prepare: number of updated asset objects reloaded= 0
========================================================================
Received Import Request.
  Time since last request: 1013.295119 seconds.
  path: Assets/Projeto/UI/ControladorUI.cs
  artifactKey: Guid(fca9e3b8953794f48af3873161804e46) Importer(815301076,1909f56bfc062723c751e8b465ee728b)
Start importing Assets/Projeto/UI/ControladorUI.cs using Guid(fca9e3b8953794f48af3873161804e46) Importer(815301076,1909f56bfc062723c751e8b465ee728b) (PreviewImporter) -> (artifact id: '4dbce78a5383206a31cd7551cf4936f2') in 0.0080676 seconds
Number of updated asset objects reloaded before import = 0Number of asset objects unloaded after import = 0

========================================================================
Received Prepare
'Packages/com.unity.cinemachine/Editor/Obsolete/CinemachineVirtualCameraBaseEditor.cs' contains partial class of Unity.Object, exactly 1 of the partial classes needs to be in a file with the same filename. This is to know the one that can be referenced from ie. GameObjects
'Packages/com.unity.cinemachine/Editor/Editors/CinemachineVirtualCameraBaseEditor.cs' contains partial class of Unity.Object, exactly 1 of the partial classes needs to be in a file with the same filename. This is to know the one that can be referenced from ie. GameObjects
Refreshing native plugins compatible for Editor in 4.04 ms, found 3 plugins.
Preloading 0 native plugins for Editor in 0.00 ms.
Unloading 7 Unused Serialized files (Serialized files now loaded: 0)
Unloading 10587 unused Assets / (6.8 MB). Loaded Objects now: 11748.
Memory consumption went from 258.0 MB to 251.1 MB.
Total: 23.472200 ms (FindLiveObjects: 1.950000 ms CreateObjectMapping: 1.721400 ms MarkObjects: 12.137100 ms  DeleteObjects: 7.661500 ms)

Prepare: number of updated asset objects reloaded= 0
========================================================================
Received Prepare
Begin MonoManager ReloadAssembly
[Licensing::Client] Successfully resolved entitlement details
Symbol file LoadedFromMemory is not a mono symbol file
- Loaded All Assemblies, in  1.372 seconds
'Packages/com.unity.cinemachine/Editor/Obsolete/CinemachineVirtualCameraBaseEditor.cs' contains partial class of Unity.Object, exactly 1 of the partial classes needs to be in a file with the same filename. This is to know the one that can be referenced from ie. GameObjects
'Packages/com.unity.cinemachine/Editor/Editors/CinemachineVirtualCameraBaseEditor.cs' contains partial class of Unity.Object, exactly 1 of the partial classes needs to be in a file with the same filename. This is to know the one that can be referenced from ie. GameObjects
Refreshing native plugins compatible for Editor in 4.58 ms, found 3 plugins.
Native extension for iOS target not found
Native extension for Android target not found
Native extension for UWP target not found
Native extension for WindowsStandalone target not found
[Package Manager] Failed to launch server process. Reason: Unity was launched with the -noUpm command-line argument
[Package Manager] Unable to send message (not connected to server process).
[Package Manager] Cannot connect to Unity Package Manager local server
[Package Manager] Failed to launch server process. Reason: Unity was launched with the -noUpm command-line argument
[Package Manager] Unable to send message (not connected to server process).
[Package Manager] Cannot connect to Unity Package Manager local server
ScheduleIndexationOnStartup MainProcess:False IndexOnStartup:True
Mono: successfully reloaded assembly
[Package Manager] Failed to launch server process. Reason: Unity was launched with the -noUpm command-line argument
[Package Manager] Unable to send message (not connected to server process).
[Package Manager] Cannot connect to Unity Package Manager local server
- Finished resetting the current domain, in  1.440 seconds
Domain Reload Profiling: 2818ms
	BeginReloadAssembly (309ms)
		ExecutionOrderSort (0ms)
		DisableScriptedObjects (15ms)
		BackupInstance (0ms)
		ReleaseScriptingObjects (0ms)
		CreateAndSetChildDomain (72ms)
	RebuildCommonClasses (46ms)
	RebuildNativeTypeToScriptingClass (19ms)
	initialDomainReloadingComplete (67ms)
	LoadAllAssembliesAndSetupDomain (935ms)
		LoadAssemblies (663ms)
		RebuildTransferFunctionScriptingTraits (0ms)
		AnalyzeDomain (398ms)
			TypeCache.Refresh (25ms)
				TypeCache.ScanAssembly (3ms)
			BuildScriptInfoCaches (345ms)
			ResolveRequiredComponents (19ms)
	FinalizeReload (1441ms)
		ReleaseScriptCaches (0ms)
		RebuildScriptCaches (0ms)
		SetupLoadedEditorAssemblies (1102ms)
			LogAssemblyErrors (0ms)
			InitializePlatformSupportModulesInManaged (18ms)
			SetLoadedEditorAssemblies (5ms)
			BeforeProcessingInitializeOnLoad (305ms)
			ProcessInitializeOnLoadAttributes (510ms)
			ProcessInitializeOnLoadMethodAttributes (258ms)
			AfterProcessingInitializeOnLoad (5ms)
			EditorAssembliesLoaded (1ms)
		ExecutionOrderSort2 (0ms)
		AwakeInstancesAfterBackupRestoration (28ms)
Refreshing native plugins compatible for Editor in 2.48 ms, found 3 plugins.
Preloading 0 native plugins for Editor in 0.00 ms.
Unloading 7 Unused Serialized files (Serialized files now loaded: 0)
Unloading 10604 unused Assets / (4.9 MB). Loaded Objects now: 11752.
Memory consumption went from 263.3 MB to 258.4 MB.
Total: 18.178400 ms (FindLiveObjects: 1.833400 ms CreateObjectMapping: 1.741500 ms MarkObjects: 10.004800 ms  DeleteObjects: 4.597300 ms)

Prepare: number of updated asset objects reloaded= 0
========================================================================
Received Import Request.
  Time since last request: 238.306982 seconds.
  path: Assets/Projeto/UI/HUD.uxml
  artifactKey: Guid(b3dabb5addd11134789b84df3d55ec3a) Importer(815301076,1909f56bfc062723c751e8b465ee728b)
Start importing Assets/Projeto/UI/HUD.uxml using Guid(b3dabb5addd11134789b84df3d55ec3a) Importer(815301076,1909f56bfc062723c751e8b465ee728b) (PreviewImporter) -> (artifact id: 'facb6b397caed5355a9abc01e4fa2a83') in 0.0707275 seconds
Number of updated asset objects reloaded before import = 0Number of asset objects unloaded after import = 2

========================================================================
Received Prepare
'Packages/com.unity.cinemachine/Editor/Obsolete/CinemachineVirtualCameraBaseEditor.cs' contains partial class of Unity.Object, exactly 1 of the partial classes needs to be in a file with the same filename. This is to know the one that can be referenced from ie. GameObjects
'Packages/com.unity.cinemachine/Editor/Editors/CinemachineVirtualCameraBaseEditor.cs' contains partial class of Unity.Object, exactly 1 of the partial classes needs to be in a file with the same filename. This is to know the one that can be referenced from ie. GameObjects
Refreshing native plugins compatible for Editor in 5.36 ms, found 3 plugins.
Preloading 0 native plugins for Editor in 0.00 ms.
Unloading 7 Unused Serialized files (Serialized files now loaded: 0)
Unloading 10587 unused Assets / (3.0 MB). Loaded Objects now: 11752.
Memory consumption went from 258.2 MB to 255.2 MB.
Total: 32.497600 ms (FindLiveObjects: 1.460800 ms CreateObjectMapping: 0.969100 ms MarkObjects: 23.164500 ms  DeleteObjects: 6.901600 ms)

Prepare: number of updated asset objects reloaded= 0
========================================================================
Received Prepare
Begin MonoManager ReloadAssembly
[Licensing::Client] Successfully resolved entitlement details
Symbol file LoadedFromMemory is not a mono symbol file
- Loaded All Assemblies, in  1.382 seconds
'Packages/com.unity.cinemachine/Editor/Obsolete/CinemachineVirtualCameraBaseEditor.cs' contains partial class of Unity.Object, exactly 1 of the partial classes needs to be in a file with the same filename. This is to know the one that can be referenced from ie. GameObjects
'Packages/com.unity.cinemachine/Editor/Editors/CinemachineVirtualCameraBaseEditor.cs' contains partial class of Unity.Object, exactly 1 of the partial classes needs to be in a file with the same filename. This is to know the one that can be referenced from ie. GameObjects
Refreshing native plugins compatible for Editor in 1.10 ms, found 3 plugins.
Native extension for iOS target not found
Native extension for Android target not found
Native extension for UWP target not found
Native extension for WindowsStandalone target not found
[Package Manager] Failed to launch server process. Reason: Unity was launched with the -noUpm command-line argument
[Package Manager] Unable to send message (not connected to server process).
[Package Manager] Cannot connect to Unity Package Manager local server
[Package Manager] Failed to launch server process. Reason: Unity was launched with the -noUpm command-line argument
[Package Manager] Unable to send message (not connected to server process).
[Package Manager] Cannot connect to Unity Package Manager local server
ScheduleIndexationOnStartup MainProcess:False IndexOnStartup:True
Mono: successfully reloaded assembly
[Package Manager] Failed to launch server process. Reason: Unity was launched with the -noUpm command-line argument
[Package Manager] Unable to send message (not connected to server process).
[Package Manager] Cannot connect to Unity Package Manager local server
- Finished resetting the current domain, in  0.846 seconds
Domain Reload Profiling: 2229ms
	BeginReloadAssembly (314ms)
		ExecutionOrderSort (0ms)
		DisableScriptedObjects (11ms)
		BackupInstance (0ms)
		ReleaseScriptingObjects (0ms)
		CreateAndSetChildDomain (82ms)
	RebuildCommonClasses (48ms)
	RebuildNativeTypeToScriptingClass (20ms)
	initialDomainReloadingComplete (68ms)
	LoadAllAssembliesAndSetupDomain (933ms)
		LoadAssemblies (669ms)
		RebuildTransferFunctionScriptingTraits (0ms)
		AnalyzeDomain (388ms)
			TypeCache.Refresh (19ms)
				TypeCache.ScanAssembly (2ms)
			BuildScriptInfoCaches (355ms)
			ResolveRequiredComponents (10ms)
	FinalizeReload (846ms)
		ReleaseScriptCaches (0ms)
		RebuildScriptCaches (0ms)
		SetupLoadedEditorAssemblies (647ms)
			LogAssemblyErrors (0ms)
			InitializePlatformSupportModulesInManaged (11ms)
			SetLoadedEditorAssemblies (4ms)
			BeforeProcessingInitializeOnLoad (165ms)
			ProcessInitializeOnLoadAttributes (313ms)
			ProcessInitializeOnLoadMethodAttributes (151ms)
			AfterProcessingInitializeOnLoad (2ms)
			EditorAssembliesLoaded (1ms)
		ExecutionOrderSort2 (0ms)
		AwakeInstancesAfterBackupRestoration (15ms)
Refreshing native plugins compatible for Editor in 1.27 ms, found 3 plugins.
Preloading 0 native plugins for Editor in 0.00 ms.
Unloading 7 Unused Serialized files (Serialized files now loaded: 0)
Unloading 10604 unused Assets / (6.6 MB). Loaded Objects now: 11756.
Memory consumption went from 263.4 MB to 256.8 MB.
Total: 11.249700 ms (FindLiveObjects: 0.982800 ms CreateObjectMapping: 0.836400 ms MarkObjects: 6.296300 ms  DeleteObjects: 3.133000 ms)

Prepare: number of updated asset objects reloaded= 0
========================================================================
Received Prepare
Begin MonoManager ReloadAssembly
[Licensing::Client] Successfully resolved entitlement details
Symbol file LoadedFromMemory is not a mono symbol file
- Loaded All Assemblies, in  0.709 seconds
'Packages/com.unity.cinemachine/Editor/Obsolete/CinemachineVirtualCameraBaseEditor.cs' contains partial class of Unity.Object, exactly 1 of the partial classes needs to be in a file with the same filename. This is to know the one that can be referenced from ie. GameObjects
'Packages/com.unity.cinemachine/Editor/Editors/CinemachineVirtualCameraBaseEditor.cs' contains partial class of Unity.Object, exactly 1 of the partial classes needs to be in a file with the same filename. This is to know the one that can be referenced from ie. GameObjects
Refreshing native plugins compatible for Editor in 1.12 ms, found 3 plugins.
Native extension for iOS target not found
Native extension for Android target not found
Native extension for UWP target not found
Native extension for WindowsStandalone target not found
[Package Manager] Failed to launch server process. Reason: Unity was launched with the -noUpm command-line argument
[Package Manager] Unable to send message (not connected to server process).
[Package Manager] Cannot connect to Unity Package Manager local server
[Package Manager] Failed to launch server process. Reason: Unity was launched with the -noUpm command-line argument
[Package Manager] Unable to send message (not connected to server process).
[Package Manager] Cannot connect to Unity Package Manager local server
ScheduleIndexationOnStartup MainProcess:False IndexOnStartup:True
Mono: successfully reloaded assembly
[Package Manager] Failed to launch server process. Reason: Unity was launched with the -noUpm command-line argument
[Package Manager] Unable to send message (not connected to server process).
[Package Manager] Cannot connect to Unity Package Manager local server
- Finished resetting the current domain, in  0.751 seconds
Domain Reload Profiling: 1465ms
	BeginReloadAssembly (181ms)
		ExecutionOrderSort (0ms)
		DisableScriptedObjects (5ms)
		BackupInstance (0ms)
		ReleaseScriptingObjects (0ms)
		CreateAndSetChildDomain (48ms)
	RebuildCommonClasses (27ms)
	RebuildNativeTypeToScriptingClass (11ms)
	initialDomainReloadingComplete (36ms)
	LoadAllAssembliesAndSetupDomain (459ms)
		LoadAssemblies (271ms)
		RebuildTransferFunctionScriptingTraits (0ms)
		AnalyzeDomain (253ms)
			TypeCache.Refresh (8ms)
				TypeCache.ScanAssembly (0ms)
			BuildScriptInfoCaches (230ms)
			ResolveRequiredComponents (10ms)
	FinalizeReload (751ms)
		ReleaseScriptCaches (0ms)
		RebuildScriptCaches (0ms)
		SetupLoadedEditorAssemblies (575ms)
			LogAssemblyErrors (0ms)
			InitializePlatformSupportModulesInManaged (8ms)
			SetLoadedEditorAssemblies (3ms)
			BeforeProcessingInitializeOnLoad (130ms)
			ProcessInitializeOnLoadAttributes (291ms)
			ProcessInitializeOnLoadMethodAttributes (139ms)
			AfterProcessingInitializeOnLoad (2ms)
			EditorAssembliesLoaded (1ms)
		ExecutionOrderSort2 (0ms)
		AwakeInstancesAfterBackupRestoration (12ms)
Refreshing native plugins compatible for Editor in 1.18 ms, found 3 plugins.
Preloading 0 native plugins for Editor in 0.00 ms.
Unloading 7 Unused Serialized files (Serialized files now loaded: 0)
Unloading 10604 unused Assets / (6.3 MB). Loaded Objects now: 11760.
Memory consumption went from 263.5 MB to 257.1 MB.
Total: 8.868000 ms (FindLiveObjects: 0.742500 ms CreateObjectMapping: 0.726500 ms MarkObjects: 4.668500 ms  DeleteObjects: 2.729800 ms)

Prepare: number of updated asset objects reloaded= 0
========================================================================
Received Prepare
'Packages/com.unity.cinemachine/Editor/Obsolete/CinemachineVirtualCameraBaseEditor.cs' contains partial class of Unity.Object, exactly 1 of the partial classes needs to be in a file with the same filename. This is to know the one that can be referenced from ie. GameObjects
'Packages/com.unity.cinemachine/Editor/Editors/CinemachineVirtualCameraBaseEditor.cs' contains partial class of Unity.Object, exactly 1 of the partial classes needs to be in a file with the same filename. This is to know the one that can be referenced from ie. GameObjects
Refreshing native plugins compatible for Editor in 3.69 ms, found 3 plugins.
Preloading 0 native plugins for Editor in 0.00 ms.
Unloading 7 Unused Serialized files (Serialized files now loaded: 0)
Unloading 10587 unused Assets / (4.2 MB). Loaded Objects now: 11760.
Memory consumption went from 258.3 MB to 254.1 MB.
Total: 24.152300 ms (FindLiveObjects: 1.973500 ms CreateObjectMapping: 2.039900 ms MarkObjects: 15.419800 ms  DeleteObjects: 4.717400 ms)

Prepare: number of updated asset objects reloaded= 0
========================================================================
Received Prepare
Begin MonoManager ReloadAssembly
[Licensing::Client] Successfully resolved entitlement details
Symbol file LoadedFromMemory is not a mono symbol file
- Loaded All Assemblies, in  1.905 seconds
'Packages/com.unity.cinemachine/Editor/Obsolete/CinemachineVirtualCameraBaseEditor.cs' contains partial class of Unity.Object, exactly 1 of the partial classes needs to be in a file with the same filename. This is to know the one that can be referenced from ie. GameObjects
'Packages/com.unity.cinemachine/Editor/Editors/CinemachineVirtualCameraBaseEditor.cs' contains partial class of Unity.Object, exactly 1 of the partial classes needs to be in a file with the same filename. This is to know the one that can be referenced from ie. GameObjects
Refreshing native plugins compatible for Editor in 6.08 ms, found 3 plugins.
Native extension for iOS target not found
Native extension for Android target not found
Native extension for UWP target not found
Native extension for WindowsStandalone target not found
[Package Manager] Failed to launch server process. Reason: Unity was launched with the -noUpm command-line argument
[Package Manager] Unable to send message (not connected to server process).
[Package Manager] Cannot connect to Unity Package Manager local server
[Package Manager] Failed to launch server process. Reason: Unity was launched with the -noUpm command-line argument
[Package Manager] Unable to send message (not connected to server process).
[Package Manager] Cannot connect to Unity Package Manager local server
ScheduleIndexationOnStartup MainProcess:False IndexOnStartup:True
Mono: successfully reloaded assembly
[Package Manager] Failed to launch server process. Reason: Unity was launched with the -noUpm command-line argument
[Package Manager] Unable to send message (not connected to server process).
[Package Manager] Cannot connect to Unity Package Manager local server
- Finished resetting the current domain, in  3.082 seconds
Domain Reload Profiling: 4992ms
	BeginReloadAssembly (382ms)
		ExecutionOrderSort (0ms)
		DisableScriptedObjects (18ms)
		BackupInstance (0ms)
		ReleaseScriptingObjects (0ms)
		CreateAndSetChildDomain (84ms)
	RebuildCommonClasses (56ms)
	RebuildNativeTypeToScriptingClass (34ms)
	initialDomainReloadingComplete (78ms)
	LoadAllAssembliesAndSetupDomain (1358ms)
		LoadAssemblies (893ms)
		RebuildTransferFunctionScriptingTraits (0ms)
		AnalyzeDomain (622ms)
			TypeCache.Refresh (22ms)
				TypeCache.ScanAssembly (2ms)
			BuildScriptInfoCaches (572ms)
			ResolveRequiredComponents (20ms)
	FinalizeReload (3083ms)
		ReleaseScriptCaches (0ms)
		RebuildScriptCaches (0ms)
		SetupLoadedEditorAssemblies (2664ms)
			LogAssemblyErrors (0ms)
			InitializePlatformSupportModulesInManaged (24ms)
			SetLoadedEditorAssemblies (10ms)
			BeforeProcessingInitializeOnLoad (326ms)
			ProcessInitializeOnLoadAttributes (1972ms)
			ProcessInitializeOnLoadMethodAttributes (326ms)
			AfterProcessingInitializeOnLoad (5ms)
			EditorAssembliesLoaded (2ms)
		ExecutionOrderSort2 (0ms)
		AwakeInstancesAfterBackupRestoration (35ms)
Refreshing native plugins compatible for Editor in 6.58 ms, found 3 plugins.
Preloading 0 native plugins for Editor in 0.00 ms.
Unloading 7 Unused Serialized files (Serialized files now loaded: 0)
Unloading 10604 unused Assets / (5.7 MB). Loaded Objects now: 11764.
Memory consumption went from 263.6 MB to 257.9 MB.
Total: 17.191700 ms (FindLiveObjects: 1.551700 ms CreateObjectMapping: 1.121700 ms MarkObjects: 9.463500 ms  DeleteObjects: 5.052600 ms)

Prepare: number of updated asset objects reloaded= 0
========================================================================
Received Prepare
Begin MonoManager ReloadAssembly
Symbol file LoadedFromMemory is not a mono symbol file
- Loaded All Assemblies, in  0.807 seconds
'Packages/com.unity.cinemachine/Editor/Obsolete/CinemachineVirtualCameraBaseEditor.cs' contains partial class of Unity.Object, exactly 1 of the partial classes needs to be in a file with the same filename. This is to know the one that can be referenced from ie. GameObjects
'Packages/com.unity.cinemachine/Editor/Editors/CinemachineVirtualCameraBaseEditor.cs' contains partial class of Unity.Object, exactly 1 of the partial classes needs to be in a file with the same filename. This is to know the one that can be referenced from ie. GameObjects
Refreshing native plugins compatible for Editor in 1.05 ms, found 3 plugins.
Native extension for iOS target not found
Native extension for Android target not found
Native extension for UWP target not found
Native extension for WindowsStandalone target not found
[Package Manager] Failed to launch server process. Reason: Unity was launched with the -noUpm command-line argument
[Package Manager] Unable to send message (not connected to server process).
[Package Manager] Cannot connect to Unity Package Manager local server
[Package Manager] Failed to launch server process. Reason: Unity was launched with the -noUpm command-line argument
[Package Manager] Unable to send message (not connected to server process).
[Package Manager] Cannot connect to Unity Package Manager local server
ScheduleIndexationOnStartup MainProcess:False IndexOnStartup:True
Mono: successfully reloaded assembly
[Package Manager] Failed to launch server process. Reason: Unity was launched with the -noUpm command-line argument
[Package Manager] Unable to send message (not connected to server process).
[Package Manager] Cannot connect to Unity Package Manager local server
- Finished resetting the current domain, in  0.747 seconds
Domain Reload Profiling: 1559ms
	BeginReloadAssembly (205ms)
		ExecutionOrderSort (0ms)
		DisableScriptedObjects (5ms)
		BackupInstance (0ms)
		ReleaseScriptingObjects (0ms)
		CreateAndSetChildDomain (50ms)
	RebuildCommonClasses (34ms)
	RebuildNativeTypeToScriptingClass (13ms)
	initialDomainReloadingComplete (47ms)
	LoadAllAssembliesAndSetupDomain (513ms)
		LoadAssemblies (333ms)
		RebuildTransferFunctionScriptingTraits (0ms)
		AnalyzeDomain (263ms)
			TypeCache.Refresh (14ms)
				TypeCache.ScanAssembly (1ms)
			BuildScriptInfoCaches (234ms)
			ResolveRequiredComponents (10ms)
	FinalizeReload (748ms)
		ReleaseScriptCaches (0ms)
		RebuildScriptCaches (0ms)
		SetupLoadedEditorAssemblies (570ms)
			LogAssemblyErrors (0ms)
			InitializePlatformSupportModulesInManaged (9ms)
			SetLoadedEditorAssemblies (4ms)
			BeforeProcessingInitializeOnLoad (143ms)
			ProcessInitializeOnLoadAttributes (287ms)
			ProcessInitializeOnLoadMethodAttributes (125ms)
			AfterProcessingInitializeOnLoad (2ms)
			EditorAssembliesLoaded (1ms)
		ExecutionOrderSort2 (0ms)
		AwakeInstancesAfterBackupRestoration (12ms)
Refreshing native plugins compatible for Editor in 1.30 ms, found 3 plugins.
Preloading 0 native plugins for Editor in 0.00 ms.
Unloading 7 Unused Serialized files (Serialized files now loaded: 0)
Unloading 10604 unused Assets / (6.6 MB). Loaded Objects now: 11768.
Memory consumption went from 263.7 MB to 257.1 MB.
Total: 11.250200 ms (FindLiveObjects: 1.166700 ms CreateObjectMapping: 0.938600 ms MarkObjects: 5.941100 ms  DeleteObjects: 3.202800 ms)

Prepare: number of updated asset objects reloaded= 0
========================================================================
Received Prepare
Begin MonoManager ReloadAssembly
Symbol file LoadedFromMemory is not a mono symbol file
- Loaded All Assemblies, in  0.742 seconds
'Packages/com.unity.cinemachine/Editor/Obsolete/CinemachineVirtualCameraBaseEditor.cs' contains partial class of Unity.Object, exactly 1 of the partial classes needs to be in a file with the same filename. This is to know the one that can be referenced from ie. GameObjects
'Packages/com.unity.cinemachine/Editor/Editors/CinemachineVirtualCameraBaseEditor.cs' contains partial class of Unity.Object, exactly 1 of the partial classes needs to be in a file with the same filename. This is to know the one that can be referenced from ie. GameObjects
Refreshing native plugins compatible for Editor in 1.20 ms, found 3 plugins.
Native extension for iOS target not found
Native extension for Android target not found
Native extension for UWP target not found
Native extension for WindowsStandalone target not found
[Package Manager] Failed to launch server process. Reason: Unity was launched with the -noUpm command-line argument
[Package Manager] Unable to send message (not connected to server process).
[Package Manager] Cannot connect to Unity Package Manager local server
[Package Manager] Failed to launch server process. Reason: Unity was launched with the -noUpm command-line argument
[Package Manager] Unable to send message (not connected to server process).
[Package Manager] Cannot connect to Unity Package Manager local server
ScheduleIndexationOnStartup MainProcess:False IndexOnStartup:True
Mono: successfully reloaded assembly
[Package Manager] Failed to launch server process. Reason: Unity was launched with the -noUpm command-line argument
[Package Manager] Unable to send message (not connected to server process).
[Package Manager] Cannot connect to Unity Package Manager local server
- Finished resetting the current domain, in  0.764 seconds
Domain Reload Profiling: 1510ms
	BeginReloadAssembly (178ms)
		ExecutionOrderSort (0ms)
		DisableScriptedObjects (5ms)
		BackupInstance (0ms)
		ReleaseScriptingObjects (0ms)
		CreateAndSetChildDomain (42ms)
	RebuildCommonClasses (28ms)
	RebuildNativeTypeToScriptingClass (11ms)
	initialDomainReloadingComplete (36ms)
	LoadAllAssembliesAndSetupDomain (493ms)
		LoadAssemblies (301ms)
		RebuildTransferFunctionScriptingTraits (0ms)
		AnalyzeDomain (263ms)
			TypeCache.Refresh (8ms)
				TypeCache.ScanAssembly (0ms)
			BuildScriptInfoCaches (241ms)
			ResolveRequiredComponents (10ms)
	FinalizeReload (764ms)
		ReleaseScriptCaches (0ms)
		RebuildScriptCaches (0ms)
		SetupLoadedEditorAssemblies (580ms)
			LogAssemblyErrors (0ms)
			InitializePlatformSupportModulesInManaged (8ms)
			SetLoadedEditorAssemblies (4ms)
			BeforeProcessingInitializeOnLoad (138ms)
			ProcessInitializeOnLoadAttributes (286ms)
			ProcessInitializeOnLoadMethodAttributes (141ms)
			AfterProcessingInitializeOnLoad (2ms)
			EditorAssembliesLoaded (1ms)
		ExecutionOrderSort2 (0ms)
		AwakeInstancesAfterBackupRestoration (12ms)
Refreshing native plugins compatible for Editor in 1.33 ms, found 3 plugins.
Preloading 0 native plugins for Editor in 0.00 ms.
Unloading 7 Unused Serialized files (Serialized files now loaded: 0)
Unloading 10604 unused Assets / (6.5 MB). Loaded Objects now: 11772.
Memory consumption went from 263.8 MB to 257.3 MB.
Total: 10.558600 ms (FindLiveObjects: 0.886400 ms CreateObjectMapping: 0.825400 ms MarkObjects: 5.907300 ms  DeleteObjects: 2.938400 ms)

Prepare: number of updated asset objects reloaded= 0
========================================================================
Received Prepare
'Packages/com.unity.cinemachine/Editor/Obsolete/CinemachineVirtualCameraBaseEditor.cs' contains partial class of Unity.Object, exactly 1 of the partial classes needs to be in a file with the same filename. This is to know the one that can be referenced from ie. GameObjects
'Packages/com.unity.cinemachine/Editor/Editors/CinemachineVirtualCameraBaseEditor.cs' contains partial class of Unity.Object, exactly 1 of the partial classes needs to be in a file with the same filename. This is to know the one that can be referenced from ie. GameObjects
Refreshing native plugins compatible for Editor in 3.27 ms, found 3 plugins.
Preloading 0 native plugins for Editor in 0.00 ms.
Unloading 7 Unused Serialized files (Serialized files now loaded: 0)
Unloading 10587 unused Assets / (6.8 MB). Loaded Objects now: 11772.
Memory consumption went from 258.6 MB to 251.8 MB.
Total: 21.116700 ms (FindLiveObjects: 1.662900 ms CreateObjectMapping: 2.314400 ms MarkObjects: 11.670100 ms  DeleteObjects: 5.467900 ms)

Prepare: number of updated asset objects reloaded= 0
========================================================================
Received Prepare
Begin MonoManager ReloadAssembly
[Licensing::Client] Successfully resolved entitlement details
Symbol file LoadedFromMemory is not a mono symbol file
- Loaded All Assemblies, in  1.713 seconds
'Packages/com.unity.cinemachine/Editor/Obsolete/CinemachineVirtualCameraBaseEditor.cs' contains partial class of Unity.Object, exactly 1 of the partial classes needs to be in a file with the same filename. This is to know the one that can be referenced from ie. GameObjects
'Packages/com.unity.cinemachine/Editor/Editors/CinemachineVirtualCameraBaseEditor.cs' contains partial class of Unity.Object, exactly 1 of the partial classes needs to be in a file with the same filename. This is to know the one that can be referenced from ie. GameObjects
Refreshing native plugins compatible for Editor in 2.73 ms, found 3 plugins.
Native extension for iOS target not found
Native extension for Android target not found
Native extension for UWP target not found
Native extension for WindowsStandalone target not found
[Package Manager] Failed to launch server process. Reason: Unity was launched with the -noUpm command-line argument
[Package Manager] Unable to send message (not connected to server process).
[Package Manager] Cannot connect to Unity Package Manager local server
[Package Manager] Failed to launch server process. Reason: Unity was launched with the -noUpm command-line argument
[Package Manager] Unable to send message (not connected to server process).
[Package Manager] Cannot connect to Unity Package Manager local server
ScheduleIndexationOnStartup MainProcess:False IndexOnStartup:True
Mono: successfully reloaded assembly
[Package Manager] Failed to launch server process. Reason: Unity was launched with the -noUpm command-line argument
[Package Manager] Unable to send message (not connected to server process).
[Package Manager] Cannot connect to Unity Package Manager local server
- Finished resetting the current domain, in  1.672 seconds
Domain Reload Profiling: 3389ms
	BeginReloadAssembly (441ms)
		ExecutionOrderSort (0ms)
		DisableScriptedObjects (19ms)
		BackupInstance (0ms)
		ReleaseScriptingObjects (0ms)
		CreateAndSetChildDomain (80ms)
	RebuildCommonClasses (69ms)
	RebuildNativeTypeToScriptingClass (25ms)
	initialDomainReloadingComplete (176ms)
	LoadAllAssembliesAndSetupDomain (1005ms)
		LoadAssemblies (695ms)
		RebuildTransferFunctionScriptingTraits (0ms)
		AnalyzeDomain (490ms)
			TypeCache.Refresh (21ms)
				TypeCache.ScanAssembly (2ms)
			BuildScriptInfoCaches (443ms)
			ResolveRequiredComponents (19ms)
	FinalizeReload (1672ms)
		ReleaseScriptCaches (0ms)
		RebuildScriptCaches (0ms)
		SetupLoadedEditorAssemblies (1345ms)
			LogAssemblyErrors (0ms)
			InitializePlatformSupportModulesInManaged (16ms)
			SetLoadedEditorAssemblies (7ms)
			BeforeProcessingInitializeOnLoad (375ms)
			ProcessInitializeOnLoadAttributes (715ms)
			ProcessInitializeOnLoadMethodAttributes (228ms)
			AfterProcessingInitializeOnLoad (4ms)
			EditorAssembliesLoaded (1ms)
		ExecutionOrderSort2 (0ms)
		AwakeInstancesAfterBackupRestoration (25ms)
Refreshing native plugins compatible for Editor in 2.67 ms, found 3 plugins.
Preloading 0 native plugins for Editor in 0.00 ms.
Unloading 7 Unused Serialized files (Serialized files now loaded: 0)
Unloading 10604 unused Assets / (4.0 MB). Loaded Objects now: 11776.
Memory consumption went from 263.9 MB to 259.9 MB.
Total: 14.552500 ms (FindLiveObjects: 1.554300 ms CreateObjectMapping: 0.997600 ms MarkObjects: 8.275800 ms  DeleteObjects: 3.723400 ms)

Prepare: number of updated asset objects reloaded= 0
========================================================================
Received Prepare
Begin MonoManager ReloadAssembly
Symbol file LoadedFromMemory is not a mono symbol file
- Loaded All Assemblies, in  0.757 seconds
'Packages/com.unity.cinemachine/Editor/Obsolete/CinemachineVirtualCameraBaseEditor.cs' contains partial class of Unity.Object, exactly 1 of the partial classes needs to be in a file with the same filename. This is to know the one that can be referenced from ie. GameObjects
'Packages/com.unity.cinemachine/Editor/Editors/CinemachineVirtualCameraBaseEditor.cs' contains partial class of Unity.Object, exactly 1 of the partial classes needs to be in a file with the same filename. This is to know the one that can be referenced from ie. GameObjects
Refreshing native plugins compatible for Editor in 1.30 ms, found 3 plugins.
Native extension for iOS target not found
Native extension for Android target not found
Native extension for UWP target not found
Native extension for WindowsStandalone target not found
[Package Manager] Failed to launch server process. Reason: Unity was launched with the -noUpm command-line argument
[Package Manager] Unable to send message (not connected to server process).
[Package Manager] Cannot connect to Unity Package Manager local server
[Package Manager] Failed to launch server process. Reason: Unity was launched with the -noUpm command-line argument
[Package Manager] Unable to send message (not connected to server process).
[Package Manager] Cannot connect to Unity Package Manager local server
ScheduleIndexationOnStartup MainProcess:False IndexOnStartup:True
Mono: successfully reloaded assembly
[Package Manager] Failed to launch server process. Reason: Unity was launched with the -noUpm command-line argument
[Package Manager] Unable to send message (not connected to server process).
[Package Manager] Cannot connect to Unity Package Manager local server
- Finished resetting the current domain, in  0.724 seconds
Domain Reload Profiling: 1486ms
	BeginReloadAssembly (172ms)
		ExecutionOrderSort (0ms)
		DisableScriptedObjects (5ms)
		BackupInstance (0ms)
		ReleaseScriptingObjects (0ms)
		CreateAndSetChildDomain (42ms)
	RebuildCommonClasses (28ms)
	RebuildNativeTypeToScriptingClass (11ms)
	initialDomainReloadingComplete (37ms)
	LoadAllAssembliesAndSetupDomain (514ms)
		LoadAssemblies (283ms)
		RebuildTransferFunctionScriptingTraits (0ms)
		AnalyzeDomain (296ms)
			TypeCache.Refresh (9ms)
				TypeCache.ScanAssembly (0ms)
			BuildScriptInfoCaches (269ms)
			ResolveRequiredComponents (11ms)
	FinalizeReload (725ms)
		ReleaseScriptCaches (0ms)
		RebuildScriptCaches (0ms)
		SetupLoadedEditorAssemblies (556ms)
			LogAssemblyErrors (0ms)
			InitializePlatformSupportModulesInManaged (10ms)
			SetLoadedEditorAssemblies (4ms)
			BeforeProcessingInitializeOnLoad (131ms)
			ProcessInitializeOnLoadAttributes (277ms)
			ProcessInitializeOnLoadMethodAttributes (132ms)
			AfterProcessingInitializeOnLoad (2ms)
			EditorAssembliesLoaded (1ms)
		ExecutionOrderSort2 (0ms)
		AwakeInstancesAfterBackupRestoration (12ms)
Refreshing native plugins compatible for Editor in 1.11 ms, found 3 plugins.
Preloading 0 native plugins for Editor in 0.00 ms.
Unloading 7 Unused Serialized files (Serialized files now loaded: 0)
Unloading 10604 unused Assets / (6.2 MB). Loaded Objects now: 11780.
Memory consumption went from 264.0 MB to 257.8 MB.
Total: 9.286500 ms (FindLiveObjects: 0.833200 ms CreateObjectMapping: 0.864500 ms MarkObjects: 5.050300 ms  DeleteObjects: 2.535700 ms)

Prepare: number of updated asset objects reloaded= 0
========================================================================
Received Import Request.
  Time since last request: 4165.999567 seconds.
  path: Assets/Projeto/UI/HUD.uxml
  artifactKey: Guid(b3dabb5addd11134789b84df3d55ec3a) Importer(815301076,1909f56bfc062723c751e8b465ee728b)
Start importing Assets/Projeto/UI/HUD.uxml using Guid(b3dabb5addd11134789b84df3d55ec3a) Importer(815301076,1909f56bfc062723c751e8b465ee728b) (PreviewImporter) -> (artifact id: '0565733d4cc0862ae48d3367a25ca361') in 0.2074971 seconds
Number of updated asset objects reloaded before import = 0Number of asset objects unloaded after import = 2

========================================================================
Received Import Request.
  Time since last request: 20.717771 seconds.
  path: Assets/Projeto/UI/ControladorUI.cs
  artifactKey: Guid(fca9e3b8953794f48af3873161804e46) Importer(815301076,1909f56bfc062723c751e8b465ee728b)
Start importing Assets/Projeto/UI/ControladorUI.cs using Guid(fca9e3b8953794f48af3873161804e46) Importer(815301076,1909f56bfc062723c751e8b465ee728b) (PreviewImporter) -> (artifact id: 'a299f3fd945d9edbd1b45e30142d03a4') in 0.0011606 seconds
Number of updated asset objects reloaded before import = 0Number of asset objects unloaded after import = 0

========================================================================
Received Prepare
'Packages/com.unity.cinemachine/Editor/Obsolete/CinemachineVirtualCameraBaseEditor.cs' contains partial class of Unity.Object, exactly 1 of the partial classes needs to be in a file with the same filename. This is to know the one that can be referenced from ie. GameObjects
'Packages/com.unity.cinemachine/Editor/Editors/CinemachineVirtualCameraBaseEditor.cs' contains partial class of Unity.Object, exactly 1 of the partial classes needs to be in a file with the same filename. This is to know the one that can be referenced from ie. GameObjects
Refreshing native plugins compatible for Editor in 7.08 ms, found 3 plugins.
Preloading 0 native plugins for Editor in 0.00 ms.
Unloading 7 Unused Serialized files (Serialized files now loaded: 0)
Unloading 10587 unused Assets / (4.8 MB). Loaded Objects now: 11780.
Memory consumption went from 259.0 MB to 254.1 MB.
Total: 39.147600 ms (FindLiveObjects: 1.812300 ms CreateObjectMapping: 3.662000 ms MarkObjects: 17.288900 ms  DeleteObjects: 16.383100 ms)

Prepare: number of updated asset objects reloaded= 0
========================================================================
Received Import Request.
  Time since last request: 118.107009 seconds.
  path: Assets/Projeto/UI/ControladorUI.cs
  artifactKey: Guid(fca9e3b8953794f48af3873161804e46) Importer(815301076,1909f56bfc062723c751e8b465ee728b)
Start importing Assets/Projeto/UI/ControladorUI.cs using Guid(fca9e3b8953794f48af3873161804e46) Importer(815301076,1909f56bfc062723c751e8b465ee728b) (PreviewImporter) -> (artifact id: '269aa418165391b987cd14ac50e52938') in 0.0098639 seconds
Number of updated asset objects reloaded before import = 0Number of asset objects unloaded after import = 0

========================================================================
Received Prepare
Begin MonoManager ReloadAssembly
[Licensing::Client] Successfully resolved entitlement details
Symbol file LoadedFromMemory is not a mono symbol file
- Loaded All Assemblies, in  0.858 seconds
'Packages/com.unity.cinemachine/Editor/Obsolete/CinemachineVirtualCameraBaseEditor.cs' contains partial class of Unity.Object, exactly 1 of the partial classes needs to be in a file with the same filename. This is to know the one that can be referenced from ie. GameObjects
'Packages/com.unity.cinemachine/Editor/Editors/CinemachineVirtualCameraBaseEditor.cs' contains partial class of Unity.Object, exactly 1 of the partial classes needs to be in a file with the same filename. This is to know the one that can be referenced from ie. GameObjects
Refreshing native plugins compatible for Editor in 0.94 ms, found 3 plugins.
Native extension for iOS target not found
Native extension for Android target not found
Native extension for UWP target not found
Native extension for WindowsStandalone target not found
[Package Manager] Failed to launch server process. Reason: Unity was launched with the -noUpm command-line argument
[Package Manager] Unable to send message (not connected to server process).
[Package Manager] Cannot connect to Unity Package Manager local server
[Package Manager] Failed to launch server process. Reason: Unity was launched with the -noUpm command-line argument
[Package Manager] Unable to send message (not connected to server process).
[Package Manager] Cannot connect to Unity Package Manager local server
ScheduleIndexationOnStartup MainProcess:False IndexOnStartup:True
Mono: successfully reloaded assembly
[Package Manager] Failed to launch server process. Reason: Unity was launched with the -noUpm command-line argument
[Package Manager] Unable to send message (not connected to server process).
[Package Manager] Cannot connect to Unity Package Manager local server
- Finished resetting the current domain, in  0.778 seconds
Domain Reload Profiling: 1640ms
	BeginReloadAssembly (252ms)
		ExecutionOrderSort (0ms)
		DisableScriptedObjects (10ms)
		BackupInstance (0ms)
		ReleaseScriptingObjects (0ms)
		CreateAndSetChildDomain (69ms)
	RebuildCommonClasses (35ms)
	RebuildNativeTypeToScriptingClass (12ms)
	initialDomainReloadingComplete (47ms)
	LoadAllAssembliesAndSetupDomain (516ms)
		LoadAssemblies (329ms)
		RebuildTransferFunctionScriptingTraits (0ms)
		AnalyzeDomain (274ms)
			TypeCache.Refresh (13ms)
				TypeCache.ScanAssembly (1ms)
			BuildScriptInfoCaches (245ms)
			ResolveRequiredComponents (10ms)
	FinalizeReload (779ms)
		ReleaseScriptCaches (0ms)
		RebuildScriptCaches (0ms)
		SetupLoadedEditorAssemblies (587ms)
			LogAssemblyErrors (0ms)
			InitializePlatformSupportModulesInManaged (9ms)
			SetLoadedEditorAssemblies (4ms)
			BeforeProcessingInitializeOnLoad (140ms)
			ProcessInitializeOnLoadAttributes (289ms)
			ProcessInitializeOnLoadMethodAttributes (144ms)
			AfterProcessingInitializeOnLoad (2ms)
			EditorAssembliesLoaded (1ms)
		ExecutionOrderSort2 (0ms)
		AwakeInstancesAfterBackupRestoration (15ms)
Refreshing native plugins compatible for Editor in 1.79 ms, found 3 plugins.
Preloading 0 native plugins for Editor in 0.00 ms.
Unloading 7 Unused Serialized files (Serialized files now loaded: 0)
Unloading 10604 unused Assets / (6.5 MB). Loaded Objects now: 11784.
Memory consumption went from 264.1 MB to 257.7 MB.
Total: 10.671500 ms (FindLiveObjects: 0.938900 ms CreateObjectMapping: 0.850900 ms MarkObjects: 5.393800 ms  DeleteObjects: 3.486600 ms)

Prepare: number of updated asset objects reloaded= 0
========================================================================
Received Prepare
Begin MonoManager ReloadAssembly
Symbol file LoadedFromMemory is not a mono symbol file
- Loaded All Assemblies, in  0.758 seconds
'Packages/com.unity.cinemachine/Editor/Obsolete/CinemachineVirtualCameraBaseEditor.cs' contains partial class of Unity.Object, exactly 1 of the partial classes needs to be in a file with the same filename. This is to know the one that can be referenced from ie. GameObjects
'Packages/com.unity.cinemachine/Editor/Editors/CinemachineVirtualCameraBaseEditor.cs' contains partial class of Unity.Object, exactly 1 of the partial classes needs to be in a file with the same filename. This is to know the one that can be referenced from ie. GameObjects
Refreshing native plugins compatible for Editor in 1.10 ms, found 3 plugins.
Native extension for iOS target not found
Native extension for Android target not found
Native extension for UWP target not found
Native extension for WindowsStandalone target not found
[Package Manager] Failed to launch server process. Reason: Unity was launched with the -noUpm command-line argument
[Package Manager] Unable to send message (not connected to server process).
[Package Manager] Cannot connect to Unity Package Manager local server
[Package Manager] Failed to launch server process. Reason: Unity was launched with the -noUpm command-line argument
[Package Manager] Unable to send message (not connected to server process).
[Package Manager] Cannot connect to Unity Package Manager local server
ScheduleIndexationOnStartup MainProcess:False IndexOnStartup:True
Mono: successfully reloaded assembly
[Package Manager] Failed to launch server process. Reason: Unity was launched with the -noUpm command-line argument
[Package Manager] Unable to send message (not connected to server process).
[Package Manager] Cannot connect to Unity Package Manager local server
- Finished resetting the current domain, in  0.734 seconds
Domain Reload Profiling: 1496ms
	BeginReloadAssembly (174ms)
		ExecutionOrderSort (0ms)
		DisableScriptedObjects (5ms)
		BackupInstance (0ms)
		ReleaseScriptingObjects (0ms)
		CreateAndSetChildDomain (44ms)
	RebuildCommonClasses (28ms)
	RebuildNativeTypeToScriptingClass (11ms)
	initialDomainReloadingComplete (37ms)
	LoadAllAssembliesAndSetupDomain (513ms)
		LoadAssemblies (277ms)
		RebuildTransferFunctionScriptingTraits (0ms)
		AnalyzeDomain (303ms)
			TypeCache.Refresh (9ms)
				TypeCache.ScanAssembly (0ms)
			BuildScriptInfoCaches (280ms)
			ResolveRequiredComponents (10ms)
	FinalizeReload (734ms)
		ReleaseScriptCaches (0ms)
		RebuildScriptCaches (0ms)
		SetupLoadedEditorAssemblies (560ms)
			LogAssemblyErrors (0ms)
			InitializePlatformSupportModulesInManaged (9ms)
			SetLoadedEditorAssemblies (4ms)
			BeforeProcessingInitializeOnLoad (132ms)
			ProcessInitializeOnLoadAttributes (280ms)
			ProcessInitializeOnLoadMethodAttributes (133ms)
			AfterProcessingInitializeOnLoad (2ms)
			EditorAssembliesLoaded (1ms)
		ExecutionOrderSort2 (0ms)
		AwakeInstancesAfterBackupRestoration (12ms)
Refreshing native plugins compatible for Editor in 1.29 ms, found 3 plugins.
Preloading 0 native plugins for Editor in 0.00 ms.
Unloading 7 Unused Serialized files (Serialized files now loaded: 0)
Unloading 10604 unused Assets / (6.6 MB). Loaded Objects now: 11788.
Memory consumption went from 264.2 MB to 257.6 MB.
Total: 10.209400 ms (FindLiveObjects: 0.801500 ms CreateObjectMapping: 0.801600 ms MarkObjects: 5.482200 ms  DeleteObjects: 3.123100 ms)

Prepare: number of updated asset objects reloaded= 0
========================================================================
Received Prepare
Begin MonoManager ReloadAssembly
Symbol file LoadedFromMemory is not a mono symbol file
- Loaded All Assemblies, in  0.790 seconds
'Packages/com.unity.cinemachine/Editor/Obsolete/CinemachineVirtualCameraBaseEditor.cs' contains partial class of Unity.Object, exactly 1 of the partial classes needs to be in a file with the same filename. This is to know the one that can be referenced from ie. GameObjects
'Packages/com.unity.cinemachine/Editor/Editors/CinemachineVirtualCameraBaseEditor.cs' contains partial class of Unity.Object, exactly 1 of the partial classes needs to be in a file with the same filename. This is to know the one that can be referenced from ie. GameObjects
Refreshing native plugins compatible for Editor in 1.24 ms, found 3 plugins.
Native extension for iOS target not found
Native extension for Android target not found
Native extension for UWP target not found
Native extension for WindowsStandalone target not found
[Package Manager] Failed to launch server process. Reason: Unity was launched with the -noUpm command-line argument
[Package Manager] Unable to send message (not connected to server process).
[Package Manager] Cannot connect to Unity Package Manager local server
[Package Manager] Failed to launch server process. Reason: Unity was launched with the -noUpm command-line argument
[Package Manager] Unable to send message (not connected to server process).
[Package Manager] Cannot connect to Unity Package Manager local server
ScheduleIndexationOnStartup MainProcess:False IndexOnStartup:True
Mono: successfully reloaded assembly
[Package Manager] Failed to launch server process. Reason: Unity was launched with the -noUpm command-line argument
[Package Manager] Unable to send message (not connected to server process).
[Package Manager] Cannot connect to Unity Package Manager local server
- Finished resetting the current domain, in  0.719 seconds
Domain Reload Profiling: 1514ms
	BeginReloadAssembly (173ms)
		ExecutionOrderSort (0ms)
		DisableScriptedObjects (5ms)
		BackupInstance (0ms)
		ReleaseScriptingObjects (0ms)
		CreateAndSetChildDomain (43ms)
	RebuildCommonClasses (27ms)
	RebuildNativeTypeToScriptingClass (11ms)
	initialDomainReloadingComplete (38ms)
	LoadAllAssembliesAndSetupDomain (546ms)
		LoadAssemblies (299ms)
		RebuildTransferFunctionScriptingTraits (0ms)
		AnalyzeDomain (312ms)
			TypeCache.Refresh (10ms)
				TypeCache.ScanAssembly (0ms)
			BuildScriptInfoCaches (285ms)
			ResolveRequiredComponents (12ms)
	FinalizeReload (720ms)
		ReleaseScriptCaches (0ms)
		RebuildScriptCaches (0ms)
		SetupLoadedEditorAssemblies (550ms)
			LogAssemblyErrors (0ms)
			InitializePlatformSupportModulesInManaged (9ms)
			SetLoadedEditorAssemblies (3ms)
			BeforeProcessingInitializeOnLoad (134ms)
			ProcessInitializeOnLoadAttributes (276ms)
			ProcessInitializeOnLoadMethodAttributes (126ms)
			AfterProcessingInitializeOnLoad (2ms)
			EditorAssembliesLoaded (1ms)
		ExecutionOrderSort2 (0ms)
		AwakeInstancesAfterBackupRestoration (12ms)
Refreshing native plugins compatible for Editor in 1.51 ms, found 3 plugins.
Preloading 0 native plugins for Editor in 0.00 ms.
Unloading 7 Unused Serialized files (Serialized files now loaded: 0)
Unloading 10604 unused Assets / (6.7 MB). Loaded Objects now: 11792.
Memory consumption went from 264.3 MB to 257.6 MB.
Total: 10.254700 ms (FindLiveObjects: 0.861800 ms CreateObjectMapping: 0.818100 ms MarkObjects: 5.348100 ms  DeleteObjects: 3.225700 ms)

Prepare: number of updated asset objects reloaded= 0
========================================================================
Received Import Request.
  Time since last request: 181.001970 seconds.
  path: Assets/Projeto/UI/HUD.uxml
  artifactKey: Guid(b3dabb5addd11134789b84df3d55ec3a) Importer(815301076,1909f56bfc062723c751e8b465ee728b)
Start importing Assets/Projeto/UI/HUD.uxml using Guid(b3dabb5addd11134789b84df3d55ec3a) Importer(815301076,1909f56bfc062723c751e8b465ee728b) (PreviewImporter) -> (artifact id: '9afaec303599661ebb08287a9b527eae') in 0.0760671 seconds
Number of updated asset objects reloaded before import = 0Number of asset objects unloaded after import = 2

========================================================================
Received Import Request.
  Time since last request: 220.955174 seconds.
  path: Assets/Projeto/UI/HUD.uxml
  artifactKey: Guid(b3dabb5addd11134789b84df3d55ec3a) Importer(815301076,1909f56bfc062723c751e8b465ee728b)
Start importing Assets/Projeto/UI/HUD.uxml using Guid(b3dabb5addd11134789b84df3d55ec3a) Importer(815301076,1909f56bfc062723c751e8b465ee728b) (PreviewImporter) -> (artifact id: '99d8d293023c79f7be3673f92af471fe') in 0.0022594 seconds
Number of updated asset objects reloaded before import = 0Number of asset objects unloaded after import = 2

========================================================================
Received Import Request.
  Time since last request: 468.326017 seconds.
  path: Assets/Projeto/UI/ControladorUI.cs
  artifactKey: Guid(fca9e3b8953794f48af3873161804e46) Importer(2089858483,b0f066a214c2f5e87bad3c948f4d605d)
Start importing Assets/Projeto/UI/ControladorUI.cs using Guid(fca9e3b8953794f48af3873161804e46) Importer(2089858483,b0f066a214c2f5e87bad3c948f4d605d) (ScriptedImporter) -> (artifact id: '70209fd6dafaf2ac5d5a5e807ccd9f5c') in 0.0680786 seconds
Number of updated asset objects reloaded before import = 0Number of asset objects unloaded after import = 0

========================================================================
Received Import Request.
  Time since last request: 0.000021 seconds.
  path: Assets/Projeto/Scena/Teste.unity
  artifactKey: Guid(2e39151abca46654f9aa73ec65e54a42) Importer(2089858483,b0f066a214c2f5e87bad3c948f4d605d)
Start importing Assets/Projeto/Scena/Teste.unity using Guid(2e39151abca46654f9aa73ec65e54a42) Importer(2089858483,b0f066a214c2f5e87bad3c948f4d605d) (ScriptedImporter) -> (artifact id: '12e80392de0792676d5aefe3851ce988') in 0.0110719 seconds
Number of updated asset objects reloaded before import = 0Number of asset objects unloaded after import = 1

========================================================================
Received Import Request.
  Time since last request: 1134.442993 seconds.
  path: Assets/Projeto/UI/HUD.uxml
  artifactKey: Guid(b3dabb5addd11134789b84df3d55ec3a) Importer(815301076,1909f56bfc062723c751e8b465ee728b)
Start importing Assets/Projeto/UI/HUD.uxml using Guid(b3dabb5addd11134789b84df3d55ec3a) Importer(815301076,1909f56bfc062723c751e8b465ee728b) (PreviewImporter) -> (artifact id: '7ef7fc6398c51bce17704c5ed8c78e97') in 0.0026473 seconds
Number of updated asset objects reloaded before import = 0Number of asset objects unloaded after import = 2

========================================================================
Received Import Request.
  Time since last request: 0.814313 seconds.
  path: Assets/Projeto/UI/HUD.uxml
  artifactKey: Guid(b3dabb5addd11134789b84df3d55ec3a) Importer(2089858483,b0f066a214c2f5e87bad3c948f4d605d)
Start importing Assets/Projeto/UI/HUD.uxml using Guid(b3dabb5addd11134789b84df3d55ec3a) Importer(2089858483,b0f066a214c2f5e87bad3c948f4d605d) (ScriptedImporter) -> (artifact id: 'b25b1b7a0a6191b7747d7befe2947609') in 0.037593 seconds
Number of updated asset objects reloaded before import = 0Number of asset objects unloaded after import = 2

========================================================================
Received Import Request.
  Time since last request: 66.076609 seconds.
  path: Assets/Projeto/UI/HUD.uxml
  artifactKey: Guid(b3dabb5addd11134789b84df3d55ec3a) Importer(815301076,1909f56bfc062723c751e8b465ee728b)
Start importing Assets/Projeto/UI/HUD.uxml using Guid(b3dabb5addd11134789b84df3d55ec3a) Importer(815301076,1909f56bfc062723c751e8b465ee728b) (PreviewImporter) -> (artifact id: '2d9d974bc5694d489dbd3ef8b7526df9') in 0.0016106 seconds
Number of updated asset objects reloaded before import = 0Number of asset objects unloaded after import = 2

========================================================================
Received Import Request.
  Time since last request: 0.826901 seconds.
  path: Assets/Projeto/UI/HUD.uxml
  artifactKey: Guid(b3dabb5addd11134789b84df3d55ec3a) Importer(2089858483,b0f066a214c2f5e87bad3c948f4d605d)
Start importing Assets/Projeto/UI/HUD.uxml using Guid(b3dabb5addd11134789b84df3d55ec3a) Importer(2089858483,b0f066a214c2f5e87bad3c948f4d605d) (ScriptedImporter) -> (artifact id: '3f0c8221c5c5fd96d971e6ebb5e587d7') in 0.0104367 seconds
Number of updated asset objects reloaded before import = 0Number of asset objects unloaded after import = 2

========================================================================
Received Import Request.
  Time since last request: 273.779381 seconds.
  path: Assets/Projeto/Scena/Teste.unity
  artifactKey: Guid(2e39151abca46654f9aa73ec65e54a42) Importer(2089858483,b0f066a214c2f5e87bad3c948f4d605d)
Start importing Assets/Projeto/Scena/Teste.unity using Guid(2e39151abca46654f9aa73ec65e54a42) Importer(2089858483,b0f066a214c2f5e87bad3c948f4d605d) (ScriptedImporter) -> (artifact id: 'da74bda23d3b995fa862e727497423a5') in 0.0106414 seconds
Number of updated asset objects reloaded before import = 0Number of asset objects unloaded after import = 1

========================================================================
Received Prepare
'Packages/com.unity.cinemachine/Editor/Obsolete/CinemachineVirtualCameraBaseEditor.cs' contains partial class of Unity.Object, exactly 1 of the partial classes needs to be in a file with the same filename. This is to know the one that can be referenced from ie. GameObjects
'Packages/com.unity.cinemachine/Editor/Editors/CinemachineVirtualCameraBaseEditor.cs' contains partial class of Unity.Object, exactly 1 of the partial classes needs to be in a file with the same filename. This is to know the one that can be referenced from ie. GameObjects
Refreshing native plugins compatible for Editor in 2.90 ms, found 3 plugins.
Preloading 0 native plugins for Editor in 0.00 ms.
Unloading 7 Unused Serialized files (Serialized files now loaded: 0)
Unloading 10587 unused Assets / (3.5 MB). Loaded Objects now: 11792.
Memory consumption went from 259.5 MB to 256.0 MB.
Total: 49.811400 ms (FindLiveObjects: 3.346500 ms CreateObjectMapping: 1.431500 ms MarkObjects: 40.667700 ms  DeleteObjects: 4.363600 ms)

Prepare: number of updated asset objects reloaded= 0
========================================================================
Received Import Request.
  Time since last request: 326.680232 seconds.
  path: Assets/Projeto/UI/ControladorUI.cs
  artifactKey: Guid(fca9e3b8953794f48af3873161804e46) Importer(2089858483,b0f066a214c2f5e87bad3c948f4d605d)
Start importing Assets/Projeto/UI/ControladorUI.cs using Guid(fca9e3b8953794f48af3873161804e46) Importer(2089858483,b0f066a214c2f5e87bad3c948f4d605d) (ScriptedImporter) -> (artifact id: '6cf0ca93f22c39042ad99463b8b36919') in 0.067595 seconds
Number of updated asset objects reloaded before import = 0Number of asset objects unloaded after import = 0

========================================================================
Received Prepare
'Packages/com.unity.cinemachine/Editor/Obsolete/CinemachineVirtualCameraBaseEditor.cs' contains partial class of Unity.Object, exactly 1 of the partial classes needs to be in a file with the same filename. This is to know the one that can be referenced from ie. GameObjects
'Packages/com.unity.cinemachine/Editor/Editors/CinemachineVirtualCameraBaseEditor.cs' contains partial class of Unity.Object, exactly 1 of the partial classes needs to be in a file with the same filename. This is to know the one that can be referenced from ie. GameObjects
Refreshing native plugins compatible for Editor in 3.09 ms, found 3 plugins.
Preloading 0 native plugins for Editor in 0.00 ms.
Unloading 7 Unused Serialized files (Serialized files now loaded: 0)
Unloading 10587 unused Assets / (4.7 MB). Loaded Objects now: 11792.
Memory consumption went from 259.5 MB to 254.8 MB.
Total: 27.374400 ms (FindLiveObjects: 1.515800 ms CreateObjectMapping: 1.325600 ms MarkObjects: 19.215700 ms  DeleteObjects: 5.315400 ms)

Prepare: number of updated asset objects reloaded= 0
========================================================================
Received Import Request.
  Time since last request: 181.194760 seconds.
  path: Assets/Projeto/UI/ControladorUI.cs
  artifactKey: Guid(fca9e3b8953794f48af3873161804e46) Importer(2089858483,b0f066a214c2f5e87bad3c948f4d605d)
Start importing Assets/Projeto/UI/ControladorUI.cs using Guid(fca9e3b8953794f48af3873161804e46) Importer(2089858483,b0f066a214c2f5e87bad3c948f4d605d) (ScriptedImporter) -> (artifact id: '4ed905da45939f7cf4f90faf2e238504') in 0.0207111 seconds
Number of updated asset objects reloaded before import = 0Number of asset objects unloaded after import = 0

========================================================================
Received Prepare
Begin MonoManager ReloadAssembly
[Licensing::Client] Successfully resolved entitlement details
Symbol file LoadedFromMemory is not a mono symbol file
- Loaded All Assemblies, in  1.056 seconds
'Packages/com.unity.cinemachine/Editor/Obsolete/CinemachineVirtualCameraBaseEditor.cs' contains partial class of Unity.Object, exactly 1 of the partial classes needs to be in a file with the same filename. This is to know the one that can be referenced from ie. GameObjects
'Packages/com.unity.cinemachine/Editor/Editors/CinemachineVirtualCameraBaseEditor.cs' contains partial class of Unity.Object, exactly 1 of the partial classes needs to be in a file with the same filename. This is to know the one that can be referenced from ie. GameObjects
Refreshing native plugins compatible for Editor in 1.11 ms, found 3 plugins.
Native extension for iOS target not found
Native extension for Android target not found
Native extension for UWP target not found
Native extension for WindowsStandalone target not found
[Package Manager] Failed to launch server process. Reason: Unity was launched with the -noUpm command-line argument
[Package Manager] Unable to send message (not connected to server process).
[Package Manager] Cannot connect to Unity Package Manager local server
[Package Manager] Failed to launch server process. Reason: Unity was launched with the -noUpm command-line argument
[Package Manager] Unable to send message (not connected to server process).
[Package Manager] Cannot connect to Unity Package Manager local server
ScheduleIndexationOnStartup MainProcess:False IndexOnStartup:True
Mono: successfully reloaded assembly
[Package Manager] Failed to launch server process. Reason: Unity was launched with the -noUpm command-line argument
[Package Manager] Unable to send message (not connected to server process).
[Package Manager] Cannot connect to Unity Package Manager local server
- Finished resetting the current domain, in  0.990 seconds
Domain Reload Profiling: 2052ms
	BeginReloadAssembly (312ms)
		ExecutionOrderSort (0ms)
		DisableScriptedObjects (11ms)
		BackupInstance (0ms)
		ReleaseScriptingObjects (0ms)
		CreateAndSetChildDomain (111ms)
	RebuildCommonClasses (32ms)
	RebuildNativeTypeToScriptingClass (13ms)
	initialDomainReloadingComplete (41ms)
	LoadAllAssembliesAndSetupDomain (662ms)
		LoadAssemblies (434ms)
		RebuildTransferFunctionScriptingTraits (0ms)
		AnalyzeDomain (332ms)
			TypeCache.Refresh (17ms)
				TypeCache.ScanAssembly (1ms)
			BuildScriptInfoCaches (295ms)
			ResolveRequiredComponents (13ms)
	FinalizeReload (991ms)
		ReleaseScriptCaches (0ms)
		RebuildScriptCaches (0ms)
		SetupLoadedEditorAssemblies (756ms)
			LogAssemblyErrors (0ms)
			InitializePlatformSupportModulesInManaged (11ms)
			SetLoadedEditorAssemblies (5ms)
			BeforeProcessingInitializeOnLoad (172ms)
			ProcessInitializeOnLoadAttributes (375ms)
			ProcessInitializeOnLoadMethodAttributes (189ms)
			AfterProcessingInitializeOnLoad (3ms)
			EditorAssembliesLoaded (1ms)
		ExecutionOrderSort2 (0ms)
		AwakeInstancesAfterBackupRestoration (19ms)
Refreshing native plugins compatible for Editor in 1.57 ms, found 3 plugins.
Preloading 0 native plugins for Editor in 0.00 ms.
Unloading 7 Unused Serialized files (Serialized files now loaded: 0)
Unloading 10604 unused Assets / (6.8 MB). Loaded Objects now: 11796.
Memory consumption went from 264.4 MB to 257.6 MB.
Total: 11.631600 ms (FindLiveObjects: 1.240200 ms CreateObjectMapping: 0.884300 ms MarkObjects: 5.905200 ms  DeleteObjects: 3.600200 ms)

Prepare: number of updated asset objects reloaded= 0
