[Licensing::Module] Trying to connect to existing licensing client channel...
Built from '6000.3/respin/6000.3.6f1-732c1ec89f18' branch; Version is '6000.3.6f1 (bbb010bdb8a3) revision 12300304'; Using compiler version '194234433'; Build Type 'Release'
OS: 'Windows 11  (10.0.26200) Education' Language: 'pt' Physical Memory: 16089 MB
BatchMode: 1, IsHumanControllingUs: 0, StartBugReporterOnCrash: 0, Is64bit: 1
System  architecture: x64
Process architecture: x64
[Licensing::IpcConnector] Successfully connected to: "LicenseClient-RA00352511" at "2026-10-02T10:44:03.0607752Z"
Date: 2026-10-02T10:44:03Z

COMMAND LINE ARGUMENTS:
C:\Program Files\Unity\Hub\Editor\6000.3.6f1\Editor\Unity.exe
-adb2
-batchMode
-noUpm
-name
AssetImportWorker0
-projectPath
C:/Users/RA00352511/Documents/GitHub/ProjetoFastag
-logFile
Logs/AssetImportWorker0.log
-srvPort
53417
-licensingIpc
LicenseClient-RA00352511
-job-worker-count
9
-background-job-worker-count
8
-gc-helper-count
1
-name
AssetImport
Successfully changed project path to: C:/Users/RA00352511/Documents/GitHub/ProjetoFastag
C:/Users/RA00352511/Documents/GitHub/ProjetoFastag
[UnityMemory] Configuration Parameters - Can be set up in boot.config
    "memorysetup-temp-allocator-size-nav-mesh-worker=65536"
    "memorysetup-temp-allocator-size-audio-worker=65536"
    "memorysetup-temp-allocator-size-gfx=262144"
    "memorysetup-allocator-temp-initial-block-size-main=262144"
    "memorysetup-allocator-temp-initial-block-size-worker=262144"
    "memorysetup-temp-allocator-size-background-worker=32768"
    "memorysetup-temp-allocator-size-job-worker=262144"
    "memorysetup-temp-allocator-size-preload-manager=33554432"
    "memorysetup-temp-allocator-size-gi-baking-worker=262144"
    "memorysetup-temp-allocator-size-gi-baking-worker=262144"
    "memorysetup-temp-allocator-size-gi-baking-worker=262144"
    "memorysetup-temp-allocator-size-gi-baking-worker=262144"
    "memorysetup-temp-allocator-size-gi-baking-worker=262144"
    "memorysetup-bucket-allocator-granularity=16"
    "memorysetup-bucket-allocator-bucket-count=8"
    "memorysetup-bucket-allocator-block-size=33554432"
    "memorysetup-bucket-allocator-block-count=8"
    "memorysetup-main-allocator-block-size=16777216"
    "memorysetup-thread-allocator-block-size=16777216"
    "memorysetup-gfx-main-allocator-block-size=16777216"
    "memorysetup-gfx-thread-allocator-block-size=16777216"
    "memorysetup-cache-allocator-block-size=4194304"
    "memorysetup-typetree-allocator-block-size=2097152"
    "memorysetup-profiler-bucket-allocator-granularity=16"
    "memorysetup-profiler-bucket-allocator-bucket-count=8"
    "memorysetup-profiler-bucket-allocator-block-size=33554432"
    "memorysetup-profiler-bucket-allocator-block-count=8"
    "memorysetup-profiler-allocator-block-size=16777216"
    "memorysetup-profiler-editor-allocator-block-size=1048576"
    "memorysetup-temp-allocator-size-main=16777216"
    "memorysetup-job-temp-allocator-block-size=2097152"
    "memorysetup-job-temp-allocator-block-size-background=1048576"
    "memorysetup-job-temp-allocator-reduction-small-platforms=262144"
    "memorysetup-temp-allocator-size-cloud-worker=32768"
Player connection [13316]  Target information:

Player connection [13316]  * "[IP] 172.17.11.16 [Port] 0 [Flags] 2 [Guid] 2857268112 [EditorId] 2857268112 [Version] 1048832 [Id] WindowsEditor(7,DSP-BRJ3055CJ6) [Debug] 1 [PackageName] WindowsEditor [ProjectName] Editor" 

Player connection [13316]  * "[IP] 192.168.56.1 [Port] 0 [Flags] 2 [Guid] 2857268112 [EditorId] 2857268112 [Version] 1048832 [Id] WindowsEditor(7,DSP-BRJ3055CJ6) [Debug] 1 [PackageName] WindowsEditor [ProjectName] Editor" 

Player connection [13316] Host joined multi-casting on [225.0.0.222:54997]...
Player connection [13316] Host joined alternative multi-casting on [225.0.0.222:34997]...
JobSystem: Creating JobQueue using job-worker-count value 9
Input System module state changed to: Initialized.
[Physics::Module] Initialized fallback backend.
[Physics::Module] Id: 0xdecafbad
Library Redirect Path: Library/
[Physics::Module] Selected backend.
[Physics::Module] Name: PhysX
[Physics::Module] Id: 0xf2b8ea05
[Physics::Module] SDK Version: 4.1.2
[Physics::Module] Integration Version: 1.0.0
[Physics::Module] Threading Mode: Multi-Threaded
Refreshing native plugins compatible for Editor in 82.93 ms, found 3 plugins.
Preloading 0 native plugins for Editor in 0.00 ms.
Initialize engine version: 6000.3.6f1 (bbb010bdb8a3)
[Subsystems] Discovering subsystems at path C:/Program Files/Unity/Hub/Editor/6000.3.6f1/Editor/Data/Resources/UnitySubsystems
[Subsystems] Discovering subsystems at path C:/Users/RA00352511/Documents/GitHub/ProjetoFastag/Assets
GfxDevice: creating device client; kGfxThreadingModeNonThreaded
Direct3D:
    Version:  Direct3D 11.0 [level 11.1]
    Renderer: NVIDIA T400 4GB (ID=0x1ff2)
    Vendor:   NVIDIA
    VRAM:     3943 MB
    Driver:   32.0.15.8216
Initialize mono
Mono path[0] = 'C:/Program Files/Unity/Hub/Editor/6000.3.6f1/Editor/Data/Managed'
Mono path[1] = 'C:/Program Files/Unity/Hub/Editor/6000.3.6f1/Editor/Data/MonoBleedingEdge/lib/mono/unityjit-win32'
Mono config path = 'C:/Program Files/Unity/Hub/Editor/6000.3.6f1/Editor/Data/MonoBleedingEdge/etc'
Using monoOptions --debugger-agent=transport=dt_socket,embedding=1,server=y,suspend=n,address=127.0.0.1:56112
Begin MonoManager ReloadAssembly
[Licensing::Client] Handshaking with LicensingClient:
  Version:                 1.17.4+4293ba1
  Session Id:              a98ee6e142f84ce2a3da60b4f74f15f8
  Correlation Id:          85fc1cac21a8f998279bf7305f3559b7
  External correlation Id: 8245456742922566737
  Machine Id:              q+DnV99+H2z20cViEop/lYi5vCg=
[Licensing::Module] Successfully connected to LicensingClient on channel: "LicenseClient-RA00352511" (connect: 0.00s, validation: 0.00s, handshake: 1.39s)
[Licensing::IpcConnector] Successfully connected to: "LicenseClient-RA00352511-notifications" at "2026-10-02T10:44:04.4528343Z"
[Licensing::Module] Licensing Background thread has ended after 1.39s
Registering precompiled unity dll's ...
Register platform support module: C:/Program Files/Unity/Hub/Editor/6000.3.6f1/Editor/Data/PlaybackEngines/WindowsStandaloneSupport/UnityEditor.WindowsStandalone.Extensions.dll
[Licensing::Client] Successfully resolved entitlement details
[Licensing::Module] License group:
  Id: E4-2RMZ-WRAS-7R6G-ZJBC-XXXX
  Product: Unity Education
  Type: ULF
  Expiration: 2027-08-07T18:04:47Z
Register platform support module: C:/Program Files/Unity/Hub/Editor/6000.3.6f1/Editor/Data/PlaybackEngines/MetroSupport/UnityEditor.UWP.Extensions.dll
[Licensing::Client] Successfully resolved entitlement details
Register platform support module: C:/Program Files/Unity/Hub/Editor/6000.3.6f1/Editor/Data/PlaybackEngines/AndroidPlayer/UnityEditor.Android.Extensions.dll
[Licensing::Client] Successfully resolved entitlement details
Register platform support module: C:/Program Files/Unity/Hub/Editor/6000.3.6f1/Editor/Data/PlaybackEngines/iOSSupport/UnityEditor.iOS.Extensions.dll
Registered in 0.552238 seconds.
- Loaded All Assemblies, in 14.720 seconds
[usbmuxd] Start listen thread
[usbmuxd] Listen thread started
Native extension for iOS target not found
Native extension for Android target not found
Android Extension - Scanning For ADB Devices 216 ms
Native extension for UWP target not found
Native extension for WindowsStandalone target not found
ScheduleIndexationOnStartup MainProcess:False IndexOnStartup:True
Mono: successfully reloaded assembly
- Finished resetting the current domain, in  0.917 seconds
Domain Reload Profiling: 15636ms
	BeginReloadAssembly (11026ms)
		ExecutionOrderSort (0ms)
		DisableScriptedObjects (0ms)
		BackupInstance (0ms)
		ReleaseScriptingObjects (0ms)
		CreateAndSetChildDomain (1ms)
	RebuildCommonClasses (661ms)
	RebuildNativeTypeToScriptingClass (14ms)
	initialDomainReloadingComplete (599ms)
	LoadAllAssembliesAndSetupDomain (2418ms)
		LoadAssemblies (11048ms)
		RebuildTransferFunctionScriptingTraits (0ms)
		AnalyzeDomain (2388ms)
			TypeCache.Refresh (2386ms)
				TypeCache.ScanAssembly (1994ms)
			BuildScriptInfoCaches (0ms)
			ResolveRequiredComponents (1ms)
	FinalizeReload (918ms)
		ReleaseScriptCaches (0ms)
		RebuildScriptCaches (0ms)
		SetupLoadedEditorAssemblies (862ms)
			LogAssemblyErrors (0ms)
			InitializePlatformSupportModulesInManaged (524ms)
			SetLoadedEditorAssemblies (4ms)
			BeforeProcessingInitializeOnLoad (88ms)
			ProcessInitializeOnLoadAttributes (164ms)
			ProcessInitializeOnLoadMethodAttributes (83ms)
			AfterProcessingInitializeOnLoad (0ms)
			EditorAssembliesLoaded (0ms)
		ExecutionOrderSort2 (0ms)
		AwakeInstancesAfterBackupRestoration (0ms)
========================================================================
Worker process is ready to serve import requests
Import Worker Mode flag is 0x00
Begin MonoManager ReloadAssembly
[Licensing::Client] Successfully resolved entitlement details
Symbol file LoadedFromMemory is not a mono symbol file
- Loaded All Assemblies, in 19.176 seconds
'Packages/com.unity.cinemachine/Editor/Obsolete/CinemachineVirtualCameraBaseEditor.cs' contains partial class of Unity.Object, exactly 1 of the partial classes needs to be in a file with the same filename. This is to know the one that can be referenced from ie. GameObjects
'Packages/com.unity.cinemachine/Editor/Editors/CinemachineVirtualCameraBaseEditor.cs' contains partial class of Unity.Object, exactly 1 of the partial classes needs to be in a file with the same filename. This is to know the one that can be referenced from ie. GameObjects
Refreshing native plugins compatible for Editor in 1.38 ms, found 3 plugins.
Native extension for iOS target not found
Native extension for Android target not found
Native extension for UWP target not found
Native extension for WindowsStandalone target not found
Package Manager log level set to [2]
[Package Manager] Failed to launch server process. Reason: Unity was launched with the -noUpm command-line argument
[Package Manager] Unable to send message (not connected to server process).
[Package Manager] Cannot connect to Unity Package Manager local server
[Package Manager] Failed to launch server process. Reason: Unity was launched with the -noUpm command-line argument
[Package Manager] Unable to send message (not connected to server process).
[Package Manager] Cannot connect to Unity Package Manager local server
Refreshing native plugins compatible for Editor in 1.84 ms, found 3 plugins.
ScheduleIndexationOnStartup MainProcess:False IndexOnStartup:True
Mono: successfully reloaded assembly
[Package Manager] Failed to launch server process. Reason: Unity was launched with the -noUpm command-line argument
[Package Manager] Unable to send message (not connected to server process).
[Package Manager] Cannot connect to Unity Package Manager local server
[Package Manager] Failed to launch server process. Reason: Unity was launched with the -noUpm command-line argument
[Package Manager] Unable to send message (not connected to server process).
[Package Manager] Cannot connect to Unity Package Manager local server
- Finished resetting the current domain, in  1.332 seconds
Domain Reload Profiling: 20503ms
	BeginReloadAssembly (187ms)
		ExecutionOrderSort (0ms)
		DisableScriptedObjects (7ms)
		BackupInstance (0ms)
		ReleaseScriptingObjects (0ms)
		CreateAndSetChildDomain (31ms)
	RebuildCommonClasses (35ms)
	RebuildNativeTypeToScriptingClass (12ms)
	initialDomainReloadingComplete (65ms)
	LoadAllAssembliesAndSetupDomain (18872ms)
		LoadAssemblies (17724ms)
		RebuildTransferFunctionScriptingTraits (0ms)
		AnalyzeDomain (1248ms)
			TypeCache.Refresh (1088ms)
				TypeCache.ScanAssembly (1065ms)
			BuildScriptInfoCaches (142ms)
			ResolveRequiredComponents (13ms)
	FinalizeReload (1332ms)
		ReleaseScriptCaches (0ms)
		RebuildScriptCaches (0ms)
		SetupLoadedEditorAssemblies (1156ms)
			LogAssemblyErrors (0ms)
			InitializePlatformSupportModulesInManaged (11ms)
			SetLoadedEditorAssemblies (7ms)
			BeforeProcessingInitializeOnLoad (177ms)
			ProcessInitializeOnLoadAttributes (419ms)
			ProcessInitializeOnLoadMethodAttributes (535ms)
			AfterProcessingInitializeOnLoad (5ms)
			EditorAssembliesLoaded (1ms)
		ExecutionOrderSort2 (0ms)
		AwakeInstancesAfterBackupRestoration (6ms)
Launched and connected shader compiler UnityShaderCompiler.exe after 0.01 seconds
Refreshing native plugins compatible for Editor in 3.90 ms, found 3 plugins.
Preloading 0 native plugins for Editor in 0.00 ms.
Unloading 12 Unused Serialized files (Serialized files now loaded: 0)
Unloading 10726 unused Assets / (6.9 MB). Loaded Objects now: 11802.
Memory consumption went from 242.1 MB to 235.2 MB.
Total: 26.973400 ms (FindLiveObjects: 2.351000 ms CreateObjectMapping: 2.904300 ms MarkObjects: 14.247200 ms  DeleteObjects: 7.468000 ms)

========================================================================
Received Import Request.
  Time since last request: 781.724806 seconds.
  path: Assets/TextMesh Pro/Fonts/LiberationSans.ttf
  artifactKey: Guid(e3265ab4bf004d28a9537516768c1c75) Importer(2089858483,b0f066a214c2f5e87bad3c948f4d605d)
Start importing Assets/TextMesh Pro/Fonts/LiberationSans.ttf using Guid(e3265ab4bf004d28a9537516768c1c75) Importer(2089858483,b0f066a214c2f5e87bad3c948f4d605d) (ScriptedImporter) -> (artifact id: '79e39578c36948191ea1537e641bec8b') in 0.20492 seconds
Number of updated asset objects reloaded before import = 0Number of asset objects unloaded after import = 3

========================================================================
Received Import Request.
  Time since last request: 0.000050 seconds.
  path: Assets/Projeto/Scena/Menu/LoadScene.unity
  artifactKey: Guid(79cb3c972ac1e4346a2248ce0c9bc035) Importer(2089858483,b0f066a214c2f5e87bad3c948f4d605d)
Start importing Assets/Projeto/Scena/Menu/LoadScene.unity using Guid(79cb3c972ac1e4346a2248ce0c9bc035) Importer(2089858483,b0f066a214c2f5e87bad3c948f4d605d) (ScriptedImporter) -> (artifact id: 'f3da0b769014aadce9fea13a09b6d1c4') in 0.0258352 seconds
Number of updated asset objects reloaded before import = 0Number of asset objects unloaded after import = 1

========================================================================
Received Import Request.
  Time since last request: 0.000052 seconds.
  path: Assets/Settings/HDRP Balanced.asset
  artifactKey: Guid(3e2e6bfc59709614ab90c0cd7d755e48) Importer(2089858483,b0f066a214c2f5e87bad3c948f4d605d)
Start importing Assets/Settings/HDRP Balanced.asset using Guid(3e2e6bfc59709614ab90c0cd7d755e48) Importer(2089858483,b0f066a214c2f5e87bad3c948f4d605d) (ScriptedImporter) -> (artifact id: '7fcc35f3417f91674a3f047d0a4b0ec8') in 0.1498451 seconds
Number of updated asset objects reloaded before import = 0Number of asset objects unloaded after import = 1

========================================================================
Received Import Request.
  Time since last request: 0.000037 seconds.
  path: Assets/Projeto/Scripts/Audio/SoundData.cs
  artifactKey: Guid(3dc7296703a55554497a64389829900c) Importer(2089858483,b0f066a214c2f5e87bad3c948f4d605d)
Start importing Assets/Projeto/Scripts/Audio/SoundData.cs using Guid(3dc7296703a55554497a64389829900c) Importer(2089858483,b0f066a214c2f5e87bad3c948f4d605d) (ScriptedImporter) -> (artifact id: '46680c81f4c686c830053394e08719a0') in 0.0266701 seconds
Number of updated asset objects reloaded before import = 0Number of asset objects unloaded after import = 0

========================================================================
Received Import Request.
  Time since last request: 0.000048 seconds.
  path: Assets/Projeto/UI/Game_HUD/Game_HUD.uss
  artifactKey: Guid(380bd99719daaa6478d5d2f0a739764d) Importer(2089858483,b0f066a214c2f5e87bad3c948f4d605d)
Start importing Assets/Projeto/UI/Game_HUD/Game_HUD.uss using Guid(380bd99719daaa6478d5d2f0a739764d) Importer(2089858483,b0f066a214c2f5e87bad3c948f4d605d) (ScriptedImporter) -> (artifact id: 'e701a4d95d64ff4889a9d1016813d318') in 0.0262562 seconds
Number of updated asset objects reloaded before import = 0Number of asset objects unloaded after import = 4

========================================================================
Received Import Request.
  Time since last request: 0.000030 seconds.
  path: Assets/Projeto/UI/Menu/botao-menu.uss
  artifactKey: Guid(c5d6cf822fdb42946b7d8416b06944bd) Importer(2089858483,b0f066a214c2f5e87bad3c948f4d605d)
Start importing Assets/Projeto/UI/Menu/botao-menu.uss using Guid(c5d6cf822fdb42946b7d8416b06944bd) Importer(2089858483,b0f066a214c2f5e87bad3c948f4d605d) (ScriptedImporter) -> (artifact id: 'fc19877ae995f1f53e39e203972ebed3') in 0.0207668 seconds
Number of updated asset objects reloaded before import = 0Number of asset objects unloaded after import = 5

========================================================================
Received Import Request.
  Time since last request: 0.000034 seconds.
  path: Assets/Projeto/Scripts/Audio/AudioExtensions.cs
  artifactKey: Guid(501ad4f13299cf24cade1db961902827) Importer(2089858483,b0f066a214c2f5e87bad3c948f4d605d)
Start importing Assets/Projeto/Scripts/Audio/AudioExtensions.cs using Guid(501ad4f13299cf24cade1db961902827) Importer(2089858483,b0f066a214c2f5e87bad3c948f4d605d) (ScriptedImporter) -> (artifact id: 'b1735f89fcd507ab73243cd9f4c61335') in 0.0134383 seconds
Number of updated asset objects reloaded before import = 0Number of asset objects unloaded after import = 0

========================================================================
Received Import Request.
  Time since last request: 0.000036 seconds.
  path: Assets/Projeto/UI/Menu/MainMenu.uxml
  artifactKey: Guid(4e3a8c89df65df64f813d7ba3157443c) Importer(2089858483,b0f066a214c2f5e87bad3c948f4d605d)
Start importing Assets/Projeto/UI/Menu/MainMenu.uxml using Guid(4e3a8c89df65df64f813d7ba3157443c) Importer(2089858483,b0f066a214c2f5e87bad3c948f4d605d) (ScriptedImporter) -> (artifact id: '635ebf8d55f25e9aac341806d3b59c20') in 0.0815801 seconds
Number of updated asset objects reloaded before import = 0Number of asset objects unloaded after import = 20

========================================================================
Received Import Request.
  Time since last request: 0.000017 seconds.
  path: Assets/Projeto/Prefabs/Camera/Third_Person.prefab
  artifactKey: Guid(73e17f487ef95854a875c6edf9400500) Importer(2089858483,b0f066a214c2f5e87bad3c948f4d605d)
Start importing Assets/Projeto/Prefabs/Camera/Third_Person.prefab using Guid(73e17f487ef95854a875c6edf9400500) Importer(2089858483,b0f066a214c2f5e87bad3c948f4d605d) (ScriptedImporter) -> (artifact id: '0b0ad6db09f926af27cdbe0bc5678348') in 0.0360579 seconds
Number of updated asset objects reloaded before import = 0Number of asset objects unloaded after import = 7

========================================================================
Received Import Request.
  Time since last request: 0.000018 seconds.
  path: Assets/Settings/HDRP High Fidelity.asset
  artifactKey: Guid(36dd385e759c96147b6463dcd1149c11) Importer(2089858483,b0f066a214c2f5e87bad3c948f4d605d)
Start importing Assets/Settings/HDRP High Fidelity.asset using Guid(36dd385e759c96147b6463dcd1149c11) Importer(2089858483,b0f066a214c2f5e87bad3c948f4d605d) (ScriptedImporter) -> (artifact id: 'f7cad9d0c9e99e4513019397cff9439e') in 0.0230952 seconds
Number of updated asset objects reloaded before import = 0Number of asset objects unloaded after import = 1

========================================================================
Received Import Request.
  Time since last request: 0.000025 seconds.
  path: Assets/TextMesh Pro/Examples & Extras/Fonts/Unity - OFL.txt
  artifactKey: Guid(0251f66ebc602a944b35bccd13be2738) Importer(2089858483,b0f066a214c2f5e87bad3c948f4d605d)
Start importing Assets/TextMesh Pro/Examples & Extras/Fonts/Unity - OFL.txt using Guid(0251f66ebc602a944b35bccd13be2738) Importer(2089858483,b0f066a214c2f5e87bad3c948f4d605d) (ScriptedImporter) -> (artifact id: '749eccbcbce74662b0b154f4b910918c') in 0.0097495 seconds
Number of updated asset objects reloaded before import = 0Number of asset objects unloaded after import = 1

========================================================================
Received Import Request.
  Time since last request: 0.000015 seconds.
  path: Assets/TextMesh Pro/Shaders/TMP_SDF-Mobile Overlay.shader
  artifactKey: Guid(a02a7d8c237544f1962732b55a9aebf1) Importer(2089858483,b0f066a214c2f5e87bad3c948f4d605d)
Start importing Assets/TextMesh Pro/Shaders/TMP_SDF-Mobile Overlay.shader using Guid(a02a7d8c237544f1962732b55a9aebf1) Importer(2089858483,b0f066a214c2f5e87bad3c948f4d605d) (ScriptedImporter) -> (artifact id: '14ca5bb86e646dcbc59f9a59c60d0297') in 0.0154123 seconds
Number of updated asset objects reloaded before import = 0Number of asset objects unloaded after import = 1

========================================================================
Received Import Request.
  Time since last request: 0.000017 seconds.
  path: Assets/TextMesh Pro/Shaders/TMP_Bitmap-Custom-Atlas.shader
  artifactKey: Guid(48bb5f55d8670e349b6e614913f9d910) Importer(2089858483,b0f066a214c2f5e87bad3c948f4d605d)
Start importing Assets/TextMesh Pro/Shaders/TMP_Bitmap-Custom-Atlas.shader using Guid(48bb5f55d8670e349b6e614913f9d910) Importer(2089858483,b0f066a214c2f5e87bad3c948f4d605d) (ScriptedImporter) -> (artifact id: 'bc66844a68a79237e9ab2b43063a158b') in 0.01071 seconds
Number of updated asset objects reloaded before import = 0Number of asset objects unloaded after import = 1

========================================================================
Received Import Request.
  Time since last request: 0.000027 seconds.
  path: Assets/Projeto/Scena/Primeiro Mapa/Cadeia_Dentro.unity
  artifactKey: Guid(1e67d1530de17de44ab815eef34be47f) Importer(2089858483,b0f066a214c2f5e87bad3c948f4d605d)
Start importing Assets/Projeto/Scena/Primeiro Mapa/Cadeia_Dentro.unity using Guid(1e67d1530de17de44ab815eef34be47f) Importer(2089858483,b0f066a214c2f5e87bad3c948f4d605d) (ScriptedImporter) -> (artifact id: 'e757e81fb72dccb76e0d106638c56355') in 0.0172202 seconds
Number of updated asset objects reloaded before import = 0Number of asset objects unloaded after import = 1

========================================================================
Received Import Request.
  Time since last request: 0.000015 seconds.
  path: Assets/TextMesh Pro/Examples & Extras/Materials/Ground - Logo Scene.mat
  artifactKey: Guid(c719e38f25a9480abd2480ab621a2949) Importer(2089858483,b0f066a214c2f5e87bad3c948f4d605d)
Start importing Assets/TextMesh Pro/Examples & Extras/Materials/Ground - Logo Scene.mat using Guid(c719e38f25a9480abd2480ab621a2949) Importer(2089858483,b0f066a214c2f5e87bad3c948f4d605d) (ScriptedImporter) -> (artifact id: 'cf3ec8d0595a965d17e6754803fbfa9e') in 0.0735204 seconds
Number of updated asset objects reloaded before import = 0Number of asset objects unloaded after import = 2

========================================================================
Received Import Request.
  Time since last request: 0.000020 seconds.
  path: Assets/TextMesh Pro/Examples & Extras/Prefabs/Text Popup.prefab
  artifactKey: Guid(b06f0e6c1dfa4356ac918da1bb32c603) Importer(2089858483,b0f066a214c2f5e87bad3c948f4d605d)
Start importing Assets/TextMesh Pro/Examples & Extras/Prefabs/Text Popup.prefab using Guid(b06f0e6c1dfa4356ac918da1bb32c603) Importer(2089858483,b0f066a214c2f5e87bad3c948f4d605d) (ScriptedImporter) -> (artifact id: '5ebb7ae91bdd1be6771669a5bdfba4e9') in 0.0459191 seconds
Number of updated asset objects reloaded before import = 0Number of asset objects unloaded after import = 21

========================================================================
Received Import Request.
  Time since last request: 0.000025 seconds.
  path: Assets/TextMesh Pro/Shaders/TMPro_Surface.cginc
  artifactKey: Guid(d930090c0cd643c7b55f19a38538c162) Importer(2089858483,b0f066a214c2f5e87bad3c948f4d605d)
Start importing Assets/TextMesh Pro/Shaders/TMPro_Surface.cginc using Guid(d930090c0cd643c7b55f19a38538c162) Importer(2089858483,b0f066a214c2f5e87bad3c948f4d605d) (ScriptedImporter) -> (artifact id: '3417648fe8471253be55bc3bab4101af') in 0.0177426 seconds
Number of updated asset objects reloaded before import = 0Number of asset objects unloaded after import = 1

========================================================================
Received Import Request.
  Time since last request: 0.000015 seconds.
  path: Assets/TextMesh Pro/Examples & Extras/Fonts/Bangers.ttf
  artifactKey: Guid(5dd49b3eacc540408c98eee0de38e0f1) Importer(2089858483,b0f066a214c2f5e87bad3c948f4d605d)
Start importing Assets/TextMesh Pro/Examples & Extras/Fonts/Bangers.ttf using Guid(5dd49b3eacc540408c98eee0de38e0f1) Importer(2089858483,b0f066a214c2f5e87bad3c948f4d605d) (ScriptedImporter) -> (artifact id: 'c8b39497486554975de0eee504e5ae8d') in 0.0133103 seconds
Number of updated asset objects reloaded before import = 0Number of asset objects unloaded after import = 3

========================================================================
Received Import Request.
  Time since last request: 0.000018 seconds.
  path: Assets/TextMesh Pro/Examples & Extras/Scenes/03 - Line Justification.unity
  artifactKey: Guid(21a509e1d3cd49978623fa564adb6f02) Importer(2089858483,b0f066a214c2f5e87bad3c948f4d605d)
Start importing Assets/TextMesh Pro/Examples & Extras/Scenes/03 - Line Justification.unity using Guid(21a509e1d3cd49978623fa564adb6f02) Importer(2089858483,b0f066a214c2f5e87bad3c948f4d605d) (ScriptedImporter) -> (artifact id: '92625e96663df6e94da0463b04ac4206') in 0.0120637 seconds
Number of updated asset objects reloaded before import = 0Number of asset objects unloaded after import = 1

========================================================================
Received Import Request.
  Time since last request: 0.000023 seconds.
  path: Assets/TutorialInfo/Icons/Help_Icon.png
  artifactKey: Guid(9266273b8f123004195741f969177dda) Importer(2089858483,b0f066a214c2f5e87bad3c948f4d605d)
Start importing Assets/TutorialInfo/Icons/Help_Icon.png using Guid(9266273b8f123004195741f969177dda) Importer(2089858483,b0f066a214c2f5e87bad3c948f4d605d) (ScriptedImporter) -> (artifact id: 'b335c877d22ed118d648388a54450181') in 0.0379714 seconds
Number of updated asset objects reloaded before import = 0Number of asset objects unloaded after import = 1

========================================================================
Received Import Request.
  Time since last request: 0.000013 seconds.
  path: Assets/TextMesh Pro/Resources/LineBreaking Leading Characters.txt
  artifactKey: Guid(d82c1b31c7e74239bff1220585707d2b) Importer(2089858483,b0f066a214c2f5e87bad3c948f4d605d)
Start importing Assets/TextMesh Pro/Resources/LineBreaking Leading Characters.txt using Guid(d82c1b31c7e74239bff1220585707d2b) Importer(2089858483,b0f066a214c2f5e87bad3c948f4d605d) (ScriptedImporter) -> (artifact id: '548789755b66afeb54cead5edc2e5f7b') in 0.0110115 seconds
Number of updated asset objects reloaded before import = 0Number of asset objects unloaded after import = 1

========================================================================
Received Import Request.
  Time since last request: 0.000017 seconds.
  path: Assets/TextMesh Pro/Shaders/TMPro_Mobile.cginc
  artifactKey: Guid(c334973cef89a9840b0b0c507e0377ab) Importer(2089858483,b0f066a214c2f5e87bad3c948f4d605d)
Start importing Assets/TextMesh Pro/Shaders/TMPro_Mobile.cginc using Guid(c334973cef89a9840b0b0c507e0377ab) Importer(2089858483,b0f066a214c2f5e87bad3c948f4d605d) (ScriptedImporter) -> (artifact id: '9fa94b0831249a5a1ca9e89086d192e8') in 0.0180863 seconds
Number of updated asset objects reloaded before import = 0Number of asset objects unloaded after import = 1

========================================================================
Received Import Request.
  Time since last request: 0.000024 seconds.
  path: Assets/TextMesh Pro/Examples & Extras/Scenes/12a - Text Interactions.unity
  artifactKey: Guid(08572ab7713642c8a60789750f0bce5c) Importer(2089858483,b0f066a214c2f5e87bad3c948f4d605d)
Start importing Assets/TextMesh Pro/Examples & Extras/Scenes/12a - Text Interactions.unity using Guid(08572ab7713642c8a60789750f0bce5c) Importer(2089858483,b0f066a214c2f5e87bad3c948f4d605d) (ScriptedImporter) -> (artifact id: '716d8d2eebf0230753509d262e8b90d9') in 0.0116419 seconds
Number of updated asset objects reloaded before import = 0Number of asset objects unloaded after import = 1

========================================================================
Received Import Request.
  Time since last request: 0.000013 seconds.
  path: Assets/InputSystem_Actions.cs
  artifactKey: Guid(75e3e001853c7074f9f35a53aea9c458) Importer(2089858483,b0f066a214c2f5e87bad3c948f4d605d)
Start importing Assets/InputSystem_Actions.cs using Guid(75e3e001853c7074f9f35a53aea9c458) Importer(2089858483,b0f066a214c2f5e87bad3c948f4d605d) (ScriptedImporter) -> (artifact id: 'fe1fa6dea18deabf9f22c39df5920236') in 0.011269 seconds
Number of updated asset objects reloaded before import = 0Number of asset objects unloaded after import = 0

========================================================================
Received Import Request.
  Time since last request: 0.000025 seconds.
  path: Assets/TextMesh Pro/Examples & Extras/Fonts/Anton OFL.txt
  artifactKey: Guid(73a79399807f4e8388c2cbb5494681ca) Importer(2089858483,b0f066a214c2f5e87bad3c948f4d605d)
Start importing Assets/TextMesh Pro/Examples & Extras/Fonts/Anton OFL.txt using Guid(73a79399807f4e8388c2cbb5494681ca) Importer(2089858483,b0f066a214c2f5e87bad3c948f4d605d) (ScriptedImporter) -> (artifact id: '7bbff59cb7ed00bfb099dc49990641c2') in 0.0120927 seconds
Number of updated asset objects reloaded before import = 0Number of asset objects unloaded after import = 1

========================================================================
Received Import Request.
  Time since last request: 0.000032 seconds.
  path: Assets/TextMesh Pro/Shaders/TMP_SDF-Mobile.shader
  artifactKey: Guid(fe393ace9b354375a9cb14cdbbc28be4) Importer(2089858483,b0f066a214c2f5e87bad3c948f4d605d)
Start importing Assets/TextMesh Pro/Shaders/TMP_SDF-Mobile.shader using Guid(fe393ace9b354375a9cb14cdbbc28be4) Importer(2089858483,b0f066a214c2f5e87bad3c948f4d605d) (ScriptedImporter) -> (artifact id: 'a2e5a78f9bed7abd2adfe3c27669b176') in 0.0117704 seconds
Number of updated asset objects reloaded before import = 0Number of asset objects unloaded after import = 1

========================================================================
Received Import Request.
  Time since last request: 0.000018 seconds.
  path: Assets/TextMesh Pro/Examples & Extras/Materials/Ground - Surface Shader Scene.mat
  artifactKey: Guid(aadd5a709a48466c887296bb5b1b8110) Importer(2089858483,b0f066a214c2f5e87bad3c948f4d605d)
Start importing Assets/TextMesh Pro/Examples & Extras/Materials/Ground - Surface Shader Scene.mat using Guid(aadd5a709a48466c887296bb5b1b8110) Importer(2089858483,b0f066a214c2f5e87bad3c948f4d605d) (ScriptedImporter) -> (artifact id: '30d2bba6302d6442963527b64ce3441b') in 0.0226261 seconds
Number of updated asset objects reloaded before import = 0Number of asset objects unloaded after import = 2

========================================================================
Received Import Request.
  Time since last request: 0.000019 seconds.
  path: Assets/TextMesh Pro/Examples & Extras/Scenes/22 - Basic Scripting Example.unity
  artifactKey: Guid(6250f98e58fe4abbaada5d84b7ca846d) Importer(2089858483,b0f066a214c2f5e87bad3c948f4d605d)
Start importing Assets/TextMesh Pro/Examples & Extras/Scenes/22 - Basic Scripting Example.unity using Guid(6250f98e58fe4abbaada5d84b7ca846d) Importer(2089858483,b0f066a214c2f5e87bad3c948f4d605d) (ScriptedImporter) -> (artifact id: '29fd39efee2d165d91fa424c322df601') in 0.0101112 seconds
Number of updated asset objects reloaded before import = 0Number of asset objects unloaded after import = 1

========================================================================
Received Import Request.
  Time since last request: 0.000022 seconds.
  path: Assets/TextMesh Pro/Examples & Extras/Scenes/16 - Linked text overflow mode example.unity
  artifactKey: Guid(9442cda25baa4a0bb544c4d095b00caa) Importer(2089858483,b0f066a214c2f5e87bad3c948f4d605d)
Start importing Assets/TextMesh Pro/Examples & Extras/Scenes/16 - Linked text overflow mode example.unity using Guid(9442cda25baa4a0bb544c4d095b00caa) Importer(2089858483,b0f066a214c2f5e87bad3c948f4d605d) (ScriptedImporter) -> (artifact id: '9e4e49222ed296a5a8f972d14a7a8274') in 0.0111249 seconds
Number of updated asset objects reloaded before import = 0Number of asset objects unloaded after import = 1

========================================================================
Received Import Request.
  Time since last request: 0.000014 seconds.
  path: Assets/TextMesh Pro/Examples & Extras/Scenes/20 - Input Field with Scrollbar.unity
  artifactKey: Guid(337f92480dd24675aae9e79210fb1ad9) Importer(2089858483,b0f066a214c2f5e87bad3c948f4d605d)
Start importing Assets/TextMesh Pro/Examples & Extras/Scenes/20 - Input Field with Scrollbar.unity using Guid(337f92480dd24675aae9e79210fb1ad9) Importer(2089858483,b0f066a214c2f5e87bad3c948f4d605d) (ScriptedImporter) -> (artifact id: '799018e8b396a3dc2fa32dba09950cfd') in 0.0118537 seconds
Number of updated asset objects reloaded before import = 0Number of asset objects unloaded after import = 1

========================================================================
Received Import Request.
  Time since last request: 0.000014 seconds.
  path: Assets/UI Toolkit/UnityThemes/UnityDefaultRuntimeTheme.tss
  artifactKey: Guid(c24f338991966a64aa74b029c2fcfcfd) Importer(2089858483,b0f066a214c2f5e87bad3c948f4d605d)
Start importing Assets/UI Toolkit/UnityThemes/UnityDefaultRuntimeTheme.tss using Guid(c24f338991966a64aa74b029c2fcfcfd) Importer(2089858483,b0f066a214c2f5e87bad3c948f4d605d) (ScriptedImporter) -> (artifact id: '134936b59fd5aed0bf5695161615ab92') in 0.0384614 seconds
Number of updated asset objects reloaded before import = 0Number of asset objects unloaded after import = 28

========================================================================
Received Import Request.
  Time since last request: 0.000026 seconds.
  path: Assets/TextMesh Pro/Examples & Extras/Scripts/Benchmark01.cs
  artifactKey: Guid(f970ea55f9f84bf79b05dab180b8c125) Importer(2089858483,b0f066a214c2f5e87bad3c948f4d605d)
Start importing Assets/TextMesh Pro/Examples & Extras/Scripts/Benchmark01.cs using Guid(f970ea55f9f84bf79b05dab180b8c125) Importer(2089858483,b0f066a214c2f5e87bad3c948f4d605d) (ScriptedImporter) -> (artifact id: '01d7a05b671c8d2a01f248bed0f072f5') in 0.0096695 seconds
Number of updated asset objects reloaded before import = 0Number of asset objects unloaded after import = 0

========================================================================
Received Import Request.
  Time since last request: 0.000013 seconds.
  path: Assets/TextMesh Pro/Examples & Extras/Scenes/24 - Surface Shader Example URP.unity
  artifactKey: Guid(57694ed9d1cd1e340a4924c0f2eac8e3) Importer(2089858483,b0f066a214c2f5e87bad3c948f4d605d)
Start importing Assets/TextMesh Pro/Examples & Extras/Scenes/24 - Surface Shader Example URP.unity using Guid(57694ed9d1cd1e340a4924c0f2eac8e3) Importer(2089858483,b0f066a214c2f5e87bad3c948f4d605d) (ScriptedImporter) -> (artifact id: '0d57274338acbd5a262178fb7ccc32a4') in 0.0125606 seconds
Number of updated asset objects reloaded before import = 0Number of asset objects unloaded after import = 1

========================================================================
Received Import Request.
  Time since last request: 0.000018 seconds.
  path: Assets/TutorialInfo/Scripts/Readme.cs
  artifactKey: Guid(fcf7219bab7fe46a1ad266029b2fee19) Importer(2089858483,b0f066a214c2f5e87bad3c948f4d605d)
Start importing Assets/TutorialInfo/Scripts/Readme.cs using Guid(fcf7219bab7fe46a1ad266029b2fee19) Importer(2089858483,b0f066a214c2f5e87bad3c948f4d605d) (ScriptedImporter) -> (artifact id: 'df36ce7500cf4f30d3f5b30eca6bdc1f') in 0.0103011 seconds
Number of updated asset objects reloaded before import = 0Number of asset objects unloaded after import = 0

========================================================================
Received Import Request.
  Time since last request: 0.000024 seconds.
  path: Assets/Settings/SkyandFogSettingsProfile.asset
  artifactKey: Guid(8ba92e2dd7f884a0f88b98fa2d235fe7) Importer(2089858483,b0f066a214c2f5e87bad3c948f4d605d)
Start importing Assets/Settings/SkyandFogSettingsProfile.asset using Guid(8ba92e2dd7f884a0f88b98fa2d235fe7) Importer(2089858483,b0f066a214c2f5e87bad3c948f4d605d) (ScriptedImporter) -> (artifact id: '79dd288f8fd3100409c34338080d3521') in 0.0119836 seconds
Number of updated asset objects reloaded before import = 0Number of asset objects unloaded after import = 5

========================================================================
Received Import Request.
  Time since last request: 0.000014 seconds.
  path: Assets/TextMesh Pro/Examples & Extras/Scripts/CameraController.cs
  artifactKey: Guid(2d687537154440a3913a9a3c7977978c) Importer(2089858483,b0f066a214c2f5e87bad3c948f4d605d)
Start importing Assets/TextMesh Pro/Examples & Extras/Scripts/CameraController.cs using Guid(2d687537154440a3913a9a3c7977978c) Importer(2089858483,b0f066a214c2f5e87bad3c948f4d605d) (ScriptedImporter) -> (artifact id: '7b8b796f18481cbfbf4eb14362a64a3f') in 0.0093209 seconds
Number of updated asset objects reloaded before import = 0Number of asset objects unloaded after import = 0

========================================================================
Received Import Request.
  Time since last request: 0.000015 seconds.
  path: Assets/TextMesh Pro/Examples & Extras/Scripts/DropdownSample.cs
  artifactKey: Guid(ac1eb05af6d391b4eb0f4c070a99f1d0) Importer(2089858483,b0f066a214c2f5e87bad3c948f4d605d)
Start importing Assets/TextMesh Pro/Examples & Extras/Scripts/DropdownSample.cs using Guid(ac1eb05af6d391b4eb0f4c070a99f1d0) Importer(2089858483,b0f066a214c2f5e87bad3c948f4d605d) (ScriptedImporter) -> (artifact id: '88719c642cb25f80fa602361c453a680') in 0.0089495 seconds
Number of updated asset objects reloaded before import = 0Number of asset objects unloaded after import = 0

========================================================================
Received Import Request.
  Time since last request: 0.000024 seconds.
  path: Assets/TextMesh Pro/Examples & Extras/Scripts/Benchmark02.cs
  artifactKey: Guid(e8538afcddc14efbb5d9e94b7ae50197) Importer(2089858483,b0f066a214c2f5e87bad3c948f4d605d)
Start importing Assets/TextMesh Pro/Examples & Extras/Scripts/Benchmark02.cs using Guid(e8538afcddc14efbb5d9e94b7ae50197) Importer(2089858483,b0f066a214c2f5e87bad3c948f4d605d) (ScriptedImporter) -> (artifact id: 'ee05d526c4ba412155dc293da297856d') in 0.0096302 seconds
Number of updated asset objects reloaded before import = 0Number of asset objects unloaded after import = 0

========================================================================
Received Import Request.
  Time since last request: 0.000014 seconds.
  path: Assets/TextMesh Pro/Shaders/SDFFunctions.hlsl
  artifactKey: Guid(96de908384869cd409c75efa351d5edf) Importer(2089858483,b0f066a214c2f5e87bad3c948f4d605d)
Start importing Assets/TextMesh Pro/Shaders/SDFFunctions.hlsl using Guid(96de908384869cd409c75efa351d5edf) Importer(2089858483,b0f066a214c2f5e87bad3c948f4d605d) (ScriptedImporter) -> (artifact id: '27f8b2192c567195774bd485ceb20a19') in 0.0092072 seconds
Number of updated asset objects reloaded before import = 0Number of asset objects unloaded after import = 1

========================================================================
Received Import Request.
  Time since last request: 0.000016 seconds.
  path: Assets/Projeto/Materials/Materials provisórios/Cama.mat
  artifactKey: Guid(fca638b11e909e849a6a4b8d75f757dc) Importer(2089858483,b0f066a214c2f5e87bad3c948f4d605d)
Start importing Assets/Projeto/Materials/Materials provisórios/Cama.mat using Guid(fca638b11e909e849a6a4b8d75f757dc) Importer(2089858483,b0f066a214c2f5e87bad3c948f4d605d) (ScriptedImporter) -> (artifact id: 'd394bc856f7ca5a123868206df9a2a7b') in 0.0133849 seconds
Number of updated asset objects reloaded before import = 0Number of asset objects unloaded after import = 1

========================================================================
Received Import Request.
  Time since last request: 0.000024 seconds.
  path: Assets/TextMesh Pro/Examples & Extras/Scripts/TextMeshProFloatingText.cs
  artifactKey: Guid(a4d4c76e63944cba8c7d00f56334b98c) Importer(2089858483,b0f066a214c2f5e87bad3c948f4d605d)
Start importing Assets/TextMesh Pro/Examples & Extras/Scripts/TextMeshProFloatingText.cs using Guid(a4d4c76e63944cba8c7d00f56334b98c) Importer(2089858483,b0f066a214c2f5e87bad3c948f4d605d) (ScriptedImporter) -> (artifact id: 'f42a8053348d9b952fa804be5669d3b8') in 0.010797 seconds
Number of updated asset objects reloaded before import = 0Number of asset objects unloaded after import = 0

========================================================================
Received Import Request.
  Time since last request: 0.000016 seconds.
  path: Assets/TextMesh Pro/Examples & Extras/Scripts/TextMeshSpawner.cs
  artifactKey: Guid(76c11bbcfddf44e0ba17d6c2751c8d84) Importer(2089858483,b0f066a214c2f5e87bad3c948f4d605d)
Start importing Assets/TextMesh Pro/Examples & Extras/Scripts/TextMeshSpawner.cs using Guid(76c11bbcfddf44e0ba17d6c2751c8d84) Importer(2089858483,b0f066a214c2f5e87bad3c948f4d605d) (ScriptedImporter) -> (artifact id: '790d09c4ed333c5b137ed541abfc4eb5') in 0.0094823 seconds
Number of updated asset objects reloaded before import = 0Number of asset objects unloaded after import = 0

========================================================================
Received Import Request.
  Time since last request: 0.000019 seconds.
  path: Assets/TextMesh Pro/Examples & Extras/Scripts/TeleType.cs
  artifactKey: Guid(e32c266ee6204b21a427753cb0694c81) Importer(2089858483,b0f066a214c2f5e87bad3c948f4d605d)
Start importing Assets/TextMesh Pro/Examples & Extras/Scripts/TeleType.cs using Guid(e32c266ee6204b21a427753cb0694c81) Importer(2089858483,b0f066a214c2f5e87bad3c948f4d605d) (ScriptedImporter) -> (artifact id: 'b544c604ee863dc95d07b5cf83536a96') in 0.01029 seconds
Number of updated asset objects reloaded before import = 0Number of asset objects unloaded after import = 0

========================================================================
Received Import Request.
  Time since last request: 0.000025 seconds.
  path: Assets/Projeto/Prefabs/FortãoDoMal.prefab
  artifactKey: Guid(c9d4dc62472744c49bfb2979ad46836b) Importer(2089858483,b0f066a214c2f5e87bad3c948f4d605d)
Start importing Assets/Projeto/Prefabs/FortãoDoMal.prefab using Guid(c9d4dc62472744c49bfb2979ad46836b) Importer(2089858483,b0f066a214c2f5e87bad3c948f4d605d) (ScriptedImporter) -> (artifact id: '27beea8db4c925701ba849e213596d62') in 0.0451436 seconds
Number of updated asset objects reloaded before import = 0Number of asset objects unloaded after import = 195

========================================================================
Received Import Request.
  Time since last request: 0.000017 seconds.
  path: Assets/TextMesh Pro/Examples & Extras/Scripts/TMP_FrameRateCounter.cs
  artifactKey: Guid(686ec78b56aa445795335fbadafcfaa4) Importer(2089858483,b0f066a214c2f5e87bad3c948f4d605d)
Start importing Assets/TextMesh Pro/Examples & Extras/Scripts/TMP_FrameRateCounter.cs using Guid(686ec78b56aa445795335fbadafcfaa4) Importer(2089858483,b0f066a214c2f5e87bad3c948f4d605d) (ScriptedImporter) -> (artifact id: '754c4b334a61b47f034e054d48bcecbd') in 0.0099879 seconds
Number of updated asset objects reloaded before import = 0Number of asset objects unloaded after import = 0

========================================================================
Received Import Request.
  Time since last request: 0.000018 seconds.
  path: Assets/TextMesh Pro/Examples & Extras/Scripts/TMP_ExampleScript_01.cs
  artifactKey: Guid(6f2c5b59b6874405865e2616e4ec276a) Importer(2089858483,b0f066a214c2f5e87bad3c948f4d605d)
Start importing Assets/TextMesh Pro/Examples & Extras/Scripts/TMP_ExampleScript_01.cs using Guid(6f2c5b59b6874405865e2616e4ec276a) Importer(2089858483,b0f066a214c2f5e87bad3c948f4d605d) (ScriptedImporter) -> (artifact id: 'd1ab95aab300d93b5847a3e6d338b0b0') in 0.0093466 seconds
Number of updated asset objects reloaded before import = 0Number of asset objects unloaded after import = 0

========================================================================
Received Import Request.
  Time since last request: 0.000023 seconds.
  path: Assets/TextMesh Pro/Examples & Extras/Scripts/TMP_PhoneNumberValidator.cs
  artifactKey: Guid(83680ab1a69f4102ac67d1459fe76e1f) Importer(2089858483,b0f066a214c2f5e87bad3c948f4d605d)
Start importing Assets/TextMesh Pro/Examples & Extras/Scripts/TMP_PhoneNumberValidator.cs using Guid(83680ab1a69f4102ac67d1459fe76e1f) Importer(2089858483,b0f066a214c2f5e87bad3c948f4d605d) (ScriptedImporter) -> (artifact id: '00a56dd5472a004a6215f676f45e133c') in 0.0122035 seconds
Number of updated asset objects reloaded before import = 0Number of asset objects unloaded after import = 0

========================================================================
Received Import Request.
  Time since last request: 0.000014 seconds.
  path: Assets/TextMesh Pro/Fonts/LiberationSans - OFL.txt
  artifactKey: Guid(6e59c59b81ab47f9b6ec5781fa725d2c) Importer(2089858483,b0f066a214c2f5e87bad3c948f4d605d)
Start importing Assets/TextMesh Pro/Fonts/LiberationSans - OFL.txt using Guid(6e59c59b81ab47f9b6ec5781fa725d2c) Importer(2089858483,b0f066a214c2f5e87bad3c948f4d605d) (ScriptedImporter) -> (artifact id: '03aca86670e15daae99223498dbcd6a6') in 0.0097242 seconds
Number of updated asset objects reloaded before import = 0Number of asset objects unloaded after import = 1

========================================================================
Received Import Request.
  Time since last request: 0.000018 seconds.
  path: Assets/Projeto/Scripts/Audio/PersistentSingleton.cs
  artifactKey: Guid(475a41710a8e2ee45ba063d3a19bfe55) Importer(2089858483,b0f066a214c2f5e87bad3c948f4d605d)
Start importing Assets/Projeto/Scripts/Audio/PersistentSingleton.cs using Guid(475a41710a8e2ee45ba063d3a19bfe55) Importer(2089858483,b0f066a214c2f5e87bad3c948f4d605d) (ScriptedImporter) -> (artifact id: 'e22ab078aa43b2084d8aa247f3524f11') in 0.0098236 seconds
Number of updated asset objects reloaded before import = 0Number of asset objects unloaded after import = 0

========================================================================
Received Import Request.
  Time since last request: 0.000024 seconds.
  path: Assets/TextMesh Pro/Examples & Extras/Scripts/VertexShakeA.cs
  artifactKey: Guid(f7cfa58e417a46ea8889989684c2522e) Importer(2089858483,b0f066a214c2f5e87bad3c948f4d605d)
Start importing Assets/TextMesh Pro/Examples & Extras/Scripts/VertexShakeA.cs using Guid(f7cfa58e417a46ea8889989684c2522e) Importer(2089858483,b0f066a214c2f5e87bad3c948f4d605d) (ScriptedImporter) -> (artifact id: '3b188356ec4241311de29be5322c4cfc') in 0.0103416 seconds
Number of updated asset objects reloaded before import = 0Number of asset objects unloaded after import = 0

========================================================================
Received Import Request.
  Time since last request: 0.000015 seconds.
  path: Assets/TextMesh Pro/Examples & Extras/Scripts/VertexJitter.cs
  artifactKey: Guid(2ed57967c52645d390a89dcf8f61ba73) Importer(2089858483,b0f066a214c2f5e87bad3c948f4d605d)
Start importing Assets/TextMesh Pro/Examples & Extras/Scripts/VertexJitter.cs using Guid(2ed57967c52645d390a89dcf8f61ba73) Importer(2089858483,b0f066a214c2f5e87bad3c948f4d605d) (ScriptedImporter) -> (artifact id: 'fc7009d9f5014283105f3bfdce261b4c') in 0.0092293 seconds
Number of updated asset objects reloaded before import = 0Number of asset objects unloaded after import = 0

========================================================================
Received Import Request.
  Time since last request: 0.000016 seconds.
  path: Assets/TextMesh Pro/Shaders/TMP_SDF-Mobile Masking.shader
  artifactKey: Guid(bc1ede39bf3643ee8e493720e4259791) Importer(2089858483,b0f066a214c2f5e87bad3c948f4d605d)
Start importing Assets/TextMesh Pro/Shaders/TMP_SDF-Mobile Masking.shader using Guid(bc1ede39bf3643ee8e493720e4259791) Importer(2089858483,b0f066a214c2f5e87bad3c948f4d605d) (ScriptedImporter) -> (artifact id: '563ad7ca5410cfe0f728e5309e7625f5') in 0.0125105 seconds
Number of updated asset objects reloaded before import = 0Number of asset objects unloaded after import = 1

========================================================================
Received Import Request.
  Time since last request: 0.000023 seconds.
  path: Assets/Projeto/UI/HUD.uxml
  artifactKey: Guid(b3dabb5addd11134789b84df3d55ec3a) Importer(2089858483,b0f066a214c2f5e87bad3c948f4d605d)
Start importing Assets/Projeto/UI/HUD.uxml using Guid(b3dabb5addd11134789b84df3d55ec3a) Importer(2089858483,b0f066a214c2f5e87bad3c948f4d605d) (ScriptedImporter) -> (artifact id: '9b1716fdc6404183d1f40059ab647b11') in 0.0134154 seconds
Number of updated asset objects reloaded before import = 0Number of asset objects unloaded after import = 2

========================================================================
Received Import Request.
  Time since last request: 0.000016 seconds.
  path: Assets/TextMesh Pro/Examples & Extras/Textures/Floor Cement.jpg
  artifactKey: Guid(283f897e4925411ebbaa758b4cb13fc2) Importer(2089858483,b0f066a214c2f5e87bad3c948f4d605d)
Start importing Assets/TextMesh Pro/Examples & Extras/Textures/Floor Cement.jpg using Guid(283f897e4925411ebbaa758b4cb13fc2) Importer(2089858483,b0f066a214c2f5e87bad3c948f4d605d) (ScriptedImporter) -> (artifact id: '3d135cf9f97914a5053dfc1a678ddb54') in 0.0236519 seconds
Number of updated asset objects reloaded before import = 0Number of asset objects unloaded after import = 1

========================================================================
Received Import Request.
  Time since last request: 0.000026 seconds.
  path: Assets/_header.uss
  artifactKey: Guid(6f69c0d9951b1ee49938a70839bd12ac) Importer(815301076,1909f56bfc062723c751e8b465ee728b)
Start importing Assets/_header.uss using Guid(6f69c0d9951b1ee49938a70839bd12ac) Importer(815301076,1909f56bfc062723c751e8b465ee728b) (PreviewImporter) -> (artifact id: 'd2e2ebb21f4d0ca1e7ad4e01f7cfa95e') in 0.0145722 seconds
Number of updated asset objects reloaded before import = 0Number of asset objects unloaded after import = 1

========================================================================
Received Import Request.
  Time since last request: 0.000022 seconds.
  path: Assets/TextMesh Pro/Shaders/TMP_SDF-Mobile SSD.shader
  artifactKey: Guid(c8d12adcee749c344b8117cf7c7eb912) Importer(2089858483,b0f066a214c2f5e87bad3c948f4d605d)
Start importing Assets/TextMesh Pro/Shaders/TMP_SDF-Mobile SSD.shader using Guid(c8d12adcee749c344b8117cf7c7eb912) Importer(2089858483,b0f066a214c2f5e87bad3c948f4d605d) (ScriptedImporter) -> (artifact id: '06d45641d479970690a577a589736979') in 0.0109586 seconds
Number of updated asset objects reloaded before import = 0Number of asset objects unloaded after import = 1

========================================================================
Received Import Request.
  Time since last request: 0.000014 seconds.
  path: Assets/Projeto/Materials/Materials provisórios/bALCÃO.mat
  artifactKey: Guid(dcebefd3582df4b4cae77c3fe3993e7e) Importer(2089858483,b0f066a214c2f5e87bad3c948f4d605d)
Start importing Assets/Projeto/Materials/Materials provisórios/bALCÃO.mat using Guid(dcebefd3582df4b4cae77c3fe3993e7e) Importer(2089858483,b0f066a214c2f5e87bad3c948f4d605d) (ScriptedImporter) -> (artifact id: '962f7e529dd14545547a40e52acbd74e') in 0.0123578 seconds
Number of updated asset objects reloaded before import = 0Number of asset objects unloaded after import = 1

========================================================================
Received Import Request.
  Time since last request: 0.000016 seconds.
  path: Assets/botaoFechar.uss
  artifactKey: Guid(87de04bd1350c7c40be18c1495207a42) Importer(815301076,1909f56bfc062723c751e8b465ee728b)
Start importing Assets/botaoFechar.uss using Guid(87de04bd1350c7c40be18c1495207a42) Importer(815301076,1909f56bfc062723c751e8b465ee728b) (PreviewImporter) -> (artifact id: '667f6584e3361fd56f9ab55827b709c3') in 0.0012213 seconds
Number of updated asset objects reloaded before import = 0Number of asset objects unloaded after import = 1

========================================================================
Received Import Request.
  Time since last request: 0.000024 seconds.
  path: Assets/TextMesh Pro/Examples & Extras/Textures/Wipe Pattern - Circle.psd
  artifactKey: Guid(10c49fcd9c64421db7c0133e61e55f97) Importer(2089858483,b0f066a214c2f5e87bad3c948f4d605d)
Start importing Assets/TextMesh Pro/Examples & Extras/Textures/Wipe Pattern - Circle.psd using Guid(10c49fcd9c64421db7c0133e61e55f97) Importer(2089858483,b0f066a214c2f5e87bad3c948f4d605d) (ScriptedImporter) -> (artifact id: '3ee9ba434adfd36c0231d9a033ec7337') in 0.0220009 seconds
Number of updated asset objects reloaded before import = 0Number of asset objects unloaded after import = 1

========================================================================
Received Import Request.
  Time since last request: 0.000014 seconds.
  path: Assets/TextMesh Pro/Examples & Extras/Textures/Wipe Pattern - Radial Double.psd
  artifactKey: Guid(7631f4eff8f74ed38eb3eb9db17134e1) Importer(2089858483,b0f066a214c2f5e87bad3c948f4d605d)
Start importing Assets/TextMesh Pro/Examples & Extras/Textures/Wipe Pattern - Radial Double.psd using Guid(7631f4eff8f74ed38eb3eb9db17134e1) Importer(2089858483,b0f066a214c2f5e87bad3c948f4d605d) (ScriptedImporter) -> (artifact id: '64efe97a19175beb9dce72b6f573ab2e') in 0.0223844 seconds
Number of updated asset objects reloaded before import = 0Number of asset objects unloaded after import = 1

========================================================================
Received Import Request.
  Time since last request: 0.000017 seconds.
  path: Assets/TextMesh Pro/Examples & Extras/Scenes/18 - ScrollRect & Masking & Layout.unity
  artifactKey: Guid(03f9d74cec8e4b94a29d2dfd177c821b) Importer(2089858483,b0f066a214c2f5e87bad3c948f4d605d)
Start importing Assets/TextMesh Pro/Examples & Extras/Scenes/18 - ScrollRect & Masking & Layout.unity using Guid(03f9d74cec8e4b94a29d2dfd177c821b) Importer(2089858483,b0f066a214c2f5e87bad3c948f4d605d) (ScriptedImporter) -> (artifact id: '20892e21a306c4a4332c0824b2488829') in 0.0136309 seconds
Number of updated asset objects reloaded before import = 0Number of asset objects unloaded after import = 1

========================================================================
Received Import Request.
  Time since last request: 0.000025 seconds.
  path: Assets/Projeto/UI/Game_HUD/Game_HUD.asset
  artifactKey: Guid(db0533b7bd51eea4a872ce974a630543) Importer(2089858483,b0f066a214c2f5e87bad3c948f4d605d)
Start importing Assets/Projeto/UI/Game_HUD/Game_HUD.asset using Guid(db0533b7bd51eea4a872ce974a630543) Importer(2089858483,b0f066a214c2f5e87bad3c948f4d605d) (ScriptedImporter) -> (artifact id: '6e85d224c2cceb0f42ab1ef7e0cb528e') in 0.0326593 seconds
Number of updated asset objects reloaded before import = 0Number of asset objects unloaded after import = 29

========================================================================
Received Import Request.
  Time since last request: 0.000015 seconds.
  path: Assets/UI Toolkit/PanelSettings.asset
  artifactKey: Guid(7cee66ac7524adc4197d093d44809dcc) Importer(2089858483,b0f066a214c2f5e87bad3c948f4d605d)
Start importing Assets/UI Toolkit/PanelSettings.asset using Guid(7cee66ac7524adc4197d093d44809dcc) Importer(2089858483,b0f066a214c2f5e87bad3c948f4d605d) (ScriptedImporter) -> (artifact id: 'c297c9ea0de754e8fb0b47700fed850a') in 0.0175452 seconds
Number of updated asset objects reloaded before import = 0Number of asset objects unloaded after import = 29

========================================================================
Received Import Request.
  Time since last request: 0.000019 seconds.
  path: Assets/TextMesh Pro/Examples & Extras/Scenes/05 - Style Tags.unity
  artifactKey: Guid(70615243e2be4a81afaab9bf5d273d65) Importer(2089858483,b0f066a214c2f5e87bad3c948f4d605d)
Start importing Assets/TextMesh Pro/Examples & Extras/Scenes/05 - Style Tags.unity using Guid(70615243e2be4a81afaab9bf5d273d65) Importer(2089858483,b0f066a214c2f5e87bad3c948f4d605d) (ScriptedImporter) -> (artifact id: '66ceb95ece6557044e8d73f649bf3222') in 0.0172357 seconds
Number of updated asset objects reloaded before import = 0Number of asset objects unloaded after import = 1

========================================================================
Received Import Request.
  Time since last request: 0.000025 seconds.
  path: Assets/Settings/HDRPDefaultResources/DefaultLookDevProfile.asset
  artifactKey: Guid(4594f4a3fb14247e192bcca6dc23c8ed) Importer(2089858483,b0f066a214c2f5e87bad3c948f4d605d)
Start importing Assets/Settings/HDRPDefaultResources/DefaultLookDevProfile.asset using Guid(4594f4a3fb14247e192bcca6dc23c8ed) Importer(2089858483,b0f066a214c2f5e87bad3c948f4d605d) (ScriptedImporter) -> (artifact id: '0ec9c75f210505e46c882cedb2566af9') in 0.0117065 seconds
Number of updated asset objects reloaded before import = 0Number of asset objects unloaded after import = 0

========================================================================
Received Import Request.
  Time since last request: 0.000015 seconds.
  path: Assets/TextMesh Pro/Shaders/TMP_SDF-Surface-Mobile.shader
  artifactKey: Guid(85187c2149c549c5b33f0cdb02836b17) Importer(2089858483,b0f066a214c2f5e87bad3c948f4d605d)
Start importing Assets/TextMesh Pro/Shaders/TMP_SDF-Surface-Mobile.shader using Guid(85187c2149c549c5b33f0cdb02836b17) Importer(2089858483,b0f066a214c2f5e87bad3c948f4d605d) (ScriptedImporter) -> (artifact id: 'bb5af23ddf6b3894c341263b0ce968a8') in 0.0107728 seconds
Number of updated asset objects reloaded before import = 0Number of asset objects unloaded after import = 1

========================================================================
Received Import Request.
  Time since last request: 0.000015 seconds.
  path: Assets/Projeto/Assets/Henrique/Personagens/Líriope doppel Texturizado.fbx
  artifactKey: Guid(c6186c32be5210d469c7fb861906d99d) Importer(2089858483,b0f066a214c2f5e87bad3c948f4d605d)
Start importing Assets/Projeto/Assets/Henrique/Personagens/Líriope doppel Texturizado.fbx using Guid(c6186c32be5210d469c7fb861906d99d) Importer(2089858483,b0f066a214c2f5e87bad3c948f4d605d) (ScriptedImporter) -> (artifact id: '58a93baea6b1b9a240a764cda23733b8') in 0.0354799 seconds
Number of updated asset objects reloaded before import = 0Number of asset objects unloaded after import = 79

========================================================================
Received Import Request.
  Time since last request: 0.000024 seconds.
  path: Assets/Projeto/Assets/Guilherme/Barra de carregar/loadVid.renderTexture
  artifactKey: Guid(98a74be2ecbe543488993d9dc6f24d94) Importer(2089858483,b0f066a214c2f5e87bad3c948f4d605d)
Start importing Assets/Projeto/Assets/Guilherme/Barra de carregar/loadVid.renderTexture using Guid(98a74be2ecbe543488993d9dc6f24d94) Importer(2089858483,b0f066a214c2f5e87bad3c948f4d605d) (ScriptedImporter) -> (artifact id: 'a91a36a8748d264c4e7f89a0eea63a84') in 0.0210258 seconds
Number of updated asset objects reloaded before import = 0Number of asset objects unloaded after import = 1

========================================================================
Received Import Request.
  Time since last request: 0.000015 seconds.
  path: Assets/TextMesh Pro/Examples & Extras/Fonts/Oswald-Bold - OFL.txt
  artifactKey: Guid(d2cf87a8a7a94aa8b80dff1c807c1178) Importer(2089858483,b0f066a214c2f5e87bad3c948f4d605d)
Start importing Assets/TextMesh Pro/Examples & Extras/Fonts/Oswald-Bold - OFL.txt using Guid(d2cf87a8a7a94aa8b80dff1c807c1178) Importer(2089858483,b0f066a214c2f5e87bad3c948f4d605d) (ScriptedImporter) -> (artifact id: 'dbe0c2b694ab2f1214da8405f67b727d') in 0.0127657 seconds
Number of updated asset objects reloaded before import = 0Number of asset objects unloaded after import = 1

========================================================================
Received Import Request.
  Time since last request: 0.000015 seconds.
  path: Assets/Projeto/Assets/Guilherme/Barra de carregar/0001-0026.mp4
  artifactKey: Guid(c2f2314785918439cb215c1675a92d26) Importer(2089858483,b0f066a214c2f5e87bad3c948f4d605d)
Start importing Assets/Projeto/Assets/Guilherme/Barra de carregar/0001-0026.mp4 using Guid(c2f2314785918439cb215c1675a92d26) Importer(2089858483,b0f066a214c2f5e87bad3c948f4d605d) (ScriptedImporter) -> (artifact id: '9e663c6ddcbc52a774a9b0007b28d691') in 0.0162042 seconds
Number of updated asset objects reloaded before import = 0Number of asset objects unloaded after import = 1

========================================================================
Received Import Request.
  Time since last request: 0.000023 seconds.
  path: Assets/TextMesh Pro/Examples & Extras/Sprites/DropCap Numbers.psd
  artifactKey: Guid(fd09957580ac4326916010f1f260975b) Importer(2089858483,b0f066a214c2f5e87bad3c948f4d605d)
Start importing Assets/TextMesh Pro/Examples & Extras/Sprites/DropCap Numbers.psd using Guid(fd09957580ac4326916010f1f260975b) Importer(2089858483,b0f066a214c2f5e87bad3c948f4d605d) (ScriptedImporter) -> (artifact id: 'fae35d334dd1105faaa8e4f114ab61a7') in 0.0163284 seconds
Number of updated asset objects reloaded before import = 0Number of asset objects unloaded after import = 1

========================================================================
Received Import Request.
  Time since last request: 0.000018 seconds.
  path: Assets/Projeto/Assets/Torres/fONTS/Super Squad.otf
  artifactKey: Guid(bd709fb5bfac1b64181422d14bd30f49) Importer(2089858483,b0f066a214c2f5e87bad3c948f4d605d)
Start importing Assets/Projeto/Assets/Torres/fONTS/Super Squad.otf using Guid(bd709fb5bfac1b64181422d14bd30f49) Importer(2089858483,b0f066a214c2f5e87bad3c948f4d605d) (ScriptedImporter) -> (artifact id: '3081ef9046911ad695422ca3aaeca9b9') in 0.0121795 seconds
Number of updated asset objects reloaded before import = 0Number of asset objects unloaded after import = 3

========================================================================
Received Import Request.
  Time since last request: 0.000017 seconds.
  path: Assets/TextMesh Pro/Examples & Extras/Scenes/17 - Old Computer Terminal.unity
  artifactKey: Guid(3e2e4d7b0bed4cf9ab827e9f32448f69) Importer(2089858483,b0f066a214c2f5e87bad3c948f4d605d)
Start importing Assets/TextMesh Pro/Examples & Extras/Scenes/17 - Old Computer Terminal.unity using Guid(3e2e4d7b0bed4cf9ab827e9f32448f69) Importer(2089858483,b0f066a214c2f5e87bad3c948f4d605d) (ScriptedImporter) -> (artifact id: '083f2026f543db6689a43d2c6e035ef5') in 0.0115748 seconds
Number of updated asset objects reloaded before import = 0Number of asset objects unloaded after import = 1

========================================================================
Received Import Request.
  Time since last request: 0.000025 seconds.
  path: Assets/Readme.asset
  artifactKey: Guid(7f2c382dc2c22446db59030979f6e495) Importer(2089858483,b0f066a214c2f5e87bad3c948f4d605d)
Start importing Assets/Readme.asset using Guid(7f2c382dc2c22446db59030979f6e495) Importer(2089858483,b0f066a214c2f5e87bad3c948f4d605d) (ScriptedImporter) -> (artifact id: 'e2936b04437e9abae25ec20624aeb075') in 0.0137856 seconds
Number of updated asset objects reloaded before import = 0Number of asset objects unloaded after import = 2

========================================================================
Received Import Request.
  Time since last request: 0.000015 seconds.
  path: Assets/Projeto/Assets/Torres/placeholders/fundo.png
  artifactKey: Guid(141a9c28e48c80e4c902923638604e16) Importer(2089858483,b0f066a214c2f5e87bad3c948f4d605d)
Start importing Assets/Projeto/Assets/Torres/placeholders/fundo.png using Guid(141a9c28e48c80e4c902923638604e16) Importer(2089858483,b0f066a214c2f5e87bad3c948f4d605d) (ScriptedImporter) -> (artifact id: '4665f3285fdb947fcfb163657e4c0e69') in 0.0157945 seconds
Number of updated asset objects reloaded before import = 0Number of asset objects unloaded after import = 3

========================================================================
Received Import Request.
  Time since last request: 0.000017 seconds.
  path: Assets/Projeto/Assets/Torres/placeholders/placeholder 1.png
  artifactKey: Guid(ee1afd58bafe2c04880b7e239a57586f) Importer(2089858483,b0f066a214c2f5e87bad3c948f4d605d)
Start importing Assets/Projeto/Assets/Torres/placeholders/placeholder 1.png using Guid(ee1afd58bafe2c04880b7e239a57586f) Importer(2089858483,b0f066a214c2f5e87bad3c948f4d605d) (ScriptedImporter) -> (artifact id: '8557372d03cc8e421b00813cd752e489') in 0.0147456 seconds
Number of updated asset objects reloaded before import = 0Number of asset objects unloaded after import = 3

========================================================================
Received Import Request.
  Time since last request: 0.000024 seconds.
  path: Assets/Projeto/Assets/Torres/placeholders/images.jpg
  artifactKey: Guid(35c9d8093ec2e604e98c0dcbb30e32ef) Importer(2089858483,b0f066a214c2f5e87bad3c948f4d605d)
Start importing Assets/Projeto/Assets/Torres/placeholders/images.jpg using Guid(35c9d8093ec2e604e98c0dcbb30e32ef) Importer(2089858483,b0f066a214c2f5e87bad3c948f4d605d) (ScriptedImporter) -> (artifact id: 'f1ebaaec8502c25555398cc3ab35487c') in 0.0171712 seconds
Number of updated asset objects reloaded before import = 0Number of asset objects unloaded after import = 3

========================================================================
Received Import Request.
  Time since last request: 0.000016 seconds.
  path: Assets/Projeto/Assets/Torres/placeholders/placeholder2.png
  artifactKey: Guid(7fdaec9e2d7ce44418fd1baaf3282d9a) Importer(2089858483,b0f066a214c2f5e87bad3c948f4d605d)
Start importing Assets/Projeto/Assets/Torres/placeholders/placeholder2.png using Guid(7fdaec9e2d7ce44418fd1baaf3282d9a) Importer(2089858483,b0f066a214c2f5e87bad3c948f4d605d) (ScriptedImporter) -> (artifact id: '7ac271a77208567978a3a16d7d2582a9') in 0.014992 seconds
Number of updated asset objects reloaded before import = 0Number of asset objects unloaded after import = 3

========================================================================
Received Import Request.
  Time since last request: 0.000016 seconds.
  path: Assets/TextMesh Pro/Examples & Extras/Scripts/Benchmark04.cs
  artifactKey: Guid(dc20866c0d5e413ab7559440e15333ae) Importer(2089858483,b0f066a214c2f5e87bad3c948f4d605d)
Start importing Assets/TextMesh Pro/Examples & Extras/Scripts/Benchmark04.cs using Guid(dc20866c0d5e413ab7559440e15333ae) Importer(2089858483,b0f066a214c2f5e87bad3c948f4d605d) (ScriptedImporter) -> (artifact id: 'e1c6bcc91011a53716d185fd01973373') in 0.0100788 seconds
Number of updated asset objects reloaded before import = 0Number of asset objects unloaded after import = 0

========================================================================
Received Import Request.
  Time since last request: 0.000022 seconds.
  path: Assets/TextMesh Pro/Examples & Extras/Fonts/Oswald-Bold.ttf
  artifactKey: Guid(c9f6d0e7bc8541498c9a4799ba184ede) Importer(2089858483,b0f066a214c2f5e87bad3c948f4d605d)
Start importing Assets/TextMesh Pro/Examples & Extras/Fonts/Oswald-Bold.ttf using Guid(c9f6d0e7bc8541498c9a4799ba184ede) Importer(2089858483,b0f066a214c2f5e87bad3c948f4d605d) (ScriptedImporter) -> (artifact id: 'e01c553a8e1c5524cf2a61a3eff1dc46') in 0.0121791 seconds
Number of updated asset objects reloaded before import = 0Number of asset objects unloaded after import = 3

========================================================================
Received Import Request.
  Time since last request: 0.000015 seconds.
  path: Assets/TutorialInfo/Scripts/Editor/ReadmeEditor.cs
  artifactKey: Guid(476cc7d7cd9874016adc216baab94a0a) Importer(2089858483,b0f066a214c2f5e87bad3c948f4d605d)
Start importing Assets/TutorialInfo/Scripts/Editor/ReadmeEditor.cs using Guid(476cc7d7cd9874016adc216baab94a0a) Importer(2089858483,b0f066a214c2f5e87bad3c948f4d605d) (ScriptedImporter) -> (artifact id: 'fdff29580c0e182af5d44fd01dc1349b') in 0.0109644 seconds
Number of updated asset objects reloaded before import = 0Number of asset objects unloaded after import = 0

========================================================================
Received Import Request.
  Time since last request: 0.000018 seconds.
  path: Assets/TextMesh Pro/Examples & Extras/Textures/Text Overflow - Linked Text UI Screenshot.png
  artifactKey: Guid(c76d18757a194d618355f05f815cb0a1) Importer(2089858483,b0f066a214c2f5e87bad3c948f4d605d)
Start importing Assets/TextMesh Pro/Examples & Extras/Textures/Text Overflow - Linked Text UI Screenshot.png using Guid(c76d18757a194d618355f05f815cb0a1) Importer(2089858483,b0f066a214c2f5e87bad3c948f4d605d) (ScriptedImporter) -> (artifact id: '97a92c6a027068d6cb951d88f1f98de1') in 0.021979 seconds
Number of updated asset objects reloaded before import = 0Number of asset objects unloaded after import = 1

========================================================================
Received Import Request.
  Time since last request: 0.000023 seconds.
  path: Assets/TextMesh Pro/Resources/Sprite Assets/EmojiOne.asset
  artifactKey: Guid(c41005c129ba4d66911b75229fd70b45) Importer(2089858483,b0f066a214c2f5e87bad3c948f4d605d)
Start importing Assets/TextMesh Pro/Resources/Sprite Assets/EmojiOne.asset using Guid(c41005c129ba4d66911b75229fd70b45) Importer(2089858483,b0f066a214c2f5e87bad3c948f4d605d) (ScriptedImporter) -> (artifact id: '035492049dc8f066de9b0dfe8121c7d1') in 0.0146356 seconds
Number of updated asset objects reloaded before import = 0Number of asset objects unloaded after import = 3

========================================================================
Received Import Request.
  Time since last request: 0.000014 seconds.
  path: Assets/Projeto/Materials/Materials provisórios/Escada.mat
  artifactKey: Guid(98f1212824a13d5408d9df88812c1277) Importer(2089858483,b0f066a214c2f5e87bad3c948f4d605d)
Start importing Assets/Projeto/Materials/Materials provisórios/Escada.mat using Guid(98f1212824a13d5408d9df88812c1277) Importer(2089858483,b0f066a214c2f5e87bad3c948f4d605d) (ScriptedImporter) -> (artifact id: 'cd6b1bfb9435587c38c4179f21410c79') in 0.0125206 seconds
Number of updated asset objects reloaded before import = 0Number of asset objects unloaded after import = 1

========================================================================
Received Import Request.
  Time since last request: 0.000016 seconds.
  path: Assets/Projeto/Scena/Primeiro Mapa/Cadeia_Dentro/Global Volume Profile.asset
  artifactKey: Guid(cd783859eab2239449419f24389cf9dc) Importer(2089858483,b0f066a214c2f5e87bad3c948f4d605d)
Start importing Assets/Projeto/Scena/Primeiro Mapa/Cadeia_Dentro/Global Volume Profile.asset using Guid(cd783859eab2239449419f24389cf9dc) Importer(2089858483,b0f066a214c2f5e87bad3c948f4d605d) (ScriptedImporter) -> (artifact id: '9e2bdf7f1a8ed7ec3e7fcc76cc7392ee') in 0.0103457 seconds
Number of updated asset objects reloaded before import = 0Number of asset objects unloaded after import = 2

========================================================================
Received Import Request.
  Time since last request: 0.000023 seconds.
  path: Assets/Projeto/Materials/Materials provisórios/parede ney/texture_parede_Normal.png
  artifactKey: Guid(0e8e240a630fd49ad943e8f378727342) Importer(2089858483,b0f066a214c2f5e87bad3c948f4d605d)
Start importing Assets/Projeto/Materials/Materials provisórios/parede ney/texture_parede_Normal.png using Guid(0e8e240a630fd49ad943e8f378727342) Importer(2089858483,b0f066a214c2f5e87bad3c948f4d605d) (ScriptedImporter) -> (artifact id: '33a7f8cfce0276da1db8f14c2ca48573') in 0.0142258 seconds
Number of updated asset objects reloaded before import = 0Number of asset objects unloaded after import = 1

========================================================================
Received Import Request.
  Time since last request: 0.000014 seconds.
  path: Assets/Projeto/UI/ControladorUI.cs
  artifactKey: Guid(fca9e3b8953794f48af3873161804e46) Importer(2089858483,b0f066a214c2f5e87bad3c948f4d605d)
Start importing Assets/Projeto/UI/ControladorUI.cs using Guid(fca9e3b8953794f48af3873161804e46) Importer(2089858483,b0f066a214c2f5e87bad3c948f4d605d) (ScriptedImporter) -> (artifact id: '630f8b1e9bb2a7365b6b8cfe3761d5ad') in 0.0099441 seconds
Number of updated asset objects reloaded before import = 0Number of asset objects unloaded after import = 0

========================================================================
Received Import Request.
  Time since last request: 0.000017 seconds.
  path: Assets/Projeto/Scripts/Player/PlayerCamera.cs
  artifactKey: Guid(d10e45a0079543f44a1dafa27e092eac) Importer(2089858483,b0f066a214c2f5e87bad3c948f4d605d)
Start importing Assets/Projeto/Scripts/Player/PlayerCamera.cs using Guid(d10e45a0079543f44a1dafa27e092eac) Importer(2089858483,b0f066a214c2f5e87bad3c948f4d605d) (ScriptedImporter) -> (artifact id: 'b50e180f8f1545f2b0dd93af9c5872ed') in 0.0558689 seconds
Number of updated asset objects reloaded before import = 0Number of asset objects unloaded after import = 0

========================================================================
Received Import Request.
  Time since last request: 0.000026 seconds.
  path: Assets/Projeto/Scripts/Rede/Teste/NetworkCommandLine.cs
  artifactKey: Guid(89c0e78215ab58f4ea18fa938b7e14e1) Importer(2089858483,b0f066a214c2f5e87bad3c948f4d605d)
Start importing Assets/Projeto/Scripts/Rede/Teste/NetworkCommandLine.cs using Guid(89c0e78215ab58f4ea18fa938b7e14e1) Importer(2089858483,b0f066a214c2f5e87bad3c948f4d605d) (ScriptedImporter) -> (artifact id: 'd452e3e64b644effd188d23de9c7367c') in 0.0127852 seconds
Number of updated asset objects reloaded before import = 0Number of asset objects unloaded after import = 0

========================================================================
Received Import Request.
  Time since last request: 0.000016 seconds.
  path: Assets/TextMesh Pro/Sprites/EmojiOne.png
  artifactKey: Guid(dffef66376be4fa480fb02b19edbe903) Importer(2089858483,b0f066a214c2f5e87bad3c948f4d605d)
Start importing Assets/TextMesh Pro/Sprites/EmojiOne.png using Guid(dffef66376be4fa480fb02b19edbe903) Importer(2089858483,b0f066a214c2f5e87bad3c948f4d605d) (ScriptedImporter) -> (artifact id: '6ef4687bb6a447b00fda487a73830df3') in 0.0126226 seconds
Number of updated asset objects reloaded before import = 0Number of asset objects unloaded after import = 1

========================================================================
Received Import Request.
  Time since last request: 0.000018 seconds.
  path: Assets/TextMesh Pro/Resources/Style Sheets/Default Style Sheet.asset
  artifactKey: Guid(f952c082cb03451daed3ee968ac6c63e) Importer(2089858483,b0f066a214c2f5e87bad3c948f4d605d)
Start importing Assets/TextMesh Pro/Resources/Style Sheets/Default Style Sheet.asset using Guid(f952c082cb03451daed3ee968ac6c63e) Importer(2089858483,b0f066a214c2f5e87bad3c948f4d605d) (ScriptedImporter) -> (artifact id: 'bf26d5b5c0da0dbacab1f07de8f88d0c') in 0.0104547 seconds
Number of updated asset objects reloaded before import = 0Number of asset objects unloaded after import = 1

========================================================================
Received Import Request.
  Time since last request: 0.000033 seconds.
  path: Assets/Projeto/Assets/Torres/fONTS/Super Squad Italic.otf
  artifactKey: Guid(802fa143c290a2647af6f8322d9af4ac) Importer(2089858483,b0f066a214c2f5e87bad3c948f4d605d)
Start importing Assets/Projeto/Assets/Torres/fONTS/Super Squad Italic.otf using Guid(802fa143c290a2647af6f8322d9af4ac) Importer(2089858483,b0f066a214c2f5e87bad3c948f4d605d) (ScriptedImporter) -> (artifact id: 'bb31787e62b723ed9046377abcc65cb5') in 0.0109639 seconds
Number of updated asset objects reloaded before import = 0Number of asset objects unloaded after import = 3

========================================================================
Received Import Request.
  Time since last request: 0.000015 seconds.
  path: Assets/TextMesh Pro/Examples & Extras/Resources/Color Gradient Presets/Dark to Light Green - Vertical.asset
  artifactKey: Guid(4c86a3366cd840348ebe8dc438570ee4) Importer(2089858483,b0f066a214c2f5e87bad3c948f4d605d)
Start importing Assets/TextMesh Pro/Examples & Extras/Resources/Color Gradient Presets/Dark to Light Green - Vertical.asset using Guid(4c86a3366cd840348ebe8dc438570ee4) Importer(2089858483,b0f066a214c2f5e87bad3c948f4d605d) (ScriptedImporter) -> (artifact id: 'aabe2213d5181e667ad2047154aa9592') in 0.0118314 seconds
Number of updated asset objects reloaded before import = 0Number of asset objects unloaded after import = 1

========================================================================
Received Import Request.
  Time since last request: 0.000017 seconds.
  path: Assets/TextMesh Pro/Examples & Extras/Resources/Color Gradient Presets/Light to Dark Green - Vertical.asset
  artifactKey: Guid(5cf8ae092ca54931b443bec5148f3c59) Importer(2089858483,b0f066a214c2f5e87bad3c948f4d605d)
Start importing Assets/TextMesh Pro/Examples & Extras/Resources/Color Gradient Presets/Light to Dark Green - Vertical.asset using Guid(5cf8ae092ca54931b443bec5148f3c59) Importer(2089858483,b0f066a214c2f5e87bad3c948f4d605d) (ScriptedImporter) -> (artifact id: 'b5848f694f4053737b01793b178770d9') in 0.0107514 seconds
Number of updated asset objects reloaded before import = 0Number of asset objects unloaded after import = 1

========================================================================
Received Import Request.
  Time since last request: 0.000024 seconds.
  path: Assets/TextMesh Pro/Examples & Extras/Resources/Fonts & Materials/Anton SDF - Outline.mat
  artifactKey: Guid(a00013af81304728b2be1f4309ee2433) Importer(2089858483,b0f066a214c2f5e87bad3c948f4d605d)
Start importing Assets/TextMesh Pro/Examples & Extras/Resources/Fonts & Materials/Anton SDF - Outline.mat using Guid(a00013af81304728b2be1f4309ee2433) Importer(2089858483,b0f066a214c2f5e87bad3c948f4d605d) (ScriptedImporter) -> (artifact id: '438d056b19bdf78f63432af871545869') in 0.0138432 seconds
Number of updated asset objects reloaded before import = 0Number of asset objects unloaded after import = 2

========================================================================
Received Import Request.
  Time since last request: 0.000015 seconds.
  path: Assets/Projeto/Scripts/Rede/Teste/TestePlayer.cs
  artifactKey: Guid(5253569d295e8d54c937cff948ac12ce) Importer(2089858483,b0f066a214c2f5e87bad3c948f4d605d)
Start importing Assets/Projeto/Scripts/Rede/Teste/TestePlayer.cs using Guid(5253569d295e8d54c937cff948ac12ce) Importer(2089858483,b0f066a214c2f5e87bad3c948f4d605d) (ScriptedImporter) -> (artifact id: '1355a7e6954ebdd277fa6e714d747922') in 0.009236 seconds
Number of updated asset objects reloaded before import = 0Number of asset objects unloaded after import = 0

========================================================================
Received Import Request.
  Time since last request: 0.000020 seconds.
  path: Assets/TextMesh Pro/Examples & Extras/Scripts/VertexColorCycler.cs
  artifactKey: Guid(91b8ba3d52e041fab2d0e0f169855539) Importer(2089858483,b0f066a214c2f5e87bad3c948f4d605d)
Start importing Assets/TextMesh Pro/Examples & Extras/Scripts/VertexColorCycler.cs using Guid(91b8ba3d52e041fab2d0e0f169855539) Importer(2089858483,b0f066a214c2f5e87bad3c948f4d605d) (ScriptedImporter) -> (artifact id: '0cbf0f0000c9da940dc02cf1d8743ad2') in 0.0101527 seconds
Number of updated asset objects reloaded before import = 0Number of asset objects unloaded after import = 0

========================================================================
Received Import Request.
  Time since last request: 0.000028 seconds.
  path: Assets/TextMesh Pro/Examples & Extras/Resources/Fonts & Materials/Bangers SDF - Drop Shadow.mat
  artifactKey: Guid(f2dcf029949142e28b974630369c8b4e) Importer(2089858483,b0f066a214c2f5e87bad3c948f4d605d)
Start importing Assets/TextMesh Pro/Examples & Extras/Resources/Fonts & Materials/Bangers SDF - Drop Shadow.mat using Guid(f2dcf029949142e28b974630369c8b4e) Importer(2089858483,b0f066a214c2f5e87bad3c948f4d605d) (ScriptedImporter) -> (artifact id: '9e7bd4c6fb91d0a243d1095aad51b383') in 0.0126105 seconds
Number of updated asset objects reloaded before import = 0Number of asset objects unloaded after import = 2

========================================================================
Received Import Request.
  Time since last request: 0.000019 seconds.
  path: Assets/TextMesh Pro/Examples & Extras/Resources/Fonts & Materials/Bangers SDF Logo - URP.mat
  artifactKey: Guid(6751ce1a4611b3940812c13a6847d94f) Importer(2089858483,b0f066a214c2f5e87bad3c948f4d605d)
Start importing Assets/TextMesh Pro/Examples & Extras/Resources/Fonts & Materials/Bangers SDF Logo - URP.mat using Guid(6751ce1a4611b3940812c13a6847d94f) Importer(2089858483,b0f066a214c2f5e87bad3c948f4d605d) (ScriptedImporter) -> (artifact id: 'e862ab38053d831e5102592ebd71be8a') in 0.013774 seconds
Number of updated asset objects reloaded before import = 0Number of asset objects unloaded after import = 5

========================================================================
Received Import Request.
  Time since last request: 0.000022 seconds.
  path: Assets/Projeto/Assets/Torres/Sons/sound-1.mp3
  artifactKey: Guid(991e4b5e8734d7743b9c3d5bb9f99b9d) Importer(2089858483,b0f066a214c2f5e87bad3c948f4d605d)
Start importing Assets/Projeto/Assets/Torres/Sons/sound-1.mp3 using Guid(991e4b5e8734d7743b9c3d5bb9f99b9d) Importer(2089858483,b0f066a214c2f5e87bad3c948f4d605d) (ScriptedImporter) -> (artifact id: '42d885078bf7e8f69a667c3f790bcf51') in 0.0279364 seconds
Number of updated asset objects reloaded before import = 0Number of asset objects unloaded after import = 1

========================================================================
Received Import Request.
  Time since last request: 0.000028 seconds.
  path: Assets/TextMesh Pro/Examples & Extras/Resources/Fonts & Materials/Anton SDF - Sunny Days.mat
  artifactKey: Guid(6522f30e342599e4e9dd4cc2cc03c830) Importer(2089858483,b0f066a214c2f5e87bad3c948f4d605d)
Start importing Assets/TextMesh Pro/Examples & Extras/Resources/Fonts & Materials/Anton SDF - Sunny Days.mat using Guid(6522f30e342599e4e9dd4cc2cc03c830) Importer(2089858483,b0f066a214c2f5e87bad3c948f4d605d) (ScriptedImporter) -> (artifact id: '833edbf11c2412792e7cb720ecfee268') in 0.0200635 seconds
Number of updated asset objects reloaded before import = 0Number of asset objects unloaded after import = 4

========================================================================
Received Import Request.
  Time since last request: 0.000017 seconds.
  path: Assets/TextMesh Pro/Examples & Extras/Resources/Fonts & Materials/Bangers SDF - Outline.mat
  artifactKey: Guid(f629c6e43dba4bf38cb74d8860150664) Importer(2089858483,b0f066a214c2f5e87bad3c948f4d605d)
Start importing Assets/TextMesh Pro/Examples & Extras/Resources/Fonts & Materials/Bangers SDF - Outline.mat using Guid(f629c6e43dba4bf38cb74d8860150664) Importer(2089858483,b0f066a214c2f5e87bad3c948f4d605d) (ScriptedImporter) -> (artifact id: 'dcbb527c4f04453359c1a8691be0862d') in 0.0124684 seconds
Number of updated asset objects reloaded before import = 0Number of asset objects unloaded after import = 2

========================================================================
Received Import Request.
  Time since last request: 0.000021 seconds.
  path: Assets/TextMesh Pro/Examples & Extras/Resources/Fonts & Materials/LiberationSans SDF - Overlay.mat
  artifactKey: Guid(9ad269c99dcf42b7aedefd83dd5a7b9d) Importer(2089858483,b0f066a214c2f5e87bad3c948f4d605d)
Start importing Assets/TextMesh Pro/Examples & Extras/Resources/Fonts & Materials/LiberationSans SDF - Overlay.mat using Guid(9ad269c99dcf42b7aedefd83dd5a7b9d) Importer(2089858483,b0f066a214c2f5e87bad3c948f4d605d) (ScriptedImporter) -> (artifact id: '7349acf731372e4b952b40e7afa3c82b') in 0.0156158 seconds
Number of updated asset objects reloaded before import = 0Number of asset objects unloaded after import = 2

========================================================================
Received Import Request.
  Time since last request: 0.000026 seconds.
  path: Assets/TextMesh Pro/Examples & Extras/Resources/Fonts & Materials/Roboto-Bold SDF - URP.mat
  artifactKey: Guid(90722b8bd74d9aa49958562aff7bdf76) Importer(2089858483,b0f066a214c2f5e87bad3c948f4d605d)
Start importing Assets/TextMesh Pro/Examples & Extras/Resources/Fonts & Materials/Roboto-Bold SDF - URP.mat using Guid(90722b8bd74d9aa49958562aff7bdf76) Importer(2089858483,b0f066a214c2f5e87bad3c948f4d605d) (ScriptedImporter) -> (artifact id: '8546c565e830f512c3d74bf2fdd5fe22') in 0.0138258 seconds
Number of updated asset objects reloaded before import = 0Number of asset objects unloaded after import = 3

========================================================================
Received Import Request.
  Time since last request: 0.000014 seconds.
  path: Assets/TextMesh Pro/Examples & Extras/Resources/Fonts & Materials/LiberationSans SDF - Soft Mask.mat
  artifactKey: Guid(42df1c7856584b6b8db9a509b6b10074) Importer(2089858483,b0f066a214c2f5e87bad3c948f4d605d)
Start importing Assets/TextMesh Pro/Examples & Extras/Resources/Fonts & Materials/LiberationSans SDF - Soft Mask.mat using Guid(42df1c7856584b6b8db9a509b6b10074) Importer(2089858483,b0f066a214c2f5e87bad3c948f4d605d) (ScriptedImporter) -> (artifact id: '111364a88bac48345407385e52560c80') in 0.0182745 seconds
Number of updated asset objects reloaded before import = 0Number of asset objects unloaded after import = 3

========================================================================
Received Import Request.
  Time since last request: 0.000019 seconds.
  path: Assets/Projeto/Assets/Torres/Sons/sound-15_01.mp3
  artifactKey: Guid(ce18ca9ae00a9ca43a9d430ed8b50a95) Importer(2089858483,b0f066a214c2f5e87bad3c948f4d605d)
Start importing Assets/Projeto/Assets/Torres/Sons/sound-15_01.mp3 using Guid(ce18ca9ae00a9ca43a9d430ed8b50a95) Importer(2089858483,b0f066a214c2f5e87bad3c948f4d605d) (ScriptedImporter) -> (artifact id: '7a955315821ac9366f2af0410beefc29') in 0.026992 seconds
Number of updated asset objects reloaded before import = 0Number of asset objects unloaded after import = 1

========================================================================
Received Import Request.
  Time since last request: 0.000024 seconds.
  path: Assets/TextMesh Pro/Examples & Extras/Resources/Color Gradient Presets/Blue to Purple - Vertical.asset
  artifactKey: Guid(479a66fa4b094512a62b0a8e553ad95a) Importer(2089858483,b0f066a214c2f5e87bad3c948f4d605d)
Start importing Assets/TextMesh Pro/Examples & Extras/Resources/Color Gradient Presets/Blue to Purple - Vertical.asset using Guid(479a66fa4b094512a62b0a8e553ad95a) Importer(2089858483,b0f066a214c2f5e87bad3c948f4d605d) (ScriptedImporter) -> (artifact id: '202cafa883ab7bb14f75add55747613d') in 0.011613 seconds
Number of updated asset objects reloaded before import = 0Number of asset objects unloaded after import = 1

========================================================================
Received Import Request.
  Time since last request: 0.000014 seconds.
  path: Assets/Projeto/Assets/Guilherme/personagens/Baiana/Macabea do mal.fbx
  artifactKey: Guid(ee59589666d814899bf2bd0a3e66a112) Importer(2089858483,b0f066a214c2f5e87bad3c948f4d605d)
Start importing Assets/Projeto/Assets/Guilherme/personagens/Baiana/Macabea do mal.fbx using Guid(ee59589666d814899bf2bd0a3e66a112) Importer(2089858483,b0f066a214c2f5e87bad3c948f4d605d) (ScriptedImporter) -> (artifact id: 'c65db0a3955eebe76c1a57dd99c295bd') in 0.0198675 seconds
Number of updated asset objects reloaded before import = 0Number of asset objects unloaded after import = 113

========================================================================
Received Import Request.
  Time since last request: 0.000018 seconds.
  path: Assets/Projeto/Assets/Guilherme/personagens/Baiana/mulher do mal_Base_metalness.png
  artifactKey: Guid(e3cf604e60a4543ae84abc8fb71da4b8) Importer(2089858483,b0f066a214c2f5e87bad3c948f4d605d)
Start importing Assets/Projeto/Assets/Guilherme/personagens/Baiana/mulher do mal_Base_metalness.png using Guid(e3cf604e60a4543ae84abc8fb71da4b8) Importer(2089858483,b0f066a214c2f5e87bad3c948f4d605d) (ScriptedImporter) -> (artifact id: 'a678cbddbc418dc1e0dca9d875b2e5ab') in 0.0217934 seconds
Number of updated asset objects reloaded before import = 0Number of asset objects unloaded after import = 1

========================================================================
Received Import Request.
  Time since last request: 0.000024 seconds.
  path: Assets/Projeto/Scripts/Rede/Teste/TesteM.cs
  artifactKey: Guid(24bfa6e8174a90b44b070dd765e53a6a) Importer(2089858483,b0f066a214c2f5e87bad3c948f4d605d)
Start importing Assets/Projeto/Scripts/Rede/Teste/TesteM.cs using Guid(24bfa6e8174a90b44b070dd765e53a6a) Importer(2089858483,b0f066a214c2f5e87bad3c948f4d605d) (ScriptedImporter) -> (artifact id: '08d15c1ed41983d3011b11f61cee8441') in 0.011668 seconds
Number of updated asset objects reloaded before import = 0Number of asset objects unloaded after import = 0

========================================================================
Received Import Request.
  Time since last request: 0.000016 seconds.
  path: Assets/Projeto/UI/Menu/Scripts/AudioSettings.cs
  artifactKey: Guid(89f49fec9deb2c1428407d351a2c1f31) Importer(2089858483,b0f066a214c2f5e87bad3c948f4d605d)
Start importing Assets/Projeto/UI/Menu/Scripts/AudioSettings.cs using Guid(89f49fec9deb2c1428407d351a2c1f31) Importer(2089858483,b0f066a214c2f5e87bad3c948f4d605d) (ScriptedImporter) -> (artifact id: '689c5c160acb1354a3d1dae191498b91') in 0.012523 seconds
Number of updated asset objects reloaded before import = 0Number of asset objects unloaded after import = 0

========================================================================
Received Import Request.
  Time since last request: 0.000016 seconds.
  path: Assets/Projeto/Assets/Guilherme/personagens/Baiana/mulher do mal_Mixed_AO.png
  artifactKey: Guid(c8ca7583915b34dce933aba4b5f3d187) Importer(2089858483,b0f066a214c2f5e87bad3c948f4d605d)
Start importing Assets/Projeto/Assets/Guilherme/personagens/Baiana/mulher do mal_Mixed_AO.png using Guid(c8ca7583915b34dce933aba4b5f3d187) Importer(2089858483,b0f066a214c2f5e87bad3c948f4d605d) (ScriptedImporter) -> (artifact id: '2df1706326e155f2bd745772f59c12bc') in 0.021802 seconds
Number of updated asset objects reloaded before import = 0Number of asset objects unloaded after import = 1

========================================================================
Received Import Request.
  Time since last request: 0.000023 seconds.
  path: Assets/Projeto/Assets/Guilherme/personagens/Baiana/mulher do mal_Height.png
  artifactKey: Guid(fa611ab82706e404fa372c7efc187b17) Importer(2089858483,b0f066a214c2f5e87bad3c948f4d605d)
Start importing Assets/Projeto/Assets/Guilherme/personagens/Baiana/mulher do mal_Height.png using Guid(fa611ab82706e404fa372c7efc187b17) Importer(2089858483,b0f066a214c2f5e87bad3c948f4d605d) (ScriptedImporter) -> (artifact id: '92970b47736c350bb24eb7f29ad88566') in 0.0217672 seconds
Number of updated asset objects reloaded before import = 0Number of asset objects unloaded after import = 1

========================================================================
Received Import Request.
  Time since last request: 0.000017 seconds.
  path: Assets/Projeto/Assets/Guilherme/personagens/Baiana/pret_Height.png
  artifactKey: Guid(e59d20f8a75824677b72c6b9d985c001) Importer(2089858483,b0f066a214c2f5e87bad3c948f4d605d)
Start importing Assets/Projeto/Assets/Guilherme/personagens/Baiana/pret_Height.png using Guid(e59d20f8a75824677b72c6b9d985c001) Importer(2089858483,b0f066a214c2f5e87bad3c948f4d605d) (ScriptedImporter) -> (artifact id: 'c0aa66b8e42a4b34949fcf3080188120') in 0.0221831 seconds
Number of updated asset objects reloaded before import = 0Number of asset objects unloaded after import = 1

========================================================================
Received Import Request.
  Time since last request: 0.000016 seconds.
  path: Assets/Projeto/Assets/Guilherme/personagens/Baiana/pret_Base_color.png
  artifactKey: Guid(a3ee56a4b85f04970b2fa3eda6cf06fd) Importer(2089858483,b0f066a214c2f5e87bad3c948f4d605d)
Start importing Assets/Projeto/Assets/Guilherme/personagens/Baiana/pret_Base_color.png using Guid(a3ee56a4b85f04970b2fa3eda6cf06fd) Importer(2089858483,b0f066a214c2f5e87bad3c948f4d605d) (ScriptedImporter) -> (artifact id: 'dc1e3e978722a014ec75f92c6c40cbaf') in 0.022306 seconds
Number of updated asset objects reloaded before import = 0Number of asset objects unloaded after import = 1

========================================================================
Received Import Request.
  Time since last request: 0.000054 seconds.
  path: Assets/Projeto/Assets/Guilherme/personagens/Baiana/pret_Specular_roughness.png
  artifactKey: Guid(0c58022b9030c48eea160d6ccb15f5e7) Importer(2089858483,b0f066a214c2f5e87bad3c948f4d605d)
Start importing Assets/Projeto/Assets/Guilherme/personagens/Baiana/pret_Specular_roughness.png using Guid(0c58022b9030c48eea160d6ccb15f5e7) Importer(2089858483,b0f066a214c2f5e87bad3c948f4d605d) (ScriptedImporter) -> (artifact id: '1de5823e248e8ac1c5480627391fed10') in 0.0313199 seconds
Number of updated asset objects reloaded before import = 0Number of asset objects unloaded after import = 1

========================================================================
Received Import Request.
  Time since last request: 0.000015 seconds.
  path: Assets/Projeto/Assets/Guilherme/personagens/Fortoes/Material 1.mat
  artifactKey: Guid(5f7e19051a6824e188600c875fb34364) Importer(2089858483,b0f066a214c2f5e87bad3c948f4d605d)
Start importing Assets/Projeto/Assets/Guilherme/personagens/Fortoes/Material 1.mat using Guid(5f7e19051a6824e188600c875fb34364) Importer(2089858483,b0f066a214c2f5e87bad3c948f4d605d) (ScriptedImporter) -> (artifact id: '66b4f7c482e59c5cf7fcc4c1788fb5d9') in 0.0206411 seconds
Number of updated asset objects reloaded before import = 0Number of asset objects unloaded after import = 2

========================================================================
Received Import Request.
  Time since last request: 0.000017 seconds.
  path: Assets/Projeto/Assets/Guilherme/personagens/Baiana/pret_Normal_OpenGL.png
  artifactKey: Guid(e8ad3bab1c9434f94bc72dd86654aafa) Importer(2089858483,b0f066a214c2f5e87bad3c948f4d605d)
Start importing Assets/Projeto/Assets/Guilherme/personagens/Baiana/pret_Normal_OpenGL.png using Guid(e8ad3bab1c9434f94bc72dd86654aafa) Importer(2089858483,b0f066a214c2f5e87bad3c948f4d605d) (ScriptedImporter) -> (artifact id: '8c6eb5c0842ef1ff0d6fff9156416cf8') in 0.0229733 seconds
Number of updated asset objects reloaded before import = 0Number of asset objects unloaded after import = 1

========================================================================
Received Import Request.
  Time since last request: 0.000023 seconds.
  path: Assets/TextMesh Pro/Examples & Extras/Resources/Fonts & Materials/Unity SDF - HDRP LIT - Outline.mat
  artifactKey: Guid(967f61bb1e3e28645a39e0cb647cc79e) Importer(2089858483,b0f066a214c2f5e87bad3c948f4d605d)
Start importing Assets/TextMesh Pro/Examples & Extras/Resources/Fonts & Materials/Unity SDF - HDRP LIT - Outline.mat using Guid(967f61bb1e3e28645a39e0cb647cc79e) Importer(2089858483,b0f066a214c2f5e87bad3c948f4d605d) (ScriptedImporter) -> (artifact id: 'bd78967f92eb5489fe4cb0ade1959d8e') in 0.0290367 seconds
Number of updated asset objects reloaded before import = 0Number of asset objects unloaded after import = 3

========================================================================
Received Import Request.
  Time since last request: 0.000017 seconds.
  path: Assets/Projeto/Assets/Guilherme/personagens/Fortoes/Material_Height.png
  artifactKey: Guid(a32fe8ba2ccf64bff9a821fc322b8683) Importer(2089858483,b0f066a214c2f5e87bad3c948f4d605d)
Start importing Assets/Projeto/Assets/Guilherme/personagens/Fortoes/Material_Height.png using Guid(a32fe8ba2ccf64bff9a821fc322b8683) Importer(2089858483,b0f066a214c2f5e87bad3c948f4d605d) (ScriptedImporter) -> (artifact id: '56d2ad9095767094d83717892c7bda2e') in 0.0199822 seconds
Number of updated asset objects reloaded before import = 0Number of asset objects unloaded after import = 1

========================================================================
Received Import Request.
  Time since last request: 0.000017 seconds.
  path: Assets/Projeto/Assets/Guilherme/personagens/Fortoes/Material_Base_color.png
  artifactKey: Guid(30730532a32a640988a13911383284a9) Importer(2089858483,b0f066a214c2f5e87bad3c948f4d605d)
Start importing Assets/Projeto/Assets/Guilherme/personagens/Fortoes/Material_Base_color.png using Guid(30730532a32a640988a13911383284a9) Importer(2089858483,b0f066a214c2f5e87bad3c948f4d605d) (ScriptedImporter) -> (artifact id: 'b5aad7beaf30a174c20b27edb346ba73') in 0.0133947 seconds
Number of updated asset objects reloaded before import = 0Number of asset objects unloaded after import = 1

========================================================================
Received Import Request.
  Time since last request: 0.000024 seconds.
  path: Assets/Projeto/Assets/Guilherme/personagens/Fortoes/Material do mal_Height.png
  artifactKey: Guid(c7713e2545f1e4266ba930950a474353) Importer(2089858483,b0f066a214c2f5e87bad3c948f4d605d)
Start importing Assets/Projeto/Assets/Guilherme/personagens/Fortoes/Material do mal_Height.png using Guid(c7713e2545f1e4266ba930950a474353) Importer(2089858483,b0f066a214c2f5e87bad3c948f4d605d) (ScriptedImporter) -> (artifact id: '76e6596e2ebb5a1b7a28d9d214fe9d1c') in 0.0222612 seconds
Number of updated asset objects reloaded before import = 0Number of asset objects unloaded after import = 1

========================================================================
Received Import Request.
  Time since last request: 0.000014 seconds.
  path: Assets/Projeto/Scena/Primeiro Mapa
  artifactKey: Guid(0f20b8b7854717d47b7c9fae8a1be48e) Importer(815301076,1909f56bfc062723c751e8b465ee728b)
Start importing Assets/Projeto/Scena/Primeiro Mapa using Guid(0f20b8b7854717d47b7c9fae8a1be48e) Importer(815301076,1909f56bfc062723c751e8b465ee728b) (PreviewImporter) -> (artifact id: 'f7ef4653ca2ce3ece67aa8dfd5166162') in 0.000551 seconds
Number of updated asset objects reloaded before import = 0Number of asset objects unloaded after import = 0

========================================================================
Received Import Request.
  Time since last request: 0.000017 seconds.
  path: Assets/TextMesh Pro/Examples & Extras/Textures/Wipe Pattern - Radial Quad.psd
  artifactKey: Guid(2b5e9ae96c5644d8bae932f8b4ca68a2) Importer(2089858483,b0f066a214c2f5e87bad3c948f4d605d)
Start importing Assets/TextMesh Pro/Examples & Extras/Textures/Wipe Pattern - Radial Quad.psd using Guid(2b5e9ae96c5644d8bae932f8b4ca68a2) Importer(2089858483,b0f066a214c2f5e87bad3c948f4d605d) (ScriptedImporter) -> (artifact id: 'ab48c53981df59584ee39898de77e51f') in 0.021898 seconds
Number of updated asset objects reloaded before import = 0Number of asset objects unloaded after import = 1

========================================================================
Received Import Request.
  Time since last request: 0.000024 seconds.
  path: Assets/Projeto/Assets/Guilherme/personagens/Fortoes/Material_Mixed_AO.png
  artifactKey: Guid(869da176a0c774d9abec5c2658b58513) Importer(2089858483,b0f066a214c2f5e87bad3c948f4d605d)
Start importing Assets/Projeto/Assets/Guilherme/personagens/Fortoes/Material_Mixed_AO.png using Guid(869da176a0c774d9abec5c2658b58513) Importer(2089858483,b0f066a214c2f5e87bad3c948f4d605d) (ScriptedImporter) -> (artifact id: '34299c403c84747f2897c2f2fcb380c9') in 0.0213665 seconds
Number of updated asset objects reloaded before import = 0Number of asset objects unloaded after import = 1

========================================================================
Received Import Request.
  Time since last request: 0.000015 seconds.
  path: Assets/Projeto/Assets/Guilherme/personagens/lawrence/lawrence do mal_Base_metalness.png
  artifactKey: Guid(37081a0735da74a899501173c54d1df8) Importer(2089858483,b0f066a214c2f5e87bad3c948f4d605d)
Start importing Assets/Projeto/Assets/Guilherme/personagens/lawrence/lawrence do mal_Base_metalness.png using Guid(37081a0735da74a899501173c54d1df8) Importer(2089858483,b0f066a214c2f5e87bad3c948f4d605d) (ScriptedImporter) -> (artifact id: 'a2a657e3e86fee046aa8c3c53a9a74c0') in 0.0203679 seconds
Number of updated asset objects reloaded before import = 0Number of asset objects unloaded after import = 1

========================================================================
Received Import Request.
  Time since last request: 0.000020 seconds.
  path: Assets/Projeto/Assets/Guilherme/personagens/lawrence/lawrence do mal.fbx
  artifactKey: Guid(33ad78c402951473a97cb4f311f0dd23) Importer(2089858483,b0f066a214c2f5e87bad3c948f4d605d)
Start importing Assets/Projeto/Assets/Guilherme/personagens/lawrence/lawrence do mal.fbx using Guid(33ad78c402951473a97cb4f311f0dd23) Importer(2089858483,b0f066a214c2f5e87bad3c948f4d605d) (ScriptedImporter) -> (artifact id: 'e089db232373ecd3911eb97491d21392') in 0.020771 seconds
Number of updated asset objects reloaded before import = 0Number of asset objects unloaded after import = 143

========================================================================
Received Import Request.
  Time since last request: 0.000028 seconds.
  path: Assets/Projeto/Assets/Guilherme/personagens/lawrence/lawrence do mal_Mixed_AO.png
  artifactKey: Guid(ced9bc2b4ad09457683cf31ff5f30a2c) Importer(2089858483,b0f066a214c2f5e87bad3c948f4d605d)
Start importing Assets/Projeto/Assets/Guilherme/personagens/lawrence/lawrence do mal_Mixed_AO.png using Guid(ced9bc2b4ad09457683cf31ff5f30a2c) Importer(2089858483,b0f066a214c2f5e87bad3c948f4d605d) (ScriptedImporter) -> (artifact id: 'f982bea024a51ee699dea7a3f406fb5b') in 0.0226916 seconds
Number of updated asset objects reloaded before import = 0Number of asset objects unloaded after import = 1

========================================================================
Received Import Request.
  Time since last request: 0.000023 seconds.
  path: Assets/TextMesh Pro/Examples & Extras/Resources/Fonts & Materials/Bangers SDF Logo.mat
  artifactKey: Guid(f4e195ac1e204eff960149d1cb34e18c) Importer(2089858483,b0f066a214c2f5e87bad3c948f4d605d)
Start importing Assets/TextMesh Pro/Examples & Extras/Resources/Fonts & Materials/Bangers SDF Logo.mat using Guid(f4e195ac1e204eff960149d1cb34e18c) Importer(2089858483,b0f066a214c2f5e87bad3c948f4d605d) (ScriptedImporter) -> (artifact id: 'f099b092cf1aec1d0c2b126d8393b9f4') in 0.0163516 seconds
Number of updated asset objects reloaded before import = 0Number of asset objects unloaded after import = 4

========================================================================
Received Import Request.
  Time since last request: 0.000019 seconds.
  path: Assets/Projeto/Assets/Guilherme/personagens/Fortoes/Material_Base_metalness.png
  artifactKey: Guid(93f728513baf84c41b6c433c897ab5b1) Importer(2089858483,b0f066a214c2f5e87bad3c948f4d605d)
Start importing Assets/Projeto/Assets/Guilherme/personagens/Fortoes/Material_Base_metalness.png using Guid(93f728513baf84c41b6c433c897ab5b1) Importer(2089858483,b0f066a214c2f5e87bad3c948f4d605d) (ScriptedImporter) -> (artifact id: '3f81740a22082f2055519660e87f12a9') in 0.0185701 seconds
Number of updated asset objects reloaded before import = 0Number of asset objects unloaded after import = 1

========================================================================
Received Import Request.
  Time since last request: 0.000023 seconds.
  path: Assets/Projeto/Assets/Torres/Sons/sound-2.mp3
  artifactKey: Guid(de0ee992b7163f94796537a6683e5487) Importer(2089858483,b0f066a214c2f5e87bad3c948f4d605d)
Start importing Assets/Projeto/Assets/Torres/Sons/sound-2.mp3 using Guid(de0ee992b7163f94796537a6683e5487) Importer(2089858483,b0f066a214c2f5e87bad3c948f4d605d) (ScriptedImporter) -> (artifact id: 'bba5b889be1956af2369a92d39782b7a') in 0.0214259 seconds
Number of updated asset objects reloaded before import = 0Number of asset objects unloaded after import = 1

========================================================================
Received Import Request.
  Time since last request: 0.000012 seconds.
  path: Assets/Projeto/Materials/Materials provisórios/chao/texture_chao_MaskMap.png
  artifactKey: Guid(f3a03e724dba942db90fe224586ea0ea) Importer(2089858483,b0f066a214c2f5e87bad3c948f4d605d)
Start importing Assets/Projeto/Materials/Materials provisórios/chao/texture_chao_MaskMap.png using Guid(f3a03e724dba942db90fe224586ea0ea) Importer(2089858483,b0f066a214c2f5e87bad3c948f4d605d) (ScriptedImporter) -> (artifact id: '77dbd9b649612b9135f25a2219db24e6') in 0.018843 seconds
Number of updated asset objects reloaded before import = 0Number of asset objects unloaded after import = 1

========================================================================
Received Import Request.
  Time since last request: 0.000014 seconds.
  path: Assets/Projeto/Assets/Torres/fONTS/Astronomus.ttf
  artifactKey: Guid(6c1a3911a58117e44a75d8d9394f6d2d) Importer(2089858483,b0f066a214c2f5e87bad3c948f4d605d)
Start importing Assets/Projeto/Assets/Torres/fONTS/Astronomus.ttf using Guid(6c1a3911a58117e44a75d8d9394f6d2d) Importer(2089858483,b0f066a214c2f5e87bad3c948f4d605d) (ScriptedImporter) -> (artifact id: 'd3521229358c8b6b461eea85554c9067') in 0.0087597 seconds
Number of updated asset objects reloaded before import = 0Number of asset objects unloaded after import = 3

========================================================================
Received Import Request.
  Time since last request: 0.000017 seconds.
  path: Assets/Projeto/Materials/Materials provisórios/chao/texture_chao_Normal.png
  artifactKey: Guid(e45e97274ad3542b3a1c636aa0856c78) Importer(2089858483,b0f066a214c2f5e87bad3c948f4d605d)
Start importing Assets/Projeto/Materials/Materials provisórios/chao/texture_chao_Normal.png using Guid(e45e97274ad3542b3a1c636aa0856c78) Importer(2089858483,b0f066a214c2f5e87bad3c948f4d605d) (ScriptedImporter) -> (artifact id: 'b4c0aaadb7441f7a382553ea02c7b9d9') in 0.0177532 seconds
Number of updated asset objects reloaded before import = 0Number of asset objects unloaded after import = 1

========================================================================
Received Import Request.
  Time since last request: 0.000021 seconds.
  path: Assets/Projeto/Assets/Guilherme/personagens/Fortoes/fortao do mal.fbx
  artifactKey: Guid(c0ced455af4ed4a878674870a15cbf99) Importer(2089858483,b0f066a214c2f5e87bad3c948f4d605d)
Start importing Assets/Projeto/Assets/Guilherme/personagens/Fortoes/fortao do mal.fbx using Guid(c0ced455af4ed4a878674870a15cbf99) Importer(2089858483,b0f066a214c2f5e87bad3c948f4d605d) (ScriptedImporter) -> (artifact id: '26141870d999f2d592dca9f0e19b77b1') in 0.0154332 seconds
Number of updated asset objects reloaded before import = 0Number of asset objects unloaded after import = 89

========================================================================
Received Import Request.
  Time since last request: 0.000014 seconds.
  path: Assets/TextMesh Pro/Examples & Extras/Textures/Fruit Jelly (B&W).jpg
  artifactKey: Guid(1cdc5b506b1a4a33a53c30669ced1f51) Importer(2089858483,b0f066a214c2f5e87bad3c948f4d605d)
Start importing Assets/TextMesh Pro/Examples & Extras/Textures/Fruit Jelly (B&W).jpg using Guid(1cdc5b506b1a4a33a53c30669ced1f51) Importer(2089858483,b0f066a214c2f5e87bad3c948f4d605d) (ScriptedImporter) -> (artifact id: '1d848fa8dee0771cfd0766c8bb644787') in 0.0110428 seconds
Number of updated asset objects reloaded before import = 0Number of asset objects unloaded after import = 1

========================================================================
Received Import Request.
  Time since last request: 0.000012 seconds.
  path: Assets/TextMesh Pro/Examples & Extras/Scripts/ChatController.cs
  artifactKey: Guid(53d91f98a2664f5cb9af11de72ac54ec) Importer(2089858483,b0f066a214c2f5e87bad3c948f4d605d)
Start importing Assets/TextMesh Pro/Examples & Extras/Scripts/ChatController.cs using Guid(53d91f98a2664f5cb9af11de72ac54ec) Importer(2089858483,b0f066a214c2f5e87bad3c948f4d605d) (ScriptedImporter) -> (artifact id: 'c966db5a97711a8bb223ec4c1430f4b8') in 0.0088827 seconds
Number of updated asset objects reloaded before import = 0Number of asset objects unloaded after import = 0

========================================================================
Received Import Request.
  Time since last request: 0.000016 seconds.
  path: Assets/Readme.asset
  artifactKey: Guid(7f2c382dc2c22446db59030979f6e495) Importer(815301076,1909f56bfc062723c751e8b465ee728b)
Start importing Assets/Readme.asset using Guid(7f2c382dc2c22446db59030979f6e495) Importer(815301076,1909f56bfc062723c751e8b465ee728b) (PreviewImporter) -> (artifact id: '5e5f73a5382e9ea26e826afbe2c49a59') in 0.0014022 seconds
Number of updated asset objects reloaded before import = 0Number of asset objects unloaded after import = 2

========================================================================
Received Import Request.
  Time since last request: 0.000021 seconds.
  path: Assets/TextMesh Pro/Examples & Extras/Materials/Crate - Surface Shader Scene.mat
  artifactKey: Guid(e6b9b44320f4448d9d5e0ee634259966) Importer(2089858483,b0f066a214c2f5e87bad3c948f4d605d)
Start importing Assets/TextMesh Pro/Examples & Extras/Materials/Crate - Surface Shader Scene.mat using Guid(e6b9b44320f4448d9d5e0ee634259966) Importer(2089858483,b0f066a214c2f5e87bad3c948f4d605d) (ScriptedImporter) -> (artifact id: '364ffbf3447689bdff93f7d7e208dca8') in 0.0101555 seconds
Number of updated asset objects reloaded before import = 0Number of asset objects unloaded after import = 4

========================================================================
Received Import Request.
  Time since last request: 0.000012 seconds.
  path: Assets/TextMesh Pro/Shaders/TMP_SDF-HDRP UNLIT.shadergraph
  artifactKey: Guid(f63d574838ccfb44f84acc05fed0af48) Importer(2089858483,b0f066a214c2f5e87bad3c948f4d605d)
Start importing Assets/TextMesh Pro/Shaders/TMP_SDF-HDRP UNLIT.shadergraph using Guid(f63d574838ccfb44f84acc05fed0af48) Importer(2089858483,b0f066a214c2f5e87bad3c948f4d605d) (ScriptedImporter) -> (artifact id: '6dbbbed76569b9ac22567c1f49b03f10') in 0.0277216 seconds
Number of updated asset objects reloaded before import = 0Number of asset objects unloaded after import = 4

========================================================================
Received Import Request.
  Time since last request: 0.000014 seconds.
  path: Assets/TextMesh Pro/Examples & Extras/Scenes/13 - Soft Hyphenation.unity
  artifactKey: Guid(875684baf40f4d008ce806d03e2a81b2) Importer(2089858483,b0f066a214c2f5e87bad3c948f4d605d)
Start importing Assets/TextMesh Pro/Examples & Extras/Scenes/13 - Soft Hyphenation.unity using Guid(875684baf40f4d008ce806d03e2a81b2) Importer(2089858483,b0f066a214c2f5e87bad3c948f4d605d) (ScriptedImporter) -> (artifact id: '1de0b63cf3f520f758c6d5596096c5e6') in 0.0102774 seconds
Number of updated asset objects reloaded before import = 0Number of asset objects unloaded after import = 1

========================================================================
Received Import Request.
  Time since last request: 0.000015 seconds.
  path: Assets/TextMesh Pro/Examples & Extras/Scripts/TMPro_InstructionOverlay.cs
  artifactKey: Guid(c3c1afeda5e545e0b19add5373896d2e) Importer(2089858483,b0f066a214c2f5e87bad3c948f4d605d)
Start importing Assets/TextMesh Pro/Examples & Extras/Scripts/TMPro_InstructionOverlay.cs using Guid(c3c1afeda5e545e0b19add5373896d2e) Importer(2089858483,b0f066a214c2f5e87bad3c948f4d605d) (ScriptedImporter) -> (artifact id: '00b3e3570fd4fc79f85054300ffd3885') in 0.0093379 seconds
Number of updated asset objects reloaded before import = 0Number of asset objects unloaded after import = 0

========================================================================
Received Import Request.
  Time since last request: 0.000020 seconds.
  path: Assets/TextMesh Pro/Examples & Extras/Resources/Fonts & Materials/Unity SDF - HDRP LIT - Bloom.mat
  artifactKey: Guid(8d176c01131de8f46ad61094e29d79b2) Importer(2089858483,b0f066a214c2f5e87bad3c948f4d605d)
Start importing Assets/TextMesh Pro/Examples & Extras/Resources/Fonts & Materials/Unity SDF - HDRP LIT - Bloom.mat using Guid(8d176c01131de8f46ad61094e29d79b2) Importer(2089858483,b0f066a214c2f5e87bad3c948f4d605d) (ScriptedImporter) -> (artifact id: '395c07c305df8f8c72f23ff57a1d546d') in 0.0161958 seconds
Number of updated asset objects reloaded before import = 0Number of asset objects unloaded after import = 3

========================================================================
Received Import Request.
  Time since last request: 0.000011 seconds.
  path: Assets/Projeto/Assets/Torres/Shader/Pixelation.renderTexture
  artifactKey: Guid(3043b5ed93d2ee74db06a72e98437898) Importer(2089858483,b0f066a214c2f5e87bad3c948f4d605d)
Start importing Assets/Projeto/Assets/Torres/Shader/Pixelation.renderTexture using Guid(3043b5ed93d2ee74db06a72e98437898) Importer(2089858483,b0f066a214c2f5e87bad3c948f4d605d) (ScriptedImporter) -> (artifact id: '9504842d0a15ccdb6670b63c4e2194a7') in 0.0091228 seconds
Number of updated asset objects reloaded before import = 0Number of asset objects unloaded after import = 1

========================================================================
Received Import Request.
  Time since last request: 0.000013 seconds.
  path: Assets/TextMesh Pro/Examples & Extras/Scenes/07 - Superscript & Subscript Example.unity
  artifactKey: Guid(03ec435d4b7140e9b2d87f79136d8374) Importer(2089858483,b0f066a214c2f5e87bad3c948f4d605d)
Start importing Assets/TextMesh Pro/Examples & Extras/Scenes/07 - Superscript & Subscript Example.unity using Guid(03ec435d4b7140e9b2d87f79136d8374) Importer(2089858483,b0f066a214c2f5e87bad3c948f4d605d) (ScriptedImporter) -> (artifact id: '79f40c9d2de105b3cf558715ed4da54a') in 0.0113624 seconds
Number of updated asset objects reloaded before import = 0Number of asset objects unloaded after import = 1

========================================================================
Received Import Request.
  Time since last request: 0.000015 seconds.
  path: Assets/TextMesh Pro/Examples & Extras/Scripts/VertexZoom.cs
  artifactKey: Guid(52ec835d14bd486f900952b77698b7eb) Importer(2089858483,b0f066a214c2f5e87bad3c948f4d605d)
Start importing Assets/TextMesh Pro/Examples & Extras/Scripts/VertexZoom.cs using Guid(52ec835d14bd486f900952b77698b7eb) Importer(2089858483,b0f066a214c2f5e87bad3c948f4d605d) (ScriptedImporter) -> (artifact id: '7d8ce2c46f3fd3330c001e97ceaa82ab') in 0.0087031 seconds
Number of updated asset objects reloaded before import = 0Number of asset objects unloaded after import = 0

========================================================================
Received Import Request.
  Time since last request: 0.000021 seconds.
  path: Assets/Projeto/Materials/Materials provisórios/parede ney/texture_parede_MaskMap.png
  artifactKey: Guid(125eb4242a33e4a77af34af6501a82b8) Importer(2089858483,b0f066a214c2f5e87bad3c948f4d605d)
Start importing Assets/Projeto/Materials/Materials provisórios/parede ney/texture_parede_MaskMap.png using Guid(125eb4242a33e4a77af34af6501a82b8) Importer(2089858483,b0f066a214c2f5e87bad3c948f4d605d) (ScriptedImporter) -> (artifact id: '2e1d8f339bdc6576e2beb7177057921b') in 0.0121973 seconds
Number of updated asset objects reloaded before import = 0Number of asset objects unloaded after import = 1

========================================================================
Received Import Request.
  Time since last request: 0.000013 seconds.
  path: Assets/TextMesh Pro/Shaders/TMP_SDF-HDRP LIT.shadergraph
  artifactKey: Guid(ca2ed216f98028c4dae6c5224a952b3c) Importer(2089858483,b0f066a214c2f5e87bad3c948f4d605d)
Start importing Assets/TextMesh Pro/Shaders/TMP_SDF-HDRP LIT.shadergraph using Guid(ca2ed216f98028c4dae6c5224a952b3c) Importer(2089858483,b0f066a214c2f5e87bad3c948f4d605d) (ScriptedImporter) -> (artifact id: '3e45099ccb231cab2a4f056e96490b95') in 0.0174489 seconds
Number of updated asset objects reloaded before import = 0Number of asset objects unloaded after import = 4

========================================================================
Received Import Request.
  Time since last request: 0.000011 seconds.
  path: Assets/TextMesh Pro/Examples & Extras/Textures/Sunny Days - Seamless.jpg
  artifactKey: Guid(17c350171f7a3ca479f830547c66d187) Importer(2089858483,b0f066a214c2f5e87bad3c948f4d605d)
Start importing Assets/TextMesh Pro/Examples & Extras/Textures/Sunny Days - Seamless.jpg using Guid(17c350171f7a3ca479f830547c66d187) Importer(2089858483,b0f066a214c2f5e87bad3c948f4d605d) (ScriptedImporter) -> (artifact id: '7d1f38a6bdb8a6b166c52e441384e322') in 0.011023 seconds
Number of updated asset objects reloaded before import = 0Number of asset objects unloaded after import = 1

========================================================================
Received Import Request.
  Time since last request: 0.000013 seconds.
  path: Assets/Projeto/Scena
  artifactKey: Guid(d235d3df4be78314495c1d9f6230e5a3) Importer(815301076,1909f56bfc062723c751e8b465ee728b)
Start importing Assets/Projeto/Scena using Guid(d235d3df4be78314495c1d9f6230e5a3) Importer(815301076,1909f56bfc062723c751e8b465ee728b) (PreviewImporter) -> (artifact id: '3c9d8170ce370f257a65d459a951d260') in 0.00056 seconds
Number of updated asset objects reloaded before import = 0Number of asset objects unloaded after import = 0

========================================================================
Received Import Request.
  Time since last request: 0.000022 seconds.
  path: Assets/TextMesh Pro/Examples & Extras/Fonts/Roboto-Bold - AFL.txt
  artifactKey: Guid(f28c334d44214474d9702d3ad79ecb0a) Importer(2089858483,b0f066a214c2f5e87bad3c948f4d605d)
Start importing Assets/TextMesh Pro/Examples & Extras/Fonts/Roboto-Bold - AFL.txt using Guid(f28c334d44214474d9702d3ad79ecb0a) Importer(2089858483,b0f066a214c2f5e87bad3c948f4d605d) (ScriptedImporter) -> (artifact id: 'cbb473ecbae77899b4c1de9b49e9eb51') in 0.0092858 seconds
Number of updated asset objects reloaded before import = 0Number of asset objects unloaded after import = 1

========================================================================
Received Import Request.
  Time since last request: 0.000013 seconds.
  path: Assets/TextMesh Pro/Examples & Extras/Textures/Gradient Horizontal (Color).jpg
  artifactKey: Guid(6eb184de103d4b3f812b38561065192f) Importer(2089858483,b0f066a214c2f5e87bad3c948f4d605d)
Start importing Assets/TextMesh Pro/Examples & Extras/Textures/Gradient Horizontal (Color).jpg using Guid(6eb184de103d4b3f812b38561065192f) Importer(2089858483,b0f066a214c2f5e87bad3c948f4d605d) (ScriptedImporter) -> (artifact id: '92e4e24a22226f5ca79e8e08885d0ee4') in 0.0139167 seconds
Number of updated asset objects reloaded before import = 0Number of asset objects unloaded after import = 1

========================================================================
Received Import Request.
  Time since last request: 0.000013 seconds.
  path: Assets/Master.mixer
  artifactKey: Guid(0c1abade3cfa41842ac0b0814586a494) Importer(2089858483,b0f066a214c2f5e87bad3c948f4d605d)
Start importing Assets/Master.mixer using Guid(0c1abade3cfa41842ac0b0814586a494) Importer(2089858483,b0f066a214c2f5e87bad3c948f4d605d) (ScriptedImporter)Refreshing native plugins compatible for Editor in 1.47 ms, found 3 plugins.
Preloading 0 native plugins for Editor in 0.00 ms.
 -> (artifact id: '947f64e964f91801ecfb529f8a2e5d69') in 0.0219016 seconds
Number of updated asset objects reloaded before import = 0Number of asset objects unloaded after import = 11

========================================================================
Received Import Request.
  Time since last request: 0.000015 seconds.
  path: Assets/TextMesh Pro/Shaders/TMP_Bitmap-Mobile.shader
  artifactKey: Guid(1e3b057af24249748ff873be7fafee47) Importer(2089858483,b0f066a214c2f5e87bad3c948f4d605d)
Start importing Assets/TextMesh Pro/Shaders/TMP_Bitmap-Mobile.shader using Guid(1e3b057af24249748ff873be7fafee47) Importer(2089858483,b0f066a214c2f5e87bad3c948f4d605d) (ScriptedImporter) -> (artifact id: '4d6ac997150697ca3b1552e38b659ead') in 0.0099921 seconds
Number of updated asset objects reloaded before import = 0Number of asset objects unloaded after import = 1

========================================================================
Received Import Request.
  Time since last request: 0.000025 seconds.
  path: Assets/TextMesh Pro/Examples & Extras/Resources/Fonts & Materials/Bangers SDF.asset
  artifactKey: Guid(125cb55b44b24c4393181402bc6200e6) Importer(2089858483,b0f066a214c2f5e87bad3c948f4d605d)
Start importing Assets/TextMesh Pro/Examples & Extras/Resources/Fonts & Materials/Bangers SDF.asset using Guid(125cb55b44b24c4393181402bc6200e6) Importer(2089858483,b0f066a214c2f5e87bad3c948f4d605d) (ScriptedImporter) -> (artifact id: '33ac7f13835f4c0cce9f780b6ded1786') in 0.0142839 seconds
Number of updated asset objects reloaded before import = 0Number of asset objects unloaded after import = 5

========================================================================
Received Import Request.
  Time since last request: 0.000012 seconds.
  path: Assets/Projeto/Scena/Teste.unity
  artifactKey: Guid(2e39151abca46654f9aa73ec65e54a42) Importer(2089858483,b0f066a214c2f5e87bad3c948f4d605d)
Start importing Assets/Projeto/Scena/Teste.unity using Guid(2e39151abca46654f9aa73ec65e54a42) Importer(2089858483,b0f066a214c2f5e87bad3c948f4d605d) (ScriptedImporter) -> (artifact id: '26e8000953b1fe7bbc86110cc9baa7b3') in 0.0085919 seconds
Number of updated asset objects reloaded before import = 0Number of asset objects unloaded after import = 1

========================================================================
Received Import Request.
  Time since last request: 0.000013 seconds.
  path: Assets/Projeto/UI/Menu/MainMenu.asset
  artifactKey: Guid(8b72d6d12a354ed4685cd394c76e42c5) Importer(2089858483,b0f066a214c2f5e87bad3c948f4d605d)
Start importing Assets/Projeto/UI/Menu/MainMenu.asset using Guid(8b72d6d12a354ed4685cd394c76e42c5) Importer(2089858483,b0f066a214c2f5e87bad3c948f4d605d) (ScriptedImporter) -> (artifact id: '7ba002b9aab5f752eb4a41e20dab5d00') in 0.0159763 seconds
Number of updated asset objects reloaded before import = 0Number of asset objects unloaded after import = 29

========================================================================
Received Import Request.
  Time since last request: 0.000013 seconds.
  path: Assets/TextMesh Pro/Examples & Extras/Fonts/Electronic Highway Sign.TTF
  artifactKey: Guid(8a2b9e2a607dd2143b58c44bc32410b4) Importer(2089858483,b0f066a214c2f5e87bad3c948f4d605d)
Start importing Assets/TextMesh Pro/Examples & Extras/Fonts/Electronic Highway Sign.TTF using Guid(8a2b9e2a607dd2143b58c44bc32410b4) Importer(2089858483,b0f066a214c2f5e87bad3c948f4d605d) (ScriptedImporter) -> (artifact id: 'a06a3e2e6bcb35533d3765556eeb6f10') in 0.0113578 seconds
Number of updated asset objects reloaded before import = 0Number of asset objects unloaded after import = 3

========================================================================
Received Import Request.
  Time since last request: 0.000024 seconds.
  path: Assets/DefaultNetworkPrefabs.asset
  artifactKey: Guid(2a6c7d045cce1fa4080993542974c493) Importer(2089858483,b0f066a214c2f5e87bad3c948f4d605d)
Start importing Assets/DefaultNetworkPrefabs.asset using Guid(2a6c7d045cce1fa4080993542974c493) Importer(2089858483,b0f066a214c2f5e87bad3c948f4d605d) (ScriptedImporter) -> (artifact id: 'b4a7cb0ad0c7a7d0e5f49941c780383f') in 0.0198288 seconds
Number of updated asset objects reloaded before import = 0Number of asset objects unloaded after import = 481

========================================================================
Received Import Request.
  Time since last request: 0.000015 seconds.
  path: Assets/Projeto/Prefabs/Camera/Camera pixelada.prefab
  artifactKey: Guid(13e3e15415ef27c41b06f8a6eaf29132) Importer(2089858483,b0f066a214c2f5e87bad3c948f4d605d)
Start importing Assets/Projeto/Prefabs/Camera/Camera pixelada.prefab using Guid(13e3e15415ef27c41b06f8a6eaf29132) Importer(2089858483,b0f066a214c2f5e87bad3c948f4d605d) (ScriptedImporter) -> (artifact id: '9d696a84bd41bcf1667609855a459dac') in 0.0293985 seconds
Number of updated asset objects reloaded before import = 0Number of asset objects unloaded after import = 6

========================================================================
Received Import Request.
  Time since last request: 0.000013 seconds.
  path: Assets/Projeto/Materials/Materials provisórios/VRIDO.mat
  artifactKey: Guid(3625b99ba8dd5074ca7103dd6397e855) Importer(2089858483,b0f066a214c2f5e87bad3c948f4d605d)
Start importing Assets/Projeto/Materials/Materials provisórios/VRIDO.mat using Guid(3625b99ba8dd5074ca7103dd6397e855) Importer(2089858483,b0f066a214c2f5e87bad3c948f4d605d) (ScriptedImporter) -> (artifact id: '00c688ed240665e61b85cef5f5096669') in 0.0089716 seconds
Number of updated asset objects reloaded before import = 0Number of asset objects unloaded after import = 1

========================================================================
Received Import Request.
  Time since last request: 0.000013 seconds.
  path: Assets/TextMesh Pro/Examples & Extras/Textures/Gradient Vertical (Color).jpg
  artifactKey: Guid(03d0538de6e24c0f819bfc9ce084dfa9) Importer(2089858483,b0f066a214c2f5e87bad3c948f4d605d)
Start importing Assets/TextMesh Pro/Examples & Extras/Textures/Gradient Vertical (Color).jpg using Guid(03d0538de6e24c0f819bfc9ce084dfa9) Importer(2089858483,b0f066a214c2f5e87bad3c948f4d605d) (ScriptedImporter) -> (artifact id: 'b46f8d4af08a6154027671796a456f74') in 0.016457 seconds
Number of updated asset objects reloaded before import = 0Number of asset objects unloaded after import = 1

========================================================================
Received Import Request.
  Time since last request: 0.000019 seconds.
  path: Assets/TextMesh Pro/Examples & Extras/Resources/Fonts & Materials/Anton SDF.asset
  artifactKey: Guid(8a89fa14b10d46a99122fd4f73fca9a2) Importer(2089858483,b0f066a214c2f5e87bad3c948f4d605d)
Start importing Assets/TextMesh Pro/Examples & Extras/Resources/Fonts & Materials/Anton SDF.asset using Guid(8a89fa14b10d46a99122fd4f73fca9a2) Importer(2089858483,b0f066a214c2f5e87bad3c948f4d605d) (ScriptedImporter) -> (artifact id: '6d8bab5bcec0c2b7748d607f66f4cf61') in 0.0136451 seconds
Number of updated asset objects reloaded before import = 0Number of asset objects unloaded after import = 5

========================================================================
Received Import Request.
  Time since last request: 0.000014 seconds.
  path: Assets/Projeto/Prefabs/MacabeaDoMal.prefab
  artifactKey: Guid(f3dd227d9a6fe224bbaef8c03d5f4c42) Importer(2089858483,b0f066a214c2f5e87bad3c948f4d605d)
Start importing Assets/Projeto/Prefabs/MacabeaDoMal.prefab using Guid(f3dd227d9a6fe224bbaef8c03d5f4c42) Importer(2089858483,b0f066a214c2f5e87bad3c948f4d605d) (ScriptedImporter) -> (artifact id: '1eb7fd81f1a1c7a1a18785cc16adb1a0') in 0.0166096 seconds
Number of updated asset objects reloaded before import = 0Number of asset objects unloaded after import = 242

========================================================================
Received Import Request.
  Time since last request: 0.000015 seconds.
  path: Assets/Projeto/Scripts/Rede/Teste/RpcTeste.cs
  artifactKey: Guid(82efb6d2d846f2b4c94d674c4d4f83b1) Importer(2089858483,b0f066a214c2f5e87bad3c948f4d605d)
Start importing Assets/Projeto/Scripts/Rede/Teste/RpcTeste.cs using Guid(82efb6d2d846f2b4c94d674c4d4f83b1) Importer(2089858483,b0f066a214c2f5e87bad3c948f4d605d) (ScriptedImporter) -> (artifact id: '421e044a727f4a8e94c2d95b909d0fdc') in 0.0086051 seconds
Number of updated asset objects reloaded before import = 0Number of asset objects unloaded after import = 0

========================================================================
Received Import Request.
  Time since last request: 0.000012 seconds.
  path: Assets/TextMesh Pro/Shaders/TMP_Bitmap.shader
  artifactKey: Guid(128e987d567d4e2c824d754223b3f3b0) Importer(2089858483,b0f066a214c2f5e87bad3c948f4d605d)
Start importing Assets/TextMesh Pro/Shaders/TMP_Bitmap.shader using Guid(128e987d567d4e2c824d754223b3f3b0) Importer(2089858483,b0f066a214c2f5e87bad3c948f4d605d) (ScriptedImporter) -> (artifact id: '6dc878ecb69214d95c42d7ef7d42ff69') in 0.0076633 seconds
Number of updated asset objects reloaded before import = 0Number of asset objects unloaded after import = 1

========================================================================
Received Import Request.
  Time since last request: 0.000022 seconds.
  path: Assets/Projeto/UI/Game_HUD/Game_HUD.uxml
  artifactKey: Guid(a58fd8b1c6b1cfc408f13415bae32d05) Importer(2089858483,b0f066a214c2f5e87bad3c948f4d605d)
Start importing Assets/Projeto/UI/Game_HUD/Game_HUD.uxml using Guid(a58fd8b1c6b1cfc408f13415bae32d05) Importer(2089858483,b0f066a214c2f5e87bad3c948f4d605d) (ScriptedImporter) -> (artifact id: 'ec2126056ff668ed3b827232f87758d5') in 0.0139252 seconds
Number of updated asset objects reloaded before import = 0Number of asset objects unloaded after import = 8

========================================================================
Received Import Request.
  Time since last request: 0.000014 seconds.
  path: Assets/TextMesh Pro/Examples & Extras/Scenes/11 - The Style Tag.unity
  artifactKey: Guid(84ed36ad77dd4956b2ffe3769f759879) Importer(2089858483,b0f066a214c2f5e87bad3c948f4d605d)
Start importing Assets/TextMesh Pro/Examples & Extras/Scenes/11 - The Style Tag.unity using Guid(84ed36ad77dd4956b2ffe3769f759879) Importer(2089858483,b0f066a214c2f5e87bad3c948f4d605d) (ScriptedImporter) -> (artifact id: '15b7e284cd2350d70a5c198be0cd9d14') in 0.0079042 seconds
Number of updated asset objects reloaded before import = 0Number of asset objects unloaded after import = 1

========================================================================
Received Import Request.
  Time since last request: 0.000013 seconds.
  path: Assets/TextMesh Pro/Sprites/EmojiOne.json
  artifactKey: Guid(8f05276190cf498a8153f6cbe761d4e6) Importer(2089858483,b0f066a214c2f5e87bad3c948f4d605d)
Start importing Assets/TextMesh Pro/Sprites/EmojiOne.json using Guid(8f05276190cf498a8153f6cbe761d4e6) Importer(2089858483,b0f066a214c2f5e87bad3c948f4d605d) (ScriptedImporter) -> (artifact id: '17849ff9fabe990332288901d97655fe') in 0.0109301 seconds
Number of updated asset objects reloaded before import = 0Number of asset objects unloaded after import = 1

========================================================================
Received Import Request.
  Time since last request: 0.000016 seconds.
  path: Assets/Settings/HDRP Performant.asset
  artifactKey: Guid(168a2336534e4e043b2a210b6f8d379a) Importer(2089858483,b0f066a214c2f5e87bad3c948f4d605d)
Start importing Assets/Settings/HDRP Performant.asset using Guid(168a2336534e4e043b2a210b6f8d379a) Importer(2089858483,b0f066a214c2f5e87bad3c948f4d605d) (ScriptedImporter) -> (artifact id: '1f00821aa7eaeaebac9c27afb2920ddb') in 0.0170616 seconds
Number of updated asset objects reloaded before import = 0Number of asset objects unloaded after import = 1

========================================================================
Received Import Request.
  Time since last request: 0.000018 seconds.
  path: Assets/InputSystem_Actions.inputactions
  artifactKey: Guid(35845fe01580c41289b024647b1d1c53) Importer(815301076,1909f56bfc062723c751e8b465ee728b)
Start importing Assets/InputSystem_Actions.inputactions using Guid(35845fe01580c41289b024647b1d1c53) Importer(815301076,1909f56bfc062723c751e8b465ee728b) (PreviewImporter) -> (artifact id: '09c08deaa5fc635511f7f1d145d0a9ad') in 0.0050442 seconds
Number of updated asset objects reloaded before import = 0Number of asset objects unloaded after import = 20

========================================================================
Received Import Request.
  Time since last request: 0.000015 seconds.
  path: Assets/Settings/HDRPDefaultResources/HDRenderPipelineGlobalSettings.asset
  artifactKey: Guid(ac0316ca287ba459492b669ff1317a6f) Importer(2089858483,b0f066a214c2f5e87bad3c948f4d605d)
Start importing Assets/Settings/HDRPDefaultResources/HDRenderPipelineGlobalSettings.asset using Guid(ac0316ca287ba459492b669ff1317a6f) Importer(2089858483,b0f066a214c2f5e87bad3c948f4d605d) (ScriptedImporter) -> (artifact id: '8a3bc03cf67f05a8a277e26ba081a5e8') in 0.0338054 seconds
Number of updated asset objects reloaded before import = 0Number of asset objects unloaded after import = 0

========================================================================
Received Import Request.
  Time since last request: 0.000013 seconds.
  path: Assets/Projeto/Materials/Materials provisórios/chao/New Material.mat
  artifactKey: Guid(13d5625cce1680e49b4ac98d6ba779df) Importer(2089858483,b0f066a214c2f5e87bad3c948f4d605d)
Start importing Assets/Projeto/Materials/Materials provisórios/chao/New Material.mat using Guid(13d5625cce1680e49b4ac98d6ba779df) Importer(2089858483,b0f066a214c2f5e87bad3c948f4d605d) (ScriptedImporter) -> (artifact id: 'e3a6e7bf2615f36cc48a5e261b00c89f') in 0.0105238 seconds
Number of updated asset objects reloaded before import = 0Number of asset objects unloaded after import = 4

========================================================================
Received Import Request.
  Time since last request: 0.000016 seconds.
  path: Assets/Projeto/Assets/Guilherme/Musicas/g63 - Behind you.6 - Com Trompete.wav
  artifactKey: Guid(545af9117bc809d4d94685b2de6c9c5e) Importer(2089858483,b0f066a214c2f5e87bad3c948f4d605d)
Start importing Assets/Projeto/Assets/Guilherme/Musicas/g63 - Behind you.6 - Com Trompete.wav using Guid(545af9117bc809d4d94685b2de6c9c5e) Importer(2089858483,b0f066a214c2f5e87bad3c948f4d605d) (ScriptedImporter) -> (artifact id: 'd2746023675a5f357c3b0305f7195dae') in 0.0223893 seconds
Number of updated asset objects reloaded before import = 0Number of asset objects unloaded after import = 1

========================================================================
Received Import Request.
  Time since last request: 0.000022 seconds.
  path: Assets/Projeto/Scena/Primeiro Mapa/Cadeia_Dentro/LightingData.asset
  artifactKey: Guid(c4986a14626bd3f47865697aad5b74d6) Importer(2089858483,b0f066a214c2f5e87bad3c948f4d605d)
Start importing Assets/Projeto/Scena/Primeiro Mapa/Cadeia_Dentro/LightingData.asset using Guid(c4986a14626bd3f47865697aad5b74d6) Importer(2089858483,b0f066a214c2f5e87bad3c948f4d605d) (ScriptedImporter) -> (artifact id: 'd2505115070534145e03514416601b69') in 0.0092482 seconds
Number of updated asset objects reloaded before import = 0Number of asset objects unloaded after import = 2

========================================================================
Received Import Request.
  Time since last request: 434.541767 seconds.
  path: Assets/Settings/HDRP Performant.asset
  artifactKey: Guid(168a2336534e4e043b2a210b6f8d379a) Importer(2089858483,b0f066a214c2f5e87bad3c948f4d605d)
Start importing Assets/Settings/HDRP Performant.asset using Guid(168a2336534e4e043b2a210b6f8d379a) Importer(2089858483,b0f066a214c2f5e87bad3c948f4d605d) (ScriptedImporter) -> (artifact id: '91c6c5c9e9d61719b6a5c8feefb7b881') in 0.0161544 seconds
Number of updated asset objects reloaded before import = 3Number of asset objects unloaded after import = 1

========================================================================
Received Import Request.
  Time since last request: 0.000022 seconds.
  path: Assets/Projeto/Assets/Henrique/Personagens/Texturas/Material.001.mat
  artifactKey: Guid(3452702a3a31cf64ea192013db732843) Importer(2089858483,b0f066a214c2f5e87bad3c948f4d605d)
Start importing Assets/Projeto/Assets/Henrique/Personagens/Texturas/Material.001.mat using Guid(3452702a3a31cf64ea192013db732843) Importer(2089858483,b0f066a214c2f5e87bad3c948f4d605d) (ScriptedImporter) -> (artifact id: '41b1f4f6ab8c4130e9e593466a7d9a76') in 0.0140993 seconds
Number of updated asset objects reloaded before import = 0Number of asset objects unloaded after import = 1

========================================================================
Received Import Request.
  Time since last request: 0.000025 seconds.
  path: Assets/Projeto/Assets/Guilherme/personagens/lawrence/lawrence_Normal.png
  artifactKey: Guid(981ac937e456441068b6307b32cf2ca3) Importer(2089858483,b0f066a214c2f5e87bad3c948f4d605d)
Start importing Assets/Projeto/Assets/Guilherme/personagens/lawrence/lawrence_Normal.png using Guid(981ac937e456441068b6307b32cf2ca3) Importer(2089858483,b0f066a214c2f5e87bad3c948f4d605d) (ScriptedImporter) -> (artifact id: 'c7e9391410d602ff7342ada328d3ee8c') in 0.0172292 seconds
Number of updated asset objects reloaded before import = 0Number of asset objects unloaded after import = 1

========================================================================
Received Import Request.
  Time since last request: 0.000015 seconds.
  path: Assets/Projeto/Assets/Guilherme/personagens/lawrence/lawrence do mal_Specular_roughness.png
  artifactKey: Guid(5863956969b3a4a14b64d88928410229) Importer(2089858483,b0f066a214c2f5e87bad3c948f4d605d)
Start importing Assets/Projeto/Assets/Guilherme/personagens/lawrence/lawrence do mal_Specular_roughness.png using Guid(5863956969b3a4a14b64d88928410229) Importer(2089858483,b0f066a214c2f5e87bad3c948f4d605d) (ScriptedImporter) -> (artifact id: 'a9657cea1feec8a0d805e3b5b85cb094') in 0.0220187 seconds
Number of updated asset objects reloaded before import = 0Number of asset objects unloaded after import = 1

========================================================================
Received Import Request.
  Time since last request: 0.000015 seconds.
  path: Assets/Projeto/Assets/Henrique/Personagens/Texturas/DefaultMaterial_Roughness.png
  artifactKey: Guid(19e5dbdd70a08c2499f6dfba2cadf069) Importer(2089858483,b0f066a214c2f5e87bad3c948f4d605d)
Start importing Assets/Projeto/Assets/Henrique/Personagens/Texturas/DefaultMaterial_Roughness.png using Guid(19e5dbdd70a08c2499f6dfba2cadf069) Importer(2089858483,b0f066a214c2f5e87bad3c948f4d605d) (ScriptedImporter) -> (artifact id: '3437744dd13c2c0789504953e65b7af2') in 0.0227853 seconds
Number of updated asset objects reloaded before import = 0Number of asset objects unloaded after import = 1

========================================================================
Received Import Request.
  Time since last request: 0.000023 seconds.
  path: Assets/Projeto/Assets/Henrique/Personagens/Texturas/DefaultMaterial_BaseColor.png
  artifactKey: Guid(d52d0ff07f3b30548a5f6800e804bbf0) Importer(2089858483,b0f066a214c2f5e87bad3c948f4d605d)
Start importing Assets/Projeto/Assets/Henrique/Personagens/Texturas/DefaultMaterial_BaseColor.png using Guid(d52d0ff07f3b30548a5f6800e804bbf0) Importer(2089858483,b0f066a214c2f5e87bad3c948f4d605d) (ScriptedImporter) -> (artifact id: '032fd3ac43b3401e3d4ac1275e552f53') in 0.0220179 seconds
Number of updated asset objects reloaded before import = 0Number of asset objects unloaded after import = 1

========================================================================
Received Import Request.
  Time since last request: 0.000015 seconds.
  path: Assets/Projeto/Assets/Henrique/Personagens/Texturas/DefaultMaterial_Metallic.png
  artifactKey: Guid(3e7ec654b56ceab4093818cfb8b2bc6b) Importer(2089858483,b0f066a214c2f5e87bad3c948f4d605d)
Start importing Assets/Projeto/Assets/Henrique/Personagens/Texturas/DefaultMaterial_Metallic.png using Guid(3e7ec654b56ceab4093818cfb8b2bc6b) Importer(2089858483,b0f066a214c2f5e87bad3c948f4d605d) (ScriptedImporter) -> (artifact id: '578a4acdd22405b1dcd05038462e5885') in 0.0204189 seconds
Number of updated asset objects reloaded before import = 0Number of asset objects unloaded after import = 1

========================================================================
Received Import Request.
  Time since last request: 0.000014 seconds.
  path: Assets/Projeto/Assets/Guilherme/personagens/lawrence/lawrence.fbx
  artifactKey: Guid(a6ff41ae932194ce883c8906b8107920) Importer(2089858483,b0f066a214c2f5e87bad3c948f4d605d)
Start importing Assets/Projeto/Assets/Guilherme/personagens/lawrence/lawrence.fbx using Guid(a6ff41ae932194ce883c8906b8107920) Importer(2089858483,b0f066a214c2f5e87bad3c948f4d605d) (ScriptedImporter) -> (artifact id: 'a3f862bd72f92e250312aa4e8cc685d2') in 0.0263385 seconds
Number of updated asset objects reloaded before import = 0Number of asset objects unloaded after import = 167

========================================================================
Received Import Request.
  Time since last request: 0.000026 seconds.
  path: Assets/Projeto/Assets/Henrique/Personagens/Texturas/Material_Displacement.png
  artifactKey: Guid(2b2e0babc91e77145846b129abe414e1) Importer(2089858483,b0f066a214c2f5e87bad3c948f4d605d)
Start importing Assets/Projeto/Assets/Henrique/Personagens/Texturas/Material_Displacement.png using Guid(2b2e0babc91e77145846b129abe414e1) Importer(2089858483,b0f066a214c2f5e87bad3c948f4d605d) (ScriptedImporter) -> (artifact id: '972a5b18d5eb8c2bddf5bf9835e3185d') in 0.0232244 seconds
Number of updated asset objects reloaded before import = 0Number of asset objects unloaded after import = 1

========================================================================
Received Import Request.
  Time since last request: 0.000016 seconds.
  path: Assets/Projeto/Assets/Guilherme/personagens/lawrence/lawrence_Mixed_AO.png
  artifactKey: Guid(a63c56f3f92734af0b54b8b9d7590eea) Importer(2089858483,b0f066a214c2f5e87bad3c948f4d605d)
Start importing Assets/Projeto/Assets/Guilherme/personagens/lawrence/lawrence_Mixed_AO.png using Guid(a63c56f3f92734af0b54b8b9d7590eea) Importer(2089858483,b0f066a214c2f5e87bad3c948f4d605d) (ScriptedImporter) -> (artifact id: '550dcb3f1d44905c6e9bebd7cb52fadf') in 0.0227447 seconds
Number of updated asset objects reloaded before import = 0Number of asset objects unloaded after import = 1

========================================================================
Received Import Request.
  Time since last request: 0.000017 seconds.
  path: Assets/Projeto/Assets/Guilherme/personagens/lawrence/Material 1.mat
  artifactKey: Guid(82621b1cad5b64b2688bb5d148b50b8b) Importer(2089858483,b0f066a214c2f5e87bad3c948f4d605d)
Start importing Assets/Projeto/Assets/Guilherme/personagens/lawrence/Material 1.mat using Guid(82621b1cad5b64b2688bb5d148b50b8b) Importer(2089858483,b0f066a214c2f5e87bad3c948f4d605d) (ScriptedImporter) -> (artifact id: '28e189be957f10e8b6019ea14ea0a907') in 0.021404 seconds
Number of updated asset objects reloaded before import = 0Number of asset objects unloaded after import = 3

========================================================================
Received Import Request.
  Time since last request: 0.000029 seconds.
  path: Assets/Projeto/Assets/Guilherme/personagens/lawrence/lawrence_Base_metalness.png
  artifactKey: Guid(f51ca06e695bd4cd48a708e81358374c) Importer(2089858483,b0f066a214c2f5e87bad3c948f4d605d)
Start importing Assets/Projeto/Assets/Guilherme/personagens/lawrence/lawrence_Base_metalness.png using Guid(f51ca06e695bd4cd48a708e81358374c) Importer(2089858483,b0f066a214c2f5e87bad3c948f4d605d) (ScriptedImporter) -> (artifact id: '0909522677770b302fd5bcc1176e51fe') in 0.0244833 seconds
Number of updated asset objects reloaded before import = 0Number of asset objects unloaded after import = 1

========================================================================
Received Import Request.
  Time since last request: 0.000015 seconds.
  path: Assets/Projeto/Assets/Guilherme/personagens/lawrence/Material.mat
  artifactKey: Guid(aad338d90c5d74a0d8457609a94f20dc) Importer(2089858483,b0f066a214c2f5e87bad3c948f4d605d)
Start importing Assets/Projeto/Assets/Guilherme/personagens/lawrence/Material.mat using Guid(aad338d90c5d74a0d8457609a94f20dc) Importer(2089858483,b0f066a214c2f5e87bad3c948f4d605d) (ScriptedImporter) -> (artifact id: 'b541c5c3dedabb2f5805463b56cb25c4') in 0.0167156 seconds
Number of updated asset objects reloaded before import = 0Number of asset objects unloaded after import = 3

========================================================================
Received Import Request.
  Time since last request: 0.000021 seconds.
  path: Assets/Projeto/Assets/Guilherme/personagens/lawrence/lawrence_Base_color.png
  artifactKey: Guid(4f1358043bc3945e4a8c74443c1b3a56) Importer(2089858483,b0f066a214c2f5e87bad3c948f4d605d)
Start importing Assets/Projeto/Assets/Guilherme/personagens/lawrence/lawrence_Base_color.png using Guid(4f1358043bc3945e4a8c74443c1b3a56) Importer(2089858483,b0f066a214c2f5e87bad3c948f4d605d) (ScriptedImporter) -> (artifact id: '9367ac971cf51bcbc8f960ed38d48fce') in 0.0137825 seconds
Number of updated asset objects reloaded before import = 0Number of asset objects unloaded after import = 1

========================================================================
Received Import Request.
  Time since last request: 3118.895156 seconds.
  path: Assets/Projeto/Scena/Menu
  artifactKey: Guid(98ba74137c6f5f24d8dea8529e1ea81e) Importer(815301076,1909f56bfc062723c751e8b465ee728b)
Start importing Assets/Projeto/Scena/Menu using Guid(98ba74137c6f5f24d8dea8529e1ea81e) Importer(815301076,1909f56bfc062723c751e8b465ee728b) (PreviewImporter) -> (artifact id: '7954766d6d08f7404b0a47fccab1de9d') in 0.0035819 seconds
Number of updated asset objects reloaded before import = 0Number of asset objects unloaded after import = 0

========================================================================
Received Import Request.
  Time since last request: 1.286278 seconds.
  path: Assets/Projeto/Scena/Menu/MainMenu.unity
  artifactKey: Guid(b592add88cc03b24497a7cd0f9df9ac4) Importer(815301076,1909f56bfc062723c751e8b465ee728b)
Start importing Assets/Projeto/Scena/Menu/MainMenu.unity using Guid(b592add88cc03b24497a7cd0f9df9ac4) Importer(815301076,1909f56bfc062723c751e8b465ee728b) (PreviewImporter) -> (artifact id: '8f684c43fe73737fb819f496478b54c4') in 0.0007782 seconds
Number of updated asset objects reloaded before import = 0Number of asset objects unloaded after import = 0

========================================================================
Received Import Request.
  Time since last request: 10.571310 seconds.
  path: Assets/Projeto/Scena/Primeiro Mapa/Cadeia_Dentro.unity
  artifactKey: Guid(1e67d1530de17de44ab815eef34be47f) Importer(815301076,1909f56bfc062723c751e8b465ee728b)
Start importing Assets/Projeto/Scena/Primeiro Mapa/Cadeia_Dentro.unity using Guid(1e67d1530de17de44ab815eef34be47f) Importer(815301076,1909f56bfc062723c751e8b465ee728b) (PreviewImporter) -> (artifact id: 'c3ce6997dc8230ca6b96514368482542') in 0.0007146 seconds
Number of updated asset objects reloaded before import = 0Number of asset objects unloaded after import = 0

========================================================================
Received Import Request.
  Time since last request: 1417.952790 seconds.
  path: Assets/Projeto/Scena/Primeiro Mapa/Cadeia_Dentro.unity
  artifactKey: Guid(1e67d1530de17de44ab815eef34be47f) Importer(2089858483,b0f066a214c2f5e87bad3c948f4d605d)
Start importing Assets/Projeto/Scena/Primeiro Mapa/Cadeia_Dentro.unity using Guid(1e67d1530de17de44ab815eef34be47f) Importer(2089858483,b0f066a214c2f5e87bad3c948f4d605d) (ScriptedImporter) -> (artifact id: '4909e8483ce5b20ba711f6e4ee289c89') in 0.0364382 seconds
Number of updated asset objects reloaded before import = 0Number of asset objects unloaded after import = 1

========================================================================
Received Import Request.
  Time since last request: 37.950366 seconds.
  path: Assets/Settings/HDRP High Fidelity.asset
  artifactKey: Guid(36dd385e759c96147b6463dcd1149c11) Importer(2089858483,b0f066a214c2f5e87bad3c948f4d605d)
Start importing Assets/Settings/HDRP High Fidelity.asset using Guid(36dd385e759c96147b6463dcd1149c11) Importer(2089858483,b0f066a214c2f5e87bad3c948f4d605d) (ScriptedImporter) -> (artifact id: 'fd87fa795a5601a2792dd7da02553336') in 0.0203268 seconds
Number of updated asset objects reloaded before import = 0Number of asset objects unloaded after import = 1

========================================================================
Received Import Request.
  Time since last request: 0.000014 seconds.
  path: Assets/Settings/HDRP Balanced.asset
  artifactKey: Guid(3e2e6bfc59709614ab90c0cd7d755e48) Importer(2089858483,b0f066a214c2f5e87bad3c948f4d605d)
Start importing Assets/Settings/HDRP Balanced.asset using Guid(3e2e6bfc59709614ab90c0cd7d755e48) Importer(2089858483,b0f066a214c2f5e87bad3c948f4d605d) (ScriptedImporter) -> (artifact id: '4cffef642913176f6a988c2776ebb891') in 0.0165089 seconds
Number of updated asset objects reloaded before import = 0Number of asset objects unloaded after import = 1

========================================================================
Received Prepare
Begin MonoManager ReloadAssembly
[Licensing::Client] Successfully resolved entitlement details
ADTM: Control thread waiting for realtime thread timed out, have to lock...
Symbol file LoadedFromMemory is not a mono symbol file
- Loaded All Assemblies, in  3.263 seconds
'Packages/com.unity.cinemachine/Editor/Obsolete/CinemachineVirtualCameraBaseEditor.cs' contains partial class of Unity.Object, exactly 1 of the partial classes needs to be in a file with the same filename. This is to know the one that can be referenced from ie. GameObjects
'Packages/com.unity.cinemachine/Editor/Editors/CinemachineVirtualCameraBaseEditor.cs' contains partial class of Unity.Object, exactly 1 of the partial classes needs to be in a file with the same filename. This is to know the one that can be referenced from ie. GameObjects
Refreshing native plugins compatible for Editor in 1.99 ms, found 3 plugins.
Native extension for iOS target not found
Native extension for Android target not found
Native extension for UWP target not found
Native extension for WindowsStandalone target not found
[Package Manager] Failed to launch server process. Reason: Unity was launched with the -noUpm command-line argument
[Package Manager] Unable to send message (not connected to server process).
[Package Manager] Cannot connect to Unity Package Manager local server
[Package Manager] Failed to launch server process. Reason: Unity was launched with the -noUpm command-line argument
[Package Manager] Unable to send message (not connected to server process).
[Package Manager] Cannot connect to Unity Package Manager local server
ScheduleIndexationOnStartup MainProcess:False IndexOnStartup:True
Mono: successfully reloaded assembly
[Package Manager] Failed to launch server process. Reason: Unity was launched with the -noUpm command-line argument
[Package Manager] Unable to send message (not connected to server process).
[Package Manager] Cannot connect to Unity Package Manager local server
- Finished resetting the current domain, in  0.833 seconds
Domain Reload Profiling: 4103ms
	BeginReloadAssembly (1512ms)
		ExecutionOrderSort (0ms)
		DisableScriptedObjects (20ms)
		BackupInstance (0ms)
		ReleaseScriptingObjects (2ms)
		CreateAndSetChildDomain (1192ms)
	RebuildCommonClasses (38ms)
	RebuildNativeTypeToScriptingClass (13ms)
	initialDomainReloadingComplete (51ms)
	LoadAllAssembliesAndSetupDomain (1657ms)
		LoadAssemblies (1426ms)
		RebuildTransferFunctionScriptingTraits (0ms)
		AnalyzeDomain (332ms)
			TypeCache.Refresh (14ms)
				TypeCache.ScanAssembly (0ms)
			BuildScriptInfoCaches (298ms)
			ResolveRequiredComponents (11ms)
	FinalizeReload (833ms)
		ReleaseScriptCaches (0ms)
		RebuildScriptCaches (0ms)
		SetupLoadedEditorAssemblies (645ms)
			LogAssemblyErrors (0ms)
			InitializePlatformSupportModulesInManaged (10ms)
			SetLoadedEditorAssemblies (8ms)
			BeforeProcessingInitializeOnLoad (153ms)
			ProcessInitializeOnLoadAttributes (314ms)
			ProcessInitializeOnLoadMethodAttributes (157ms)
			AfterProcessingInitializeOnLoad (3ms)
			EditorAssembliesLoaded (1ms)
		ExecutionOrderSort2 (0ms)
		AwakeInstancesAfterBackupRestoration (13ms)
Refreshing native plugins compatible for Editor in 1.75 ms, found 3 plugins.
Preloading 0 native plugins for Editor in 0.00 ms.
Unloading 7 Unused Serialized files (Serialized files now loaded: 0)
Unloading 10730 unused Assets / (7.0 MB). Loaded Objects now: 11836.
Memory consumption went from 257.6 MB to 250.7 MB.
Total: 12.113900 ms (FindLiveObjects: 0.831300 ms CreateObjectMapping: 0.785600 ms MarkObjects: 6.984700 ms  DeleteObjects: 3.511100 ms)

Prepare: number of updated asset objects reloaded= 0
========================================================================
Received Prepare
'Packages/com.unity.cinemachine/Editor/Obsolete/CinemachineVirtualCameraBaseEditor.cs' contains partial class of Unity.Object, exactly 1 of the partial classes needs to be in a file with the same filename. This is to know the one that can be referenced from ie. GameObjects
'Packages/com.unity.cinemachine/Editor/Editors/CinemachineVirtualCameraBaseEditor.cs' contains partial class of Unity.Object, exactly 1 of the partial classes needs to be in a file with the same filename. This is to know the one that can be referenced from ie. GameObjects
Refreshing native plugins compatible for Editor in 17.58 ms, found 3 plugins.
Preloading 0 native plugins for Editor in 0.00 ms.
Unloading 7 Unused Serialized files (Serialized files now loaded: 0)
Unloading 10707 unused Assets / (4.9 MB). Loaded Objects now: 11836.
Memory consumption went from 252.2 MB to 247.3 MB.
Total: 36.301500 ms (FindLiveObjects: 4.271800 ms CreateObjectMapping: 1.399300 ms MarkObjects: 25.799800 ms  DeleteObjects: 4.828600 ms)

Prepare: number of updated asset objects reloaded= 0
========================================================================
Received Prepare
Begin MonoManager ReloadAssembly
[Licensing::Client] Successfully resolved entitlement details
ADTM: Control thread waiting for realtime thread timed out, have to lock...
Symbol file LoadedFromMemory is not a mono symbol file
- Loaded All Assemblies, in  1.863 seconds
'Packages/com.unity.cinemachine/Editor/Obsolete/CinemachineVirtualCameraBaseEditor.cs' contains partial class of Unity.Object, exactly 1 of the partial classes needs to be in a file with the same filename. This is to know the one that can be referenced from ie. GameObjects
'Packages/com.unity.cinemachine/Editor/Editors/CinemachineVirtualCameraBaseEditor.cs' contains partial class of Unity.Object, exactly 1 of the partial classes needs to be in a file with the same filename. This is to know the one that can be referenced from ie. GameObjects
Refreshing native plugins compatible for Editor in 1.17 ms, found 3 plugins.
Native extension for iOS target not found
Native extension for Android target not found
Native extension for UWP target not found
Native extension for WindowsStandalone target not found
[Package Manager] Failed to launch server process. Reason: Unity was launched with the -noUpm command-line argument
[Package Manager] Unable to send message (not connected to server process).
[Package Manager] Cannot connect to Unity Package Manager local server
[Package Manager] Failed to launch server process. Reason: Unity was launched with the -noUpm command-line argument
[Package Manager] Unable to send message (not connected to server process).
[Package Manager] Cannot connect to Unity Package Manager local server
ScheduleIndexationOnStartup MainProcess:False IndexOnStartup:True
Mono: successfully reloaded assembly
[Package Manager] Failed to launch server process. Reason: Unity was launched with the -noUpm command-line argument
[Package Manager] Unable to send message (not connected to server process).
[Package Manager] Cannot connect to Unity Package Manager local server
- Finished resetting the current domain, in  0.737 seconds
Domain Reload Profiling: 2601ms
	BeginReloadAssembly (1235ms)
		ExecutionOrderSort (0ms)
		DisableScriptedObjects (7ms)
		BackupInstance (0ms)
		ReleaseScriptingObjects (0ms)
		CreateAndSetChildDomain (1072ms)
	RebuildCommonClasses (29ms)
	RebuildNativeTypeToScriptingClass (13ms)
	initialDomainReloadingComplete (47ms)
	LoadAllAssembliesAndSetupDomain (539ms)
		LoadAssemblies (352ms)
		RebuildTransferFunctionScriptingTraits (0ms)
		AnalyzeDomain (269ms)
			TypeCache.Refresh (15ms)
				TypeCache.ScanAssembly (1ms)
			BuildScriptInfoCaches (238ms)
			ResolveRequiredComponents (11ms)
	FinalizeReload (737ms)
		ReleaseScriptCaches (0ms)
		RebuildScriptCaches (0ms)
		SetupLoadedEditorAssemblies (567ms)
			LogAssemblyErrors (0ms)
			InitializePlatformSupportModulesInManaged (9ms)
			SetLoadedEditorAssemblies (5ms)
			BeforeProcessingInitializeOnLoad (138ms)
			ProcessInitializeOnLoadAttributes (272ms)
			ProcessInitializeOnLoadMethodAttributes (138ms)
			AfterProcessingInitializeOnLoad (3ms)
			EditorAssembliesLoaded (1ms)
		ExecutionOrderSort2 (0ms)
		AwakeInstancesAfterBackupRestoration (14ms)
Refreshing native plugins compatible for Editor in 1.35 ms, found 3 plugins.
Preloading 0 native plugins for Editor in 0.00 ms.
Unloading 7 Unused Serialized files (Serialized files now loaded: 0)
Unloading 10724 unused Assets / (6.3 MB). Loaded Objects now: 11840.
Memory consumption went from 257.6 MB to 251.3 MB.
Total: 8.812100 ms (FindLiveObjects: 0.798700 ms CreateObjectMapping: 0.760900 ms MarkObjects: 4.765400 ms  DeleteObjects: 2.485500 ms)

Prepare: number of updated asset objects reloaded= 0
========================================================================
Received Prepare
Begin MonoManager ReloadAssembly
ADTM: Control thread waiting for realtime thread timed out, have to lock...
Symbol file LoadedFromMemory is not a mono symbol file
- Loaded All Assemblies, in  1.823 seconds
'Packages/com.unity.cinemachine/Editor/Obsolete/CinemachineVirtualCameraBaseEditor.cs' contains partial class of Unity.Object, exactly 1 of the partial classes needs to be in a file with the same filename. This is to know the one that can be referenced from ie. GameObjects
'Packages/com.unity.cinemachine/Editor/Editors/CinemachineVirtualCameraBaseEditor.cs' contains partial class of Unity.Object, exactly 1 of the partial classes needs to be in a file with the same filename. This is to know the one that can be referenced from ie. GameObjects
Refreshing native plugins compatible for Editor in 1.32 ms, found 3 plugins.
Native extension for iOS target not found
Native extension for Android target not found
Native extension for UWP target not found
Native extension for WindowsStandalone target not found
[Package Manager] Failed to launch server process. Reason: Unity was launched with the -noUpm command-line argument
[Package Manager] Unable to send message (not connected to server process).
[Package Manager] Cannot connect to Unity Package Manager local server
[Package Manager] Failed to launch server process. Reason: Unity was launched with the -noUpm command-line argument
[Package Manager] Unable to send message (not connected to server process).
[Package Manager] Cannot connect to Unity Package Manager local server
ScheduleIndexationOnStartup MainProcess:False IndexOnStartup:True
Mono: successfully reloaded assembly
[Package Manager] Failed to launch server process. Reason: Unity was launched with the -noUpm command-line argument
[Package Manager] Unable to send message (not connected to server process).
[Package Manager] Cannot connect to Unity Package Manager local server
- Finished resetting the current domain, in  0.793 seconds
Domain Reload Profiling: 2616ms
	BeginReloadAssembly (1209ms)
		ExecutionOrderSort (0ms)
		DisableScriptedObjects (5ms)
		BackupInstance (0ms)
		ReleaseScriptingObjects (0ms)
		CreateAndSetChildDomain (1060ms)
	RebuildCommonClasses (31ms)
	RebuildNativeTypeToScriptingClass (13ms)
	initialDomainReloadingComplete (46ms)
	LoadAllAssembliesAndSetupDomain (524ms)
		LoadAssemblies (345ms)
		RebuildTransferFunctionScriptingTraits (0ms)
		AnalyzeDomain (259ms)
			TypeCache.Refresh (8ms)
				TypeCache.ScanAssembly (0ms)
			BuildScriptInfoCaches (236ms)
			ResolveRequiredComponents (10ms)
	FinalizeReload (793ms)
		ReleaseScriptCaches (0ms)
		RebuildScriptCaches (0ms)
		SetupLoadedEditorAssemblies (614ms)
			LogAssemblyErrors (0ms)
			InitializePlatformSupportModulesInManaged (9ms)
			SetLoadedEditorAssemblies (5ms)
			BeforeProcessingInitializeOnLoad (146ms)
			ProcessInitializeOnLoadAttributes (296ms)
			ProcessInitializeOnLoadMethodAttributes (153ms)
			AfterProcessingInitializeOnLoad (3ms)
			EditorAssembliesLoaded (1ms)
		ExecutionOrderSort2 (0ms)
		AwakeInstancesAfterBackupRestoration (13ms)
Refreshing native plugins compatible for Editor in 2.06 ms, found 3 plugins.
Preloading 0 native plugins for Editor in 0.00 ms.
Unloading 7 Unused Serialized files (Serialized files now loaded: 0)
Unloading 10724 unused Assets / (6.1 MB). Loaded Objects now: 11844.
Memory consumption went from 257.7 MB to 251.6 MB.
Total: 12.575600 ms (FindLiveObjects: 0.888700 ms CreateObjectMapping: 0.918100 ms MarkObjects: 7.398100 ms  DeleteObjects: 3.369200 ms)

Prepare: number of updated asset objects reloaded= 0
========================================================================
Received Prepare
Begin MonoManager ReloadAssembly
[Licensing::Client] Successfully resolved entitlement details
ADTM: Control thread waiting for realtime thread timed out, have to lock...
Symbol file LoadedFromMemory is not a mono symbol file
- Loaded All Assemblies, in  1.875 seconds
'Packages/com.unity.cinemachine/Editor/Obsolete/CinemachineVirtualCameraBaseEditor.cs' contains partial class of Unity.Object, exactly 1 of the partial classes needs to be in a file with the same filename. This is to know the one that can be referenced from ie. GameObjects
'Packages/com.unity.cinemachine/Editor/Editors/CinemachineVirtualCameraBaseEditor.cs' contains partial class of Unity.Object, exactly 1 of the partial classes needs to be in a file with the same filename. This is to know the one that can be referenced from ie. GameObjects
Refreshing native plugins compatible for Editor in 1.57 ms, found 3 plugins.
Native extension for iOS target not found
Native extension for Android target not found
Native extension for UWP target not found
Native extension for WindowsStandalone target not found
[Package Manager] Failed to launch server process. Reason: Unity was launched with the -noUpm command-line argument
[Package Manager] Unable to send message (not connected to server process).
[Package Manager] Cannot connect to Unity Package Manager local server
[Package Manager] Failed to launch server process. Reason: Unity was launched with the -noUpm command-line argument
[Package Manager] Unable to send message (not connected to server process).
[Package Manager] Cannot connect to Unity Package Manager local server
ScheduleIndexationOnStartup MainProcess:False IndexOnStartup:True
Mono: successfully reloaded assembly
[Package Manager] Failed to launch server process. Reason: Unity was launched with the -noUpm command-line argument
[Package Manager] Unable to send message (not connected to server process).
[Package Manager] Cannot connect to Unity Package Manager local server
- Finished resetting the current domain, in  0.849 seconds
Domain Reload Profiling: 2727ms
	BeginReloadAssembly (1230ms)
		ExecutionOrderSort (0ms)
		DisableScriptedObjects (5ms)
		BackupInstance (0ms)
		ReleaseScriptingObjects (0ms)
		CreateAndSetChildDomain (1070ms)
	RebuildCommonClasses (30ms)
	RebuildNativeTypeToScriptingClass (12ms)
	initialDomainReloadingComplete (41ms)
	LoadAllAssembliesAndSetupDomain (564ms)
		LoadAssemblies (344ms)
		RebuildTransferFunctionScriptingTraits (0ms)
		AnalyzeDomain (297ms)
			TypeCache.Refresh (10ms)
				TypeCache.ScanAssembly (0ms)
			BuildScriptInfoCaches (272ms)
			ResolveRequiredComponents (10ms)
	FinalizeReload (849ms)
		ReleaseScriptCaches (0ms)
		RebuildScriptCaches (0ms)
		SetupLoadedEditorAssemblies (658ms)
			LogAssemblyErrors (0ms)
			InitializePlatformSupportModulesInManaged (10ms)
			SetLoadedEditorAssemblies (6ms)
			BeforeProcessingInitializeOnLoad (177ms)
			ProcessInitializeOnLoadAttributes (314ms)
			ProcessInitializeOnLoadMethodAttributes (146ms)
			AfterProcessingInitializeOnLoad (5ms)
			EditorAssembliesLoaded (1ms)
		ExecutionOrderSort2 (0ms)
		AwakeInstancesAfterBackupRestoration (14ms)
Refreshing native plugins compatible for Editor in 1.62 ms, found 3 plugins.
Preloading 0 native plugins for Editor in 0.00 ms.
Unloading 7 Unused Serialized files (Serialized files now loaded: 0)
Unloading 10724 unused Assets / (6.1 MB). Loaded Objects now: 11848.
Memory consumption went from 257.8 MB to 251.7 MB.
Total: 9.368600 ms (FindLiveObjects: 0.792800 ms CreateObjectMapping: 0.781600 ms MarkObjects: 4.972300 ms  DeleteObjects: 2.821100 ms)

Prepare: number of updated asset objects reloaded= 0
