Built from '6000.3/respin/6000.3.6f1-732c1ec89f18' branch; Version is '6000.3.6f1 (bbb010bdb8a3) revision 12300304'; Using compiler version '194234433'; Build Type 'Release'
[Licensing::Module] Trying to connect to existing licensing client channel...
OS: 'Windows 10  (10.0.19045) 64bit Professional' Language: 'pt' Physical Memory: 24480 MB
BatchMode: 1, IsHumanControllingUs: 0, StartBugReporterOnCrash: 0, Is64bit: 1
System  architecture: x64
Process architecture: x64
Date: 2026-09-30T21:39:47Z
[Licensing::IpcConnector] Successfully connected to: "LicenseClient-heric" at "2026-09-30T21:39:47.0675548Z"

COMMAND LINE ARGUMENTS:
C:\Program Files\Unity\Hub\Editor\6000.3.6f1\Editor\Unity.exe
-adb2
-batchMode
-noUpm
-name
AssetImportWorker0
-projectPath
F:/Projetos/Unity/ProjetoFastag
-logFile
Logs/AssetImportWorker0.log
-srvPort
64410
-licensingIpc
LicenseClient-heric
-job-worker-count
13
-background-job-worker-count
8
-gc-helper-count
1
-name
AssetImport
Successfully changed project path to: F:/Projetos/Unity/ProjetoFastag
F:/Projetos/Unity/ProjetoFastag
[UnityMemory] Configuration Parameters - Can be set up in boot.config
    "memorysetup-temp-allocator-size-nav-mesh-worker=65536"
    "memorysetup-temp-allocator-size-audio-worker=65536"
    "memorysetup-temp-allocator-size-gfx=262144"
    "memorysetup-allocator-temp-initial-block-size-main=262144"
    "memorysetup-allocator-temp-initial-block-size-worker=262144"
    "memorysetup-temp-allocator-size-background-worker=32768"
    "memorysetup-temp-allocator-size-job-worker=262144"
    "memorysetup-temp-allocator-size-preload-manager=33554432"
    "memorysetup-temp-allocator-size-gi-baking-worker=262144"
    "memorysetup-temp-allocator-size-gi-baking-worker=262144"
    "memorysetup-temp-allocator-size-gi-baking-worker=262144"
    "memorysetup-temp-allocator-size-gi-baking-worker=262144"
    "memorysetup-temp-allocator-size-gi-baking-worker=262144"
    "memorysetup-bucket-allocator-granularity=16"
    "memorysetup-bucket-allocator-bucket-count=8"
    "memorysetup-bucket-allocator-block-size=33554432"
    "memorysetup-bucket-allocator-block-count=8"
    "memorysetup-main-allocator-block-size=16777216"
    "memorysetup-thread-allocator-block-size=16777216"
    "memorysetup-gfx-main-allocator-block-size=16777216"
    "memorysetup-gfx-thread-allocator-block-size=16777216"
    "memorysetup-cache-allocator-block-size=4194304"
    "memorysetup-typetree-allocator-block-size=2097152"
    "memorysetup-profiler-bucket-allocator-granularity=16"
    "memorysetup-profiler-bucket-allocator-bucket-count=8"
    "memorysetup-profiler-bucket-allocator-block-size=33554432"
    "memorysetup-profiler-bucket-allocator-block-count=8"
    "memorysetup-profiler-allocator-block-size=16777216"
    "memorysetup-profiler-editor-allocator-block-size=1048576"
    "memorysetup-temp-allocator-size-main=16777216"
    "memorysetup-job-temp-allocator-block-size=2097152"
    "memorysetup-job-temp-allocator-block-size-background=1048576"
    "memorysetup-job-temp-allocator-reduction-small-platforms=262144"
    "memorysetup-temp-allocator-size-cloud-worker=32768"
Player connection [24784]  Target information:

Player connection [24784]  * "[IP] 192.168.1.110 [Port] 0 [Flags] 2 [Guid] 292545741 [EditorId] 292545741 [Version] 1048832 [Id] WindowsEditor(7,DESKTOP-5DUAORT) [Debug] 1 [PackageName] WindowsEditor [ProjectName] Editor" 

Player connection [24784]  * "[IP] 26.189.206.8 [Port] 0 [Flags] 2 [Guid] 292545741 [EditorId] 292545741 [Version] 1048832 [Id] WindowsEditor(7,DESKTOP-5DUAORT) [Debug] 1 [PackageName] WindowsEditor [ProjectName] Editor" 

Player connection [24784] Host joined multi-casting on [225.0.0.222:54997]...
Player connection [24784] Host joined alternative multi-casting on [225.0.0.222:34997]...
JobSystem: Creating JobQueue using job-worker-count value 13
Input System module state changed to: Initialized.
[Physics::Module] Initialized fallback backend.
[Physics::Module] Id: 0xdecafbad
Library Redirect Path: Library/
[Physics::Module] Selected backend.
[Physics::Module] Name: PhysX
[Physics::Module] Id: 0xf2b8ea05
[Physics::Module] SDK Version: 4.1.2
[Physics::Module] Integration Version: 1.0.0
[Physics::Module] Threading Mode: Multi-Threaded
Refreshing native plugins compatible for Editor in 16.53 ms, found 3 plugins.
Preloading 0 native plugins for Editor in 0.00 ms.
Initialize engine version: 6000.3.6f1 (bbb010bdb8a3)
[Subsystems] Discovering subsystems at path C:/Program Files/Unity/Hub/Editor/6000.3.6f1/Editor/Data/Resources/UnitySubsystems
[Subsystems] Discovering subsystems at path F:/Projetos/Unity/ProjetoFastag/Assets
GfxDevice: creating device client; kGfxThreadingModeNonThreaded
Direct3D:
    Version:  Direct3D 11.0 [level 11.1]
    Renderer: AMD Radeon RX 7600 (ID=0x7480)
    Vendor:   ATI
    VRAM:     8150 MB
    Driver:   32.0.31019.2002
Initialize mono
Mono path[0] = 'C:/Program Files/Unity/Hub/Editor/6000.3.6f1/Editor/Data/Managed'
Mono path[1] = 'C:/Program Files/Unity/Hub/Editor/6000.3.6f1/Editor/Data/MonoBleedingEdge/lib/mono/unityjit-win32'
Mono config path = 'C:/Program Files/Unity/Hub/Editor/6000.3.6f1/Editor/Data/MonoBleedingEdge/etc'
Using monoOptions --debugger-agent=transport=dt_socket,embedding=1,server=y,suspend=n,address=127.0.0.1:56228
Begin MonoManager ReloadAssembly
Registering precompiled unity dll's ...
Register platform support module: C:/Program Files/Unity/Hub/Editor/6000.3.6f1/Editor/Data/PlaybackEngines/WebGLSupport/UnityEditor.WebGL.Extensions.dll
Register platform support module: C:/Program Files/Unity/Hub/Editor/6000.3.6f1/Editor/Data/PlaybackEngines/WindowsStandaloneSupport/UnityEditor.WindowsStandalone.Extensions.dll
[Licensing::Module] Licensing is not yet initialized.
[Licensing::Client] Handshaking with LicensingClient:
  Version:                 1.17.4+4293ba1
  Session Id:              0432254ea3b248c08ed5efbbcf3f0ab3
  Correlation Id:          c3b1f154600bcf733d1352bfa1819060
  External correlation Id: 8491848592813972532
  Machine Id:              j7shxX9+bXaR1d19g335bCvrRdM=
[Licensing::Module] Successfully connected to LicensingClient on channel: "LicenseClient-heric" (connect: 0.00s, validation: 0.00s, handshake: 2.45s)
[Licensing::IpcConnector] Successfully connected to: "LicenseClient-heric-notifications" at "2026-09-30T21:39:49.5231757Z"
[Licensing::Module] Licensing Background thread has ended after 2.46s
[Licensing::Module] Licensing is initialized (took 1.07s).
[Licensing::Client] Successfully resolved entitlement details
[Licensing::Module] License group:
  Id: 4672968327011-UnityPersXXXX
  Product: Unity Personal
  Type: Assigned
  Expiration: Unlimited
Register platform support module: C:/Program Files/Unity/Hub/Editor/6000.3.6f1/Editor/Data/PlaybackEngines/AndroidPlayer/UnityEditor.Android.Extensions.dll
Registered in 1.083065 seconds.
- Loaded All Assemblies, in  1.873 seconds
Native extension for Android target not found
Native extension for WindowsStandalone target not found
Native extension for WebGL target not found
ScheduleIndexationOnStartup MainProcess:False IndexOnStartup:True
Mono: successfully reloaded assembly
- Finished resetting the current domain, in  0.779 seconds
Domain Reload Profiling: 2647ms
	BeginReloadAssembly (257ms)
		ExecutionOrderSort (0ms)
		DisableScriptedObjects (0ms)
		BackupInstance (0ms)
		ReleaseScriptingObjects (0ms)
		CreateAndSetChildDomain (1ms)
	RebuildCommonClasses (72ms)
	RebuildNativeTypeToScriptingClass (27ms)
	initialDomainReloadingComplete (1170ms)
	LoadAllAssembliesAndSetupDomain (342ms)
		LoadAssemblies (252ms)
		RebuildTransferFunctionScriptingTraits (0ms)
		AnalyzeDomain (334ms)
			TypeCache.Refresh (332ms)
				TypeCache.ScanAssembly (308ms)
			BuildScriptInfoCaches (0ms)
			ResolveRequiredComponents (1ms)
	FinalizeReload (779ms)
		ReleaseScriptCaches (0ms)
		RebuildScriptCaches (0ms)
		SetupLoadedEditorAssemblies (686ms)
			LogAssemblyErrors (0ms)
			InitializePlatformSupportModulesInManaged (117ms)
			SetLoadedEditorAssemblies (6ms)
			BeforeProcessingInitializeOnLoad (161ms)
			ProcessInitializeOnLoadAttributes (275ms)
			ProcessInitializeOnLoadMethodAttributes (127ms)
			AfterProcessingInitializeOnLoad (0ms)
			EditorAssembliesLoaded (0ms)
		ExecutionOrderSort2 (0ms)
		AwakeInstancesAfterBackupRestoration (0ms)
========================================================================
Worker process is ready to serve import requests
Import Worker Mode flag is 0x00
Begin MonoManager ReloadAssembly
[Licensing::Client] Successfully resolved entitlement details
Symbol file LoadedFromMemory is not a mono symbol file
- Loaded All Assemblies, in  1.717 seconds
'Packages/com.unity.cinemachine/Editor/Obsolete/CinemachineVirtualCameraBaseEditor.cs' contains partial class of Unity.Object, exactly 1 of the partial classes needs to be in a file with the same filename. This is to know the one that can be referenced from ie. GameObjects
'Packages/com.unity.cinemachine/Editor/Editors/CinemachineVirtualCameraBaseEditor.cs' contains partial class of Unity.Object, exactly 1 of the partial classes needs to be in a file with the same filename. This is to know the one that can be referenced from ie. GameObjects
Refreshing native plugins compatible for Editor in 2.57 ms, found 3 plugins.
Native extension for Android target not found
Native extension for WindowsStandalone target not found
Native extension for WebGL target not found
Package Manager log level set to [2]
[Package Manager] Failed to launch server process. Reason: Unity was launched with the -noUpm command-line argument
[Package Manager] Unable to send message (not connected to server process).
[Package Manager] Cannot connect to Unity Package Manager local server
[Package Manager] Failed to launch server process. Reason: Unity was launched with the -noUpm command-line argument
[Package Manager] Unable to send message (not connected to server process).
[Package Manager] Cannot connect to Unity Package Manager local server
Refreshing native plugins compatible for Editor in 2.46 ms, found 3 plugins.
ScheduleIndexationOnStartup MainProcess:False IndexOnStartup:True
Mono: successfully reloaded assembly
[Package Manager] Failed to launch server process. Reason: Unity was launched with the -noUpm command-line argument
[Package Manager] Unable to send message (not connected to server process).
[Package Manager] Cannot connect to Unity Package Manager local server
[Package Manager] Failed to launch server process. Reason: Unity was launched with the -noUpm command-line argument
[Package Manager] Unable to send message (not connected to server process).
[Package Manager] Cannot connect to Unity Package Manager local server
- Finished resetting the current domain, in  1.988 seconds
Domain Reload Profiling: 3698ms
	BeginReloadAssembly (321ms)
		ExecutionOrderSort (0ms)
		DisableScriptedObjects (10ms)
		BackupInstance (0ms)
		ReleaseScriptingObjects (0ms)
		CreateAndSetChildDomain (61ms)
	RebuildCommonClasses (61ms)
	RebuildNativeTypeToScriptingClass (24ms)
	initialDomainReloadingComplete (102ms)
	LoadAllAssembliesAndSetupDomain (1202ms)
		LoadAssemblies (622ms)
		RebuildTransferFunctionScriptingTraits (0ms)
		AnalyzeDomain (749ms)
			TypeCache.Refresh (511ms)
				TypeCache.ScanAssembly (474ms)
			BuildScriptInfoCaches (208ms)
			ResolveRequiredComponents (23ms)
	FinalizeReload (1989ms)
		ReleaseScriptCaches (0ms)
		RebuildScriptCaches (0ms)
		SetupLoadedEditorAssemblies (1702ms)
			LogAssemblyErrors (0ms)
			InitializePlatformSupportModulesInManaged (16ms)
			SetLoadedEditorAssemblies (11ms)
			BeforeProcessingInitializeOnLoad (328ms)
			ProcessInitializeOnLoadAttributes (663ms)
			ProcessInitializeOnLoadMethodAttributes (673ms)
			AfterProcessingInitializeOnLoad (10ms)
			EditorAssembliesLoaded (1ms)
		ExecutionOrderSort2 (0ms)
		AwakeInstancesAfterBackupRestoration (12ms)
Launched and connected shader compiler UnityShaderCompiler.exe after 0.03 seconds
Refreshing native plugins compatible for Editor in 4.36 ms, found 3 plugins.
Preloading 0 native plugins for Editor in 0.00 ms.
Unloading 12 Unused Serialized files (Serialized files now loaded: 0)
Unloading 10726 unused Assets / (4.7 MB). Loaded Objects now: 11802.
Memory consumption went from 244.7 MB to 240.0 MB.
Total: 19.620600 ms (FindLiveObjects: 1.746300 ms CreateObjectMapping: 1.680200 ms MarkObjects: 11.639400 ms  DeleteObjects: 4.553500 ms)

========================================================================
Received Import Request.
  Time since last request: 5605.438725 seconds.
  path: Assets/DefaultNetworkPrefabs.asset
  artifactKey: Guid(2a6c7d045cce1fa4080993542974c493) Importer(815301076,1909f56bfc062723c751e8b465ee728b)
Start importing Assets/DefaultNetworkPrefabs.asset using Guid(2a6c7d045cce1fa4080993542974c493) Importer(815301076,1909f56bfc062723c751e8b465ee728b) (PreviewImporter) -> (artifact id: '8386910fc5a2b1d8cf79ae1bdd7a3985') in 0.0847867 seconds
Number of updated asset objects reloaded before import = 0Number of asset objects unloaded after import = 481

========================================================================
Received Import Request.
  Time since last request: 0.000035 seconds.
  path: Assets/Master.mixer
  artifactKey: Guid(0c1abade3cfa41842ac0b0814586a494) Importer(815301076,1909f56bfc062723c751e8b465ee728b)
Start importing Assets/Master.mixer using Guid(0c1abade3cfa41842ac0b0814586a494) Importer(815301076,1909f56bfc062723c751e8b465ee728b) (PreviewImporter)Refreshing native plugins compatible for Editor in 3.09 ms, found 3 plugins.
Preloading 0 native plugins for Editor in 0.00 ms.
 -> (artifact id: '9e60b2009525a8c1041135d419587a74') in 0.0070785 seconds
Number of updated asset objects reloaded before import = 0Number of asset objects unloaded after import = 10

========================================================================
Received Import Request.
  Time since last request: 7.676509 seconds.
  path: Assets/Projeto/UI/HUD.uxml
  artifactKey: Guid(b3dabb5addd11134789b84df3d55ec3a) Importer(2089858483,b0f066a214c2f5e87bad3c948f4d605d)
Start importing Assets/Projeto/UI/HUD.uxml using Guid(b3dabb5addd11134789b84df3d55ec3a) Importer(2089858483,b0f066a214c2f5e87bad3c948f4d605d) (ScriptedImporter) -> (artifact id: 'ecfe648aef2f736cd531b3888a25c3dc') in 0.2768154 seconds
Number of updated asset objects reloaded before import = 0Number of asset objects unloaded after import = 2

========================================================================
Received Import Request.
  Time since last request: 0.000022 seconds.
  path: Assets/Projeto/Scripts/Audio/SoundData.cs
  artifactKey: Guid(3dc7296703a55554497a64389829900c) Importer(2089858483,b0f066a214c2f5e87bad3c948f4d605d)
Start importing Assets/Projeto/Scripts/Audio/SoundData.cs using Guid(3dc7296703a55554497a64389829900c) Importer(2089858483,b0f066a214c2f5e87bad3c948f4d605d) (ScriptedImporter) -> (artifact id: 'c5b084844a2a4c41f827ba5fbb5092cb') in 0.0254547 seconds
Number of updated asset objects reloaded before import = 0Number of asset objects unloaded after import = 0

========================================================================
Received Import Request.
  Time since last request: 0.000030 seconds.
  path: Assets/Projeto/Materials/Materials provisórios/parede ney/parede.mat
  artifactKey: Guid(adfc73a286754244bb2782bf47f50071) Importer(2089858483,b0f066a214c2f5e87bad3c948f4d605d)
Start importing Assets/Projeto/Materials/Materials provisórios/parede ney/parede.mat using Guid(adfc73a286754244bb2782bf47f50071) Importer(2089858483,b0f066a214c2f5e87bad3c948f4d605d) (ScriptedImporter) -> (artifact id: 'f33bf9ef6333fbe16ec1a3ffa17702c7') in 0.134099 seconds
Number of updated asset objects reloaded before import = 0Number of asset objects unloaded after import = 4

========================================================================
Received Import Request.
  Time since last request: 0.000021 seconds.
  path: Assets/Projeto/Scena/Menu/MainMenu.unity
  artifactKey: Guid(b592add88cc03b24497a7cd0f9df9ac4) Importer(2089858483,b0f066a214c2f5e87bad3c948f4d605d)
Start importing Assets/Projeto/Scena/Menu/MainMenu.unity using Guid(b592add88cc03b24497a7cd0f9df9ac4) Importer(2089858483,b0f066a214c2f5e87bad3c948f4d605d) (ScriptedImporter) -> (artifact id: '87d6a457218c98547e22dee24364ea54') in 0.0134965 seconds
Number of updated asset objects reloaded before import = 0Number of asset objects unloaded after import = 1

========================================================================
Received Import Request.
  Time since last request: 0.000029 seconds.
  path: Assets/Projeto/Assets/Henrique/Personagens/Kya Texturizada (1).fbx
  artifactKey: Guid(0d9b2ee5ce1a9834abc59405b90a630e) Importer(2089858483,b0f066a214c2f5e87bad3c948f4d605d)
Start importing Assets/Projeto/Assets/Henrique/Personagens/Kya Texturizada (1).fbx using Guid(0d9b2ee5ce1a9834abc59405b90a630e) Importer(2089858483,b0f066a214c2f5e87bad3c948f4d605d) (ScriptedImporter) -> (artifact id: 'c7d6c7a8dc886d42d1717a812dab0ed1') in 0.0987298 seconds
Number of updated asset objects reloaded before import = 0Number of asset objects unloaded after import = 79

========================================================================
Received Import Request.
  Time since last request: 0.000021 seconds.
  path: Assets/Projeto/Scena/Primeiro Mapa/Cadeia_Dentro/Global Volume Profile.asset
  artifactKey: Guid(cd783859eab2239449419f24389cf9dc) Importer(2089858483,b0f066a214c2f5e87bad3c948f4d605d)
Start importing Assets/Projeto/Scena/Primeiro Mapa/Cadeia_Dentro/Global Volume Profile.asset using Guid(cd783859eab2239449419f24389cf9dc) Importer(2089858483,b0f066a214c2f5e87bad3c948f4d605d) (ScriptedImporter) -> (artifact id: 'd61abdc2d21e6f713fee5c9c15e1aa69') in 0.0138757 seconds
Number of updated asset objects reloaded before import = 0Number of asset objects unloaded after import = 2

========================================================================
Received Import Request.
  Time since last request: 0.000036 seconds.
  path: Assets/Projeto/Assets/Guilherme/personagens/Baiana/mulher do mal_Mixed_AO.png
  artifactKey: Guid(c8ca7583915b34dce933aba4b5f3d187) Importer(2089858483,b0f066a214c2f5e87bad3c948f4d605d)
Start importing Assets/Projeto/Assets/Guilherme/personagens/Baiana/mulher do mal_Mixed_AO.png using Guid(c8ca7583915b34dce933aba4b5f3d187) Importer(2089858483,b0f066a214c2f5e87bad3c948f4d605d) (ScriptedImporter) -> (artifact id: '5c80980558cb9656bae07a8674723920') in 0.070929 seconds
Number of updated asset objects reloaded before import = 0Number of asset objects unloaded after import = 1

========================================================================
Received Import Request.
  Time since last request: 0.000021 seconds.
  path: Assets/Projeto/Assets/Henrique/Personagens/Texturas/Material_BaseColor.png
  artifactKey: Guid(dc4ebb0210058214eaea161117031418) Importer(2089858483,b0f066a214c2f5e87bad3c948f4d605d)
Start importing Assets/Projeto/Assets/Henrique/Personagens/Texturas/Material_BaseColor.png using Guid(dc4ebb0210058214eaea161117031418) Importer(2089858483,b0f066a214c2f5e87bad3c948f4d605d) (ScriptedImporter) -> (artifact id: '22d980929ba0f36238f39ebac16f0e21') in 0.0177709 seconds
Number of updated asset objects reloaded before import = 0Number of asset objects unloaded after import = 1

========================================================================
Received Import Request.
  Time since last request: 0.000028 seconds.
  path: Assets/Projeto/Assets/Guilherme/personagens/Baiana/pret_Mixed_AO.png
  artifactKey: Guid(2517534967a764330aba767113ee70e9) Importer(2089858483,b0f066a214c2f5e87bad3c948f4d605d)
Start importing Assets/Projeto/Assets/Guilherme/personagens/Baiana/pret_Mixed_AO.png using Guid(2517534967a764330aba767113ee70e9) Importer(2089858483,b0f066a214c2f5e87bad3c948f4d605d) (ScriptedImporter) -> (artifact id: '5da7e5ef1bbbfb4fcc6536fcf770da2b') in 0.0198921 seconds
Number of updated asset objects reloaded before import = 0Number of asset objects unloaded after import = 1

========================================================================
Received Import Request.
  Time since last request: 0.000020 seconds.
  path: Assets/Projeto/Assets/Torres/Shader
  artifactKey: Guid(934d42e62257b5c479f4d8812e094c63) Importer(2089858483,b0f066a214c2f5e87bad3c948f4d605d)
Start importing Assets/Projeto/Assets/Torres/Shader using Guid(934d42e62257b5c479f4d8812e094c63) Importer(2089858483,b0f066a214c2f5e87bad3c948f4d605d) (ScriptedImporter) -> (artifact id: '5c26fa79121479326b872b42d0f4719b') in 0.0108983 seconds
Number of updated asset objects reloaded before import = 0Number of asset objects unloaded after import = 1

========================================================================
Received Import Request.
  Time since last request: 0.000021 seconds.
  path: Assets/Projeto/Assets/Henrique/Personagens/Líriope doppel Texturizado.fbx
  artifactKey: Guid(c6186c32be5210d469c7fb861906d99d) Importer(2089858483,b0f066a214c2f5e87bad3c948f4d605d)
Start importing Assets/Projeto/Assets/Henrique/Personagens/Líriope doppel Texturizado.fbx using Guid(c6186c32be5210d469c7fb861906d99d) Importer(2089858483,b0f066a214c2f5e87bad3c948f4d605d) (ScriptedImporter) -> (artifact id: '455a83214a593d0667ead1ce8926d4a0') in 0.0312137 seconds
Number of updated asset objects reloaded before import = 0Number of asset objects unloaded after import = 79

========================================================================
Received Import Request.
  Time since last request: 0.000032 seconds.
  path: Assets/Projeto/Assets/Torres/placeholders/dasda.png
  artifactKey: Guid(0211a0d598f09234ab82522137353a43) Importer(2089858483,b0f066a214c2f5e87bad3c948f4d605d)
Start importing Assets/Projeto/Assets/Torres/placeholders/dasda.png using Guid(0211a0d598f09234ab82522137353a43) Importer(2089858483,b0f066a214c2f5e87bad3c948f4d605d) (ScriptedImporter) -> (artifact id: '11b451df129ace7dd36cec726ccd357a') in 0.0553363 seconds
Number of updated asset objects reloaded before import = 0Number of asset objects unloaded after import = 3

========================================================================
Received Import Request.
  Time since last request: 0.000023 seconds.
  path: Assets/Projeto/Assets/Guilherme/personagens/Baiana/mulher do mal_Height.png
  artifactKey: Guid(fa611ab82706e404fa372c7efc187b17) Importer(2089858483,b0f066a214c2f5e87bad3c948f4d605d)
Start importing Assets/Projeto/Assets/Guilherme/personagens/Baiana/mulher do mal_Height.png using Guid(fa611ab82706e404fa372c7efc187b17) Importer(2089858483,b0f066a214c2f5e87bad3c948f4d605d) (ScriptedImporter) -> (artifact id: 'c7c1ab32ac4681c0cb1042e6f10ea7e4') in 0.029414 seconds
Number of updated asset objects reloaded before import = 0Number of asset objects unloaded after import = 1

========================================================================
Received Import Request.
  Time since last request: 0.000027 seconds.
  path: Assets/Projeto/Assets/Guilherme/personagens/Baiana/mulher do mal_Normal_OpenGL.png
  artifactKey: Guid(51bbeb1abea9f408cacdcaccc81476dc) Importer(2089858483,b0f066a214c2f5e87bad3c948f4d605d)
Start importing Assets/Projeto/Assets/Guilherme/personagens/Baiana/mulher do mal_Normal_OpenGL.png using Guid(51bbeb1abea9f408cacdcaccc81476dc) Importer(2089858483,b0f066a214c2f5e87bad3c948f4d605d) (ScriptedImporter) -> (artifact id: '13c04063f5bd61e416fc2bf66be855ab') in 0.0255475 seconds
Number of updated asset objects reloaded before import = 0Number of asset objects unloaded after import = 1

========================================================================
Received Import Request.
  Time since last request: 0.000018 seconds.
  path: Assets/Projeto/Scena/Primeiro Mapa/Cadeia_Dentro
  artifactKey: Guid(b8106d0db3910524a9b5fc1fe19a22a8) Importer(2089858483,b0f066a214c2f5e87bad3c948f4d605d)
Start importing Assets/Projeto/Scena/Primeiro Mapa/Cadeia_Dentro using Guid(b8106d0db3910524a9b5fc1fe19a22a8) Importer(2089858483,b0f066a214c2f5e87bad3c948f4d605d) (ScriptedImporter) -> (artifact id: '17f4e38c38d09006213befa4dc20a40b') in 0.0296335 seconds
Number of updated asset objects reloaded before import = 0Number of asset objects unloaded after import = 1

========================================================================
Received Import Request.
  Time since last request: 0.000023 seconds.
  path: Assets/Projeto/Assets/Henrique/Personagens/Texturas/Kya.mat
  artifactKey: Guid(13ee8343524a0f2478ee4ab5846ce760) Importer(2089858483,b0f066a214c2f5e87bad3c948f4d605d)
Start importing Assets/Projeto/Assets/Henrique/Personagens/Texturas/Kya.mat using Guid(13ee8343524a0f2478ee4ab5846ce760) Importer(2089858483,b0f066a214c2f5e87bad3c948f4d605d) (ScriptedImporter) -> (artifact id: '021321dbb10e89cfdccd06a76242fbdf') in 0.0261027 seconds
Number of updated asset objects reloaded before import = 0Number of asset objects unloaded after import = 3

========================================================================
Received Import Request.
  Time since last request: 0.000029 seconds.
  path: Assets/Projeto/Assets/Torres/fONTS/Super Squad Italic.otf
  artifactKey: Guid(802fa143c290a2647af6f8322d9af4ac) Importer(2089858483,b0f066a214c2f5e87bad3c948f4d605d)
Start importing Assets/Projeto/Assets/Torres/fONTS/Super Squad Italic.otf using Guid(802fa143c290a2647af6f8322d9af4ac) Importer(2089858483,b0f066a214c2f5e87bad3c948f4d605d) (ScriptedImporter) -> (artifact id: '507f2a6bf82e68d91136959cea2a0e7e') in 0.0263588 seconds
Number of updated asset objects reloaded before import = 0Number of asset objects unloaded after import = 3

========================================================================
Received Import Request.
  Time since last request: 0.000021 seconds.
  path: Assets/Projeto/Assets/Torres/fONTS/Super Squad Italic.ttf
  artifactKey: Guid(a059b2e76c87bf64d83657f0282cfe20) Importer(2089858483,b0f066a214c2f5e87bad3c948f4d605d)
Start importing Assets/Projeto/Assets/Torres/fONTS/Super Squad Italic.ttf using Guid(a059b2e76c87bf64d83657f0282cfe20) Importer(2089858483,b0f066a214c2f5e87bad3c948f4d605d) (ScriptedImporter) -> (artifact id: '3899a42881341def25ab3c3a798da24b') in 0.0240332 seconds
Number of updated asset objects reloaded before import = 0Number of asset objects unloaded after import = 3

========================================================================
Received Import Request.
  Time since last request: 0.000020 seconds.
  path: Assets/Projeto/Assets/Guilherme/personagens/lawrence
  artifactKey: Guid(1523642fa2ab54321a51ebe3a536bcba) Importer(2089858483,b0f066a214c2f5e87bad3c948f4d605d)
Start importing Assets/Projeto/Assets/Guilherme/personagens/lawrence using Guid(1523642fa2ab54321a51ebe3a536bcba) Importer(2089858483,b0f066a214c2f5e87bad3c948f4d605d) (ScriptedImporter) -> (artifact id: '9a68309b08391a075e9ff3f3a57ae085') in 0.0171575 seconds
Number of updated asset objects reloaded before import = 0Number of asset objects unloaded after import = 1

========================================================================
Received Import Request.
  Time since last request: 0.000028 seconds.
  path: Assets/Projeto/Assets/Henrique/Personagens/Texturas/Material_Normal.png
  artifactKey: Guid(e616e250675962a438933bc30ec32727) Importer(2089858483,b0f066a214c2f5e87bad3c948f4d605d)
Start importing Assets/Projeto/Assets/Henrique/Personagens/Texturas/Material_Normal.png using Guid(e616e250675962a438933bc30ec32727) Importer(2089858483,b0f066a214c2f5e87bad3c948f4d605d) (ScriptedImporter) -> (artifact id: '23bfdf81734d1cc2a0bae90665efa819') in 0.026666 seconds
Number of updated asset objects reloaded before import = 0Number of asset objects unloaded after import = 1

========================================================================
Received Import Request.
  Time since last request: 0.000020 seconds.
  path: Assets/Projeto/Assets/Torres/Sons
  artifactKey: Guid(8045a7e8e34ee0e41819479a8af9bcf8) Importer(2089858483,b0f066a214c2f5e87bad3c948f4d605d)
Start importing Assets/Projeto/Assets/Torres/Sons using Guid(8045a7e8e34ee0e41819479a8af9bcf8) Importer(2089858483,b0f066a214c2f5e87bad3c948f4d605d) (ScriptedImporter) -> (artifact id: 'ff76171c2bae207e5d6d34bc9c09ea2c') in 0.023869 seconds
Number of updated asset objects reloaded before import = 0Number of asset objects unloaded after import = 1

========================================================================
Received Import Request.
  Time since last request: 0.000023 seconds.
  path: Assets/Projeto/Scripts/Audio
  artifactKey: Guid(e463aa63627054b4b89c9dadd3b845f7) Importer(2089858483,b0f066a214c2f5e87bad3c948f4d605d)
Start importing Assets/Projeto/Scripts/Audio using Guid(e463aa63627054b4b89c9dadd3b845f7) Importer(2089858483,b0f066a214c2f5e87bad3c948f4d605d) (ScriptedImporter) -> (artifact id: '030af763b35bcaf22d439a540f9784cc') in 0.0212428 seconds
Number of updated asset objects reloaded before import = 0Number of asset objects unloaded after import = 1

========================================================================
Received Import Request.
  Time since last request: 0.000028 seconds.
  path: Assets/Projeto/Assets/Guilherme/personagens/Baiana/pret_Specular_roughness.png
  artifactKey: Guid(0c58022b9030c48eea160d6ccb15f5e7) Importer(2089858483,b0f066a214c2f5e87bad3c948f4d605d)
Start importing Assets/Projeto/Assets/Guilherme/personagens/Baiana/pret_Specular_roughness.png using Guid(0c58022b9030c48eea160d6ccb15f5e7) Importer(2089858483,b0f066a214c2f5e87bad3c948f4d605d) (ScriptedImporter) -> (artifact id: 'a981280ee5d1cda52e8719773db4aef9') in 0.0385897 seconds
Number of updated asset objects reloaded before import = 0Number of asset objects unloaded after import = 1

========================================================================
Received Import Request.
  Time since last request: 0.000027 seconds.
  path: Assets/Projeto/Assets/Torres/placeholders
  artifactKey: Guid(c919af27ec182434e89de91ef8d23571) Importer(2089858483,b0f066a214c2f5e87bad3c948f4d605d)
Start importing Assets/Projeto/Assets/Torres/placeholders using Guid(c919af27ec182434e89de91ef8d23571) Importer(2089858483,b0f066a214c2f5e87bad3c948f4d605d) (ScriptedImporter) -> (artifact id: '94ef2c5b2b856ec247565a8df8ded918') in 0.0116438 seconds
Number of updated asset objects reloaded before import = 0Number of asset objects unloaded after import = 1

========================================================================
Received Import Request.
  Time since last request: 0.000019 seconds.
  path: Assets/Projeto/Assets/Guilherme/personagens/lawrence/lawrence do mal_Specular_roughness.png
  artifactKey: Guid(5863956969b3a4a14b64d88928410229) Importer(2089858483,b0f066a214c2f5e87bad3c948f4d605d)
Start importing Assets/Projeto/Assets/Guilherme/personagens/lawrence/lawrence do mal_Specular_roughness.png using Guid(5863956969b3a4a14b64d88928410229) Importer(2089858483,b0f066a214c2f5e87bad3c948f4d605d) (ScriptedImporter) -> (artifact id: '31512f97900ffe5530ce928546963014') in 0.0253819 seconds
Number of updated asset objects reloaded before import = 0Number of asset objects unloaded after import = 1

========================================================================
Received Import Request.
  Time since last request: 0.000029 seconds.
  path: Assets/Projeto/Assets/Guilherme/personagens/lawrence/lawrence_Mixed_AO.png
  artifactKey: Guid(a63c56f3f92734af0b54b8b9d7590eea) Importer(2089858483,b0f066a214c2f5e87bad3c948f4d605d)
Start importing Assets/Projeto/Assets/Guilherme/personagens/lawrence/lawrence_Mixed_AO.png using Guid(a63c56f3f92734af0b54b8b9d7590eea) Importer(2089858483,b0f066a214c2f5e87bad3c948f4d605d) (ScriptedImporter) -> (artifact id: '360aac810d1026829b78f9172b803a3c') in 0.02483 seconds
Number of updated asset objects reloaded before import = 0Number of asset objects unloaded after import = 1

========================================================================
Received Import Request.
  Time since last request: 0.000020 seconds.
  path: Assets/Projeto/UI/Menu/Scripts/AudioSettings.cs
  artifactKey: Guid(89f49fec9deb2c1428407d351a2c1f31) Importer(2089858483,b0f066a214c2f5e87bad3c948f4d605d)
Start importing Assets/Projeto/UI/Menu/Scripts/AudioSettings.cs using Guid(89f49fec9deb2c1428407d351a2c1f31) Importer(2089858483,b0f066a214c2f5e87bad3c948f4d605d) (ScriptedImporter) -> (artifact id: 'dac422867cf6a4f4a6196fa35cb46cfc') in 0.0134908 seconds
Number of updated asset objects reloaded before import = 0Number of asset objects unloaded after import = 0

========================================================================
Received Import Request.
  Time since last request: 0.000023 seconds.
  path: Assets/Projeto/Assets/Henrique/Personagens/Texturas
  artifactKey: Guid(68ddccc2ef1b2554f9584987aeadfa6c) Importer(2089858483,b0f066a214c2f5e87bad3c948f4d605d)
Start importing Assets/Projeto/Assets/Henrique/Personagens/Texturas using Guid(68ddccc2ef1b2554f9584987aeadfa6c) Importer(2089858483,b0f066a214c2f5e87bad3c948f4d605d) (ScriptedImporter) -> (artifact id: 'c3f7b505f6ecfc390c5b8094185b2551') in 0.0155941 seconds
Number of updated asset objects reloaded before import = 0Number of asset objects unloaded after import = 1

========================================================================
Received Import Request.
  Time since last request: 0.000029 seconds.
  path: Assets/Projeto/Assets/Torres/placeholders/Icon 1.png
  artifactKey: Guid(4155bf72b78841e4f93f205642ead2a1) Importer(2089858483,b0f066a214c2f5e87bad3c948f4d605d)
Start importing Assets/Projeto/Assets/Torres/placeholders/Icon 1.png using Guid(4155bf72b78841e4f93f205642ead2a1) Importer(2089858483,b0f066a214c2f5e87bad3c948f4d605d) (ScriptedImporter) -> (artifact id: '4712c6e3d85da86ea46d037632d4947d') in 0.040314 seconds
Number of updated asset objects reloaded before import = 0Number of asset objects unloaded after import = 3

========================================================================
Received Import Request.
  Time since last request: 0.000039 seconds.
  path: Assets/Projeto/Scena/Primeiro Mapa/Cadeia_Dentro/Cadeia_Dentro Baking Set.asset
  artifactKey: Guid(224809621a2a6a84391a7229812e1578) Importer(2089858483,b0f066a214c2f5e87bad3c948f4d605d)
Start importing Assets/Projeto/Scena/Primeiro Mapa/Cadeia_Dentro/Cadeia_Dentro Baking Set.asset using Guid(224809621a2a6a84391a7229812e1578) Importer(2089858483,b0f066a214c2f5e87bad3c948f4d605d) (ScriptedImporter) -> (artifact id: '58230ab006e7a53e8db89b40a2ba4ae4') in 0.0731925 seconds
Number of updated asset objects reloaded before import = 0Number of asset objects unloaded after import = 1

========================================================================
Received Import Request.
  Time since last request: 0.000028 seconds.
  path: Assets/Projeto/Assets/Henrique/Personagens/Texturas/Material_Displacement.png
  artifactKey: Guid(2b2e0babc91e77145846b129abe414e1) Importer(2089858483,b0f066a214c2f5e87bad3c948f4d605d)
Start importing Assets/Projeto/Assets/Henrique/Personagens/Texturas/Material_Displacement.png using Guid(2b2e0babc91e77145846b129abe414e1) Importer(2089858483,b0f066a214c2f5e87bad3c948f4d605d) (ScriptedImporter) -> (artifact id: 'acd115ef2efef2aaf2bc82187807b734') in 0.0254488 seconds
Number of updated asset objects reloaded before import = 0Number of asset objects unloaded after import = 1

========================================================================
Received Import Request.
  Time since last request: 0.000017 seconds.
  path: Assets/Projeto/Assets/Guilherme/personagens/lawrence/lawrence do mal_Mixed_AO.png
  artifactKey: Guid(ced9bc2b4ad09457683cf31ff5f30a2c) Importer(2089858483,b0f066a214c2f5e87bad3c948f4d605d)
Start importing Assets/Projeto/Assets/Guilherme/personagens/lawrence/lawrence do mal_Mixed_AO.png using Guid(ced9bc2b4ad09457683cf31ff5f30a2c) Importer(2089858483,b0f066a214c2f5e87bad3c948f4d605d) (ScriptedImporter) -> (artifact id: '5aa0740fd61a297c19f5855dfe1786ba') in 0.0236957 seconds
Number of updated asset objects reloaded before import = 0Number of asset objects unloaded after import = 1

========================================================================
Received Import Request.
  Time since last request: 0.000021 seconds.
  path: Assets/Projeto/Assets/Torres/fONTS/Super Squad.ttf
  artifactKey: Guid(35c9e0ecc3cc98a44916fcba8c099fa1) Importer(2089858483,b0f066a214c2f5e87bad3c948f4d605d)
Start importing Assets/Projeto/Assets/Torres/fONTS/Super Squad.ttf using Guid(35c9e0ecc3cc98a44916fcba8c099fa1) Importer(2089858483,b0f066a214c2f5e87bad3c948f4d605d) (ScriptedImporter) -> (artifact id: 'b53792fd8f6c92140503066a8ad8d6d3') in 0.0226935 seconds
Number of updated asset objects reloaded before import = 0Number of asset objects unloaded after import = 3

========================================================================
Received Import Request.
  Time since last request: 0.000029 seconds.
  path: Assets/Projeto/Scena/Primeiro Mapa/Cadeia_Dentro.unity
  artifactKey: Guid(1e67d1530de17de44ab815eef34be47f) Importer(2089858483,b0f066a214c2f5e87bad3c948f4d605d)
Start importing Assets/Projeto/Scena/Primeiro Mapa/Cadeia_Dentro.unity using Guid(1e67d1530de17de44ab815eef34be47f) Importer(2089858483,b0f066a214c2f5e87bad3c948f4d605d) (ScriptedImporter) -> (artifact id: '82aa7a3a8695912681d228500c1f3501') in 0.0308492 seconds
Number of updated asset objects reloaded before import = 0Number of asset objects unloaded after import = 1

========================================================================
Received Import Request.
  Time since last request: 0.000018 seconds.
  path: Assets/Projeto/Assets/Guilherme/personagens/lawrence/lawrence_Height.png
  artifactKey: Guid(79fc1405e53994b5db7116381600f12c) Importer(2089858483,b0f066a214c2f5e87bad3c948f4d605d)
Start importing Assets/Projeto/Assets/Guilherme/personagens/lawrence/lawrence_Height.png using Guid(79fc1405e53994b5db7116381600f12c) Importer(2089858483,b0f066a214c2f5e87bad3c948f4d605d) (ScriptedImporter) -> (artifact id: 'afcd603a7cdaad135fa0d95e7d909e6d') in 0.0399313 seconds
Number of updated asset objects reloaded before import = 0Number of asset objects unloaded after import = 1

========================================================================
Received Import Request.
  Time since last request: 0.000020 seconds.
  path: Assets/Projeto/Assets/Guilherme/personagens/Baiana/Macabea do mal.fbx
  artifactKey: Guid(ee59589666d814899bf2bd0a3e66a112) Importer(2089858483,b0f066a214c2f5e87bad3c948f4d605d)
Start importing Assets/Projeto/Assets/Guilherme/personagens/Baiana/Macabea do mal.fbx using Guid(ee59589666d814899bf2bd0a3e66a112) Importer(2089858483,b0f066a214c2f5e87bad3c948f4d605d) (ScriptedImporter) -> (artifact id: '6350b5a00c1d3427baf4c6daf81605fc') in 0.0343265 seconds
Number of updated asset objects reloaded before import = 0Number of asset objects unloaded after import = 113

========================================================================
Received Import Request.
  Time since last request: 0.000031 seconds.
  path: Assets/Projeto/Scena/Menu
  artifactKey: Guid(98ba74137c6f5f24d8dea8529e1ea81e) Importer(2089858483,b0f066a214c2f5e87bad3c948f4d605d)
Start importing Assets/Projeto/Scena/Menu using Guid(98ba74137c6f5f24d8dea8529e1ea81e) Importer(2089858483,b0f066a214c2f5e87bad3c948f4d605d) (ScriptedImporter) -> (artifact id: '374c9b3a863442b99bc784a0cb3baa20') in 0.0217489 seconds
Number of updated asset objects reloaded before import = 0Number of asset objects unloaded after import = 1

========================================================================
Received Import Request.
  Time since last request: 0.000018 seconds.
  path: Assets/Projeto/Assets/Henrique/Personagens/Texturas/Material_Roughness.png
  artifactKey: Guid(9a1540ea171b78a428ad1e955478b162) Importer(2089858483,b0f066a214c2f5e87bad3c948f4d605d)
Start importing Assets/Projeto/Assets/Henrique/Personagens/Texturas/Material_Roughness.png using Guid(9a1540ea171b78a428ad1e955478b162) Importer(2089858483,b0f066a214c2f5e87bad3c948f4d605d) (ScriptedImporter) -> (artifact id: 'f33d2ebe92a38769bf635a7d9e4c7666') in 0.0236117 seconds
Number of updated asset objects reloaded before import = 0Number of asset objects unloaded after import = 1

========================================================================
Received Import Request.
  Time since last request: 0.000022 seconds.
  path: Assets/Projeto/Assets/Torres/Sons/sound-14_01.mp3
  artifactKey: Guid(dca5cc6b151b9b047863cfd5a1ab1c52) Importer(2089858483,b0f066a214c2f5e87bad3c948f4d605d)
Start importing Assets/Projeto/Assets/Torres/Sons/sound-14_01.mp3 using Guid(dca5cc6b151b9b047863cfd5a1ab1c52) Importer(2089858483,b0f066a214c2f5e87bad3c948f4d605d) (ScriptedImporter) -> (artifact id: 'd805ef4886c545fa836c3b3da5d4ceb6') in 0.0591307 seconds
Number of updated asset objects reloaded before import = 0Number of asset objects unloaded after import = 1

========================================================================
Received Import Request.
  Time since last request: 0.000028 seconds.
  path: Assets/Projeto/Prefabs/Camera
  artifactKey: Guid(ab7965e3d7e48c94caa391ce175333d7) Importer(2089858483,b0f066a214c2f5e87bad3c948f4d605d)
Start importing Assets/Projeto/Prefabs/Camera using Guid(ab7965e3d7e48c94caa391ce175333d7) Importer(2089858483,b0f066a214c2f5e87bad3c948f4d605d) (ScriptedImporter) -> (artifact id: '3b18094cb3fa5bf4b17ee4c48bab5677') in 0.0213549 seconds
Number of updated asset objects reloaded before import = 0Number of asset objects unloaded after import = 1

========================================================================
Received Import Request.
  Time since last request: 0.000022 seconds.
  path: Assets/Projeto/Assets/Guilherme/personagens/lawrence/lawrence.fbx
  artifactKey: Guid(a6ff41ae932194ce883c8906b8107920) Importer(2089858483,b0f066a214c2f5e87bad3c948f4d605d)
Start importing Assets/Projeto/Assets/Guilherme/personagens/lawrence/lawrence.fbx using Guid(a6ff41ae932194ce883c8906b8107920) Importer(2089858483,b0f066a214c2f5e87bad3c948f4d605d) (ScriptedImporter) -> (artifact id: '558a976414ed498eeeaf9bd7d5b831f1') in 0.0472882 seconds
Number of updated asset objects reloaded before import = 0Number of asset objects unloaded after import = 167

========================================================================
Received Import Request.
  Time since last request: 0.000021 seconds.
  path: Assets/Projeto/Assets/Torres/Sons/sound-2.mp3
  artifactKey: Guid(de0ee992b7163f94796537a6683e5487) Importer(2089858483,b0f066a214c2f5e87bad3c948f4d605d)
Start importing Assets/Projeto/Assets/Torres/Sons/sound-2.mp3 using Guid(de0ee992b7163f94796537a6683e5487) Importer(2089858483,b0f066a214c2f5e87bad3c948f4d605d) (ScriptedImporter) -> (artifact id: '64f9cf35414d209325fb15555a3e6c84') in 0.0486202 seconds
Number of updated asset objects reloaded before import = 0Number of asset objects unloaded after import = 1

========================================================================
Received Import Request.
  Time since last request: 0.000030 seconds.
  path: Assets/Projeto/Prefabs/FortãoDoMal.prefab
  artifactKey: Guid(c9d4dc62472744c49bfb2979ad46836b) Importer(2089858483,b0f066a214c2f5e87bad3c948f4d605d)
Start importing Assets/Projeto/Prefabs/FortãoDoMal.prefab using Guid(c9d4dc62472744c49bfb2979ad46836b) Importer(2089858483,b0f066a214c2f5e87bad3c948f4d605d) (ScriptedImporter) -> (artifact id: '0e4555b140bcf9245bb2ef47856d9be0') in 0.0593457 seconds
Number of updated asset objects reloaded before import = 0Number of asset objects unloaded after import = 195

========================================================================
Received Import Request.
  Time since last request: 0.000036 seconds.
  path: Assets/Projeto/Assets/Torres/placeholders/images.jpg
  artifactKey: Guid(35c9d8093ec2e604e98c0dcbb30e32ef) Importer(2089858483,b0f066a214c2f5e87bad3c948f4d605d)
Start importing Assets/Projeto/Assets/Torres/placeholders/images.jpg using Guid(35c9d8093ec2e604e98c0dcbb30e32ef) Importer(2089858483,b0f066a214c2f5e87bad3c948f4d605d) (ScriptedImporter) -> (artifact id: 'c4f098559b27ab8cbfa20b2e2e3bb166') in 0.0300336 seconds
Number of updated asset objects reloaded before import = 0Number of asset objects unloaded after import = 3

========================================================================
Received Import Request.
  Time since last request: 0.000030 seconds.
  path: Assets/Projeto/Assets/Henrique
  artifactKey: Guid(d430d170e8aca1f47bbfbdbbccfa52bd) Importer(2089858483,b0f066a214c2f5e87bad3c948f4d605d)
Start importing Assets/Projeto/Assets/Henrique using Guid(d430d170e8aca1f47bbfbdbbccfa52bd) Importer(2089858483,b0f066a214c2f5e87bad3c948f4d605d) (ScriptedImporter) -> (artifact id: 'a90c6223c15c427ecff49a5a08d76737') in 0.0165029 seconds
Number of updated asset objects reloaded before import = 0Number of asset objects unloaded after import = 1

========================================================================
Received Import Request.
  Time since last request: 0.000018 seconds.
  path: Assets/Projeto/Assets/Guilherme/personagens/lawrence/lawrence do mal_Height.png
  artifactKey: Guid(261f11b23c6464aee8538086d927da28) Importer(2089858483,b0f066a214c2f5e87bad3c948f4d605d)
Start importing Assets/Projeto/Assets/Guilherme/personagens/lawrence/lawrence do mal_Height.png using Guid(261f11b23c6464aee8538086d927da28) Importer(2089858483,b0f066a214c2f5e87bad3c948f4d605d) (ScriptedImporter) -> (artifact id: '40c7d00447578d976480b3b8007dd426') in 0.0228967 seconds
Number of updated asset objects reloaded before import = 0Number of asset objects unloaded after import = 1

========================================================================
Received Import Request.
  Time since last request: 0.000020 seconds.
  path: Assets/Projeto/Scripts/Audio/SoundBuilder.cs
  artifactKey: Guid(ea41f0e3a66d66342b956ee86c5473da) Importer(2089858483,b0f066a214c2f5e87bad3c948f4d605d)
Start importing Assets/Projeto/Scripts/Audio/SoundBuilder.cs using Guid(ea41f0e3a66d66342b956ee86c5473da) Importer(2089858483,b0f066a214c2f5e87bad3c948f4d605d) (ScriptedImporter) -> (artifact id: '3e9602f1f790ef0068f557f5c151d60f') in 0.0185727 seconds
Number of updated asset objects reloaded before import = 0Number of asset objects unloaded after import = 0

========================================================================
Received Import Request.
  Time since last request: 0.000029 seconds.
  path: Assets/Projeto/Materials/Materials provisórios/parede ney/texture_parede_Normal.png
  artifactKey: Guid(0e8e240a630fd49ad943e8f378727342) Importer(2089858483,b0f066a214c2f5e87bad3c948f4d605d)
Start importing Assets/Projeto/Materials/Materials provisórios/parede ney/texture_parede_Normal.png using Guid(0e8e240a630fd49ad943e8f378727342) Importer(2089858483,b0f066a214c2f5e87bad3c948f4d605d) (ScriptedImporter) -> (artifact id: '096348c4769c249f1f046bd190a5ad36') in 0.0301501 seconds
Number of updated asset objects reloaded before import = 0Number of asset objects unloaded after import = 1

========================================================================
Received Import Request.
  Time since last request: 0.000019 seconds.
  path: Assets/Projeto/Assets/Guilherme/personagens/Fortoes/fortao do mal.fbx
  artifactKey: Guid(c0ced455af4ed4a878674870a15cbf99) Importer(2089858483,b0f066a214c2f5e87bad3c948f4d605d)
Start importing Assets/Projeto/Assets/Guilherme/personagens/Fortoes/fortao do mal.fbx using Guid(c0ced455af4ed4a878674870a15cbf99) Importer(2089858483,b0f066a214c2f5e87bad3c948f4d605d) (ScriptedImporter) -> (artifact id: 'e82686587ba188d7c1ba9226ffa35a56') in 0.0255342 seconds
Number of updated asset objects reloaded before import = 0Number of asset objects unloaded after import = 89

========================================================================
Received Import Request.
  Time since last request: 0.000029 seconds.
  path: Assets/Projeto/Assets/Guilherme/Barra de carregar/loadVid.renderTexture
  artifactKey: Guid(98a74be2ecbe543488993d9dc6f24d94) Importer(2089858483,b0f066a214c2f5e87bad3c948f4d605d)
Start importing Assets/Projeto/Assets/Guilherme/Barra de carregar/loadVid.renderTexture using Guid(98a74be2ecbe543488993d9dc6f24d94) Importer(2089858483,b0f066a214c2f5e87bad3c948f4d605d) (ScriptedImporter) -> (artifact id: 'b5c12fb45873ae3733919fc8ad41d16b') in 0.0390421 seconds
Number of updated asset objects reloaded before import = 0Number of asset objects unloaded after import = 1

========================================================================
Received Import Request.
  Time since last request: 0.000019 seconds.
  path: Assets/Projeto/Prefabs/(FM)AnimatorCharacter.controller
  artifactKey: Guid(c0d642f6f3207c741abfb3321048a98a) Importer(2089858483,b0f066a214c2f5e87bad3c948f4d605d)
Start importing Assets/Projeto/Prefabs/(FM)AnimatorCharacter.controller using Guid(c0d642f6f3207c741abfb3321048a98a) Importer(2089858483,b0f066a214c2f5e87bad3c948f4d605d) (ScriptedImporter) -> (artifact id: 'b8bbfbdf84a48459f8aa782836f6b46a') in 0.0182122 seconds
Number of updated asset objects reloaded before import = 0Number of asset objects unloaded after import = 12

========================================================================
Received Import Request.
  Time since last request: 0.000029 seconds.
  path: Assets/Projeto/Materials/Materials provisórios/chao/texture_chao_MaskMap.png
  artifactKey: Guid(f3a03e724dba942db90fe224586ea0ea) Importer(2089858483,b0f066a214c2f5e87bad3c948f4d605d)
Start importing Assets/Projeto/Materials/Materials provisórios/chao/texture_chao_MaskMap.png using Guid(f3a03e724dba942db90fe224586ea0ea) Importer(2089858483,b0f066a214c2f5e87bad3c948f4d605d) (ScriptedImporter) -> (artifact id: '26ce95dfbfc9c6a3efb6ea5cb5fd70e8') in 0.0181899 seconds
Number of updated asset objects reloaded before import = 0Number of asset objects unloaded after import = 1

========================================================================
Received Import Request.
  Time since last request: 0.000017 seconds.
  path: Assets/Projeto/Prefabs/Fortão.prefab
  artifactKey: Guid(19477ad89e14f2242afd340bb019fb89) Importer(2089858483,b0f066a214c2f5e87bad3c948f4d605d)
Start importing Assets/Projeto/Prefabs/Fortão.prefab using Guid(19477ad89e14f2242afd340bb019fb89) Importer(2089858483,b0f066a214c2f5e87bad3c948f4d605d) (ScriptedImporter) -> (artifact id: '779e5c3ad708b5f424fe2c6922e6030d') in 0.0316142 seconds
Number of updated asset objects reloaded before import = 0Number of asset objects unloaded after import = 195

========================================================================
Received Import Request.
  Time since last request: 0.000020 seconds.
  path: Assets/Projeto/Assets/Guilherme/personagens/lawrence/lawrence_Specular_roughness.png
  artifactKey: Guid(1ed58f71b980c488b86b98286960ee2d) Importer(2089858483,b0f066a214c2f5e87bad3c948f4d605d)
Start importing Assets/Projeto/Assets/Guilherme/personagens/lawrence/lawrence_Specular_roughness.png using Guid(1ed58f71b980c488b86b98286960ee2d) Importer(2089858483,b0f066a214c2f5e87bad3c948f4d605d) (ScriptedImporter) -> (artifact id: '7abc0ca1ee9a4c686accfca059de25e9') in 0.0176497 seconds
Number of updated asset objects reloaded before import = 0Number of asset objects unloaded after import = 1

========================================================================
Received Import Request.
  Time since last request: 0.000029 seconds.
  path: Assets/Projeto/Assets/Guilherme/personagens/lawrence/lawrence_Base_metalness.png
  artifactKey: Guid(f51ca06e695bd4cd48a708e81358374c) Importer(2089858483,b0f066a214c2f5e87bad3c948f4d605d)
Start importing Assets/Projeto/Assets/Guilherme/personagens/lawrence/lawrence_Base_metalness.png using Guid(f51ca06e695bd4cd48a708e81358374c) Importer(2089858483,b0f066a214c2f5e87bad3c948f4d605d) (ScriptedImporter) -> (artifact id: '748e288a4dfbf2ff77fdeaee10e003a0') in 0.0244658 seconds
Number of updated asset objects reloaded before import = 0Number of asset objects unloaded after import = 1

========================================================================
Received Import Request.
  Time since last request: 0.000017 seconds.
  path: Assets/Projeto/Assets/Guilherme/personagens/Baiana/Material.mat
  artifactKey: Guid(1188249411c704cb68232eac82b05b77) Importer(2089858483,b0f066a214c2f5e87bad3c948f4d605d)
Start importing Assets/Projeto/Assets/Guilherme/personagens/Baiana/Material.mat using Guid(1188249411c704cb68232eac82b05b77) Importer(2089858483,b0f066a214c2f5e87bad3c948f4d605d) (ScriptedImporter) -> (artifact id: '69b2b825ba8dfad508e53cf054874a1f') in 0.0456434 seconds
Number of updated asset objects reloaded before import = 0Number of asset objects unloaded after import = 4

========================================================================
Received Import Request.
  Time since last request: 0.000022 seconds.
  path: Assets/Projeto/Assets/Henrique/Personagens/Texturas/DefaultMaterial_Roughness.png
  artifactKey: Guid(19e5dbdd70a08c2499f6dfba2cadf069) Importer(2089858483,b0f066a214c2f5e87bad3c948f4d605d)
Start importing Assets/Projeto/Assets/Henrique/Personagens/Texturas/DefaultMaterial_Roughness.png using Guid(19e5dbdd70a08c2499f6dfba2cadf069) Importer(2089858483,b0f066a214c2f5e87bad3c948f4d605d) (ScriptedImporter) -> (artifact id: '58ef7aaf806f40e172a9bdbaa3aade4e') in 0.0239807 seconds
Number of updated asset objects reloaded before import = 0Number of asset objects unloaded after import = 1

========================================================================
Received Import Request.
  Time since last request: 0.000030 seconds.
  path: Assets/Projeto/Assets/Torres/placeholders/fewfwdfsf.png
  artifactKey: Guid(782c705215bc3e54f82e4ae0acfa73e8) Importer(2089858483,b0f066a214c2f5e87bad3c948f4d605d)
Start importing Assets/Projeto/Assets/Torres/placeholders/fewfwdfsf.png using Guid(782c705215bc3e54f82e4ae0acfa73e8) Importer(2089858483,b0f066a214c2f5e87bad3c948f4d605d) (ScriptedImporter) -> (artifact id: '9e63fcada13ddbf456d5b4482f173db0') in 0.0241854 seconds
Number of updated asset objects reloaded before import = 0Number of asset objects unloaded after import = 3

========================================================================
Received Import Request.
  Time since last request: 0.000023 seconds.
  path: Assets/Projeto/Assets/Torres/Shader/Pixelation.renderTexture
  artifactKey: Guid(3043b5ed93d2ee74db06a72e98437898) Importer(2089858483,b0f066a214c2f5e87bad3c948f4d605d)
Start importing Assets/Projeto/Assets/Torres/Shader/Pixelation.renderTexture using Guid(3043b5ed93d2ee74db06a72e98437898) Importer(2089858483,b0f066a214c2f5e87bad3c948f4d605d) (ScriptedImporter) -> (artifact id: '0d92322a64d5c1cfd05868ae7dfc0d07') in 0.0133895 seconds
Number of updated asset objects reloaded before import = 0Number of asset objects unloaded after import = 1

========================================================================
Received Import Request.
  Time since last request: 0.000029 seconds.
  path: Assets/Projeto/Assets/Guilherme/personagens/Baiana/mulher do mal_Base_metalness.png
  artifactKey: Guid(e3cf604e60a4543ae84abc8fb71da4b8) Importer(2089858483,b0f066a214c2f5e87bad3c948f4d605d)
Start importing Assets/Projeto/Assets/Guilherme/personagens/Baiana/mulher do mal_Base_metalness.png using Guid(e3cf604e60a4543ae84abc8fb71da4b8) Importer(2089858483,b0f066a214c2f5e87bad3c948f4d605d) (ScriptedImporter) -> (artifact id: '694e20c108ffe5233a785795c35bf989') in 0.028158 seconds
Number of updated asset objects reloaded before import = 0Number of asset objects unloaded after import = 1

========================================================================
Received Import Request.
  Time since last request: 0.000020 seconds.
  path: Assets/Projeto/Scena/Teste
  artifactKey: Guid(30b76e79d43a64d67b2a13830695b8d6) Importer(2089858483,b0f066a214c2f5e87bad3c948f4d605d)
Start importing Assets/Projeto/Scena/Teste using Guid(30b76e79d43a64d67b2a13830695b8d6) Importer(2089858483,b0f066a214c2f5e87bad3c948f4d605d) (ScriptedImporter) -> (artifact id: 'af0be1c32baeb3bfb3928348e68b5cbe') in 0.0829126 seconds
Number of updated asset objects reloaded before import = 0Number of asset objects unloaded after import = 1

========================================================================
Received Import Request.
  Time since last request: 0.000029 seconds.
  path: Assets/Projeto/Materials/Materials provisórios/parede ney/texture_parede_MaskMap.png
  artifactKey: Guid(125eb4242a33e4a77af34af6501a82b8) Importer(2089858483,b0f066a214c2f5e87bad3c948f4d605d)
Start importing Assets/Projeto/Materials/Materials provisórios/parede ney/texture_parede_MaskMap.png using Guid(125eb4242a33e4a77af34af6501a82b8) Importer(2089858483,b0f066a214c2f5e87bad3c948f4d605d) (ScriptedImporter) -> (artifact id: 'afe10fe573c7097305762afad3246513') in 0.0317948 seconds
Number of updated asset objects reloaded before import = 0Number of asset objects unloaded after import = 1

========================================================================
Received Import Request.
  Time since last request: 0.000021 seconds.
  path: Assets/Projeto/Scripts/Texto_Anim.cs
  artifactKey: Guid(a61b601c0326dad4083fc1528b38afd2) Importer(2089858483,b0f066a214c2f5e87bad3c948f4d605d)
Start importing Assets/Projeto/Scripts/Texto_Anim.cs using Guid(a61b601c0326dad4083fc1528b38afd2) Importer(2089858483,b0f066a214c2f5e87bad3c948f4d605d) (ScriptedImporter) -> (artifact id: 'fc311edf00d3785887e606521849d08f') in 0.0138447 seconds
Number of updated asset objects reloaded before import = 0Number of asset objects unloaded after import = 0

========================================================================
Received Import Request.
  Time since last request: 0.000029 seconds.
  path: Assets/Projeto/UI/Game_HUD/Game_HUD.asset
  artifactKey: Guid(db0533b7bd51eea4a872ce974a630543) Importer(2089858483,b0f066a214c2f5e87bad3c948f4d605d)
Start importing Assets/Projeto/UI/Game_HUD/Game_HUD.asset using Guid(db0533b7bd51eea4a872ce974a630543) Importer(2089858483,b0f066a214c2f5e87bad3c948f4d605d) (ScriptedImporter) -> (artifact id: '7de5a6430ae807f9685b8fe43001c0ce') in 0.0602789 seconds
Number of updated asset objects reloaded before import = 0Number of asset objects unloaded after import = 29

========================================================================
Received Import Request.
  Time since last request: 0.000021 seconds.
  path: Assets/Projeto/UI/Menu/Scripts
  artifactKey: Guid(d7fc2c86bbbc5804585cd13b7552e6ee) Importer(2089858483,b0f066a214c2f5e87bad3c948f4d605d)
Start importing Assets/Projeto/UI/Menu/Scripts using Guid(d7fc2c86bbbc5804585cd13b7552e6ee) Importer(2089858483,b0f066a214c2f5e87bad3c948f4d605d) (ScriptedImporter) -> (artifact id: '0728476f862cdbb07b2ec2db54c77dad') in 0.028441 seconds
Number of updated asset objects reloaded before import = 0Number of asset objects unloaded after import = 1

========================================================================
Received Import Request.
  Time since last request: 0.000028 seconds.
  path: Assets/Projeto/Assets/Guilherme/personagens/Fortoes/fortao.fbx
  artifactKey: Guid(2e7b2063d16e04751b9054a6315830f9) Importer(2089858483,b0f066a214c2f5e87bad3c948f4d605d)
Start importing Assets/Projeto/Assets/Guilherme/personagens/Fortoes/fortao.fbx using Guid(2e7b2063d16e04751b9054a6315830f9) Importer(2089858483,b0f066a214c2f5e87bad3c948f4d605d) (ScriptedImporter) -> (artifact id: 'a288ac25fc424cd5c05cfd2007cb89ae') in 0.0358368 seconds
Number of updated asset objects reloaded before import = 0Number of asset objects unloaded after import = 89

========================================================================
Received Import Request.
  Time since last request: 0.000021 seconds.
  path: Assets/Projeto/Assets/Torres/placeholders/sdasdad.png
  artifactKey: Guid(1507b5fa3e124b54fad8fa27f71c76a9) Importer(2089858483,b0f066a214c2f5e87bad3c948f4d605d)
Start importing Assets/Projeto/Assets/Torres/placeholders/sdasdad.png using Guid(1507b5fa3e124b54fad8fa27f71c76a9) Importer(2089858483,b0f066a214c2f5e87bad3c948f4d605d) (ScriptedImporter) -> (artifact id: 'bb2d2e9a092e2445da7e941a2b3f0c1e') in 0.0430457 seconds
Number of updated asset objects reloaded before import = 0Number of asset objects unloaded after import = 3

========================================================================
Received Import Request.
  Time since last request: 0.000042 seconds.
  path: Assets/Master.mixer
  artifactKey: Guid(0c1abade3cfa41842ac0b0814586a494) Importer(2089858483,b0f066a214c2f5e87bad3c948f4d605d)
Start importing Assets/Master.mixer using Guid(0c1abade3cfa41842ac0b0814586a494) Importer(2089858483,b0f066a214c2f5e87bad3c948f4d605d) (ScriptedImporter)Refreshing native plugins compatible for Editor in 3.10 ms, found 3 plugins.
Preloading 0 native plugins for Editor in 0.00 ms.
 -> (artifact id: 'c3bf8384b3f1fe0ec4cdc5328f9a7a2c') in 0.0267296 seconds
Number of updated asset objects reloaded before import = 0Number of asset objects unloaded after import = 11

========================================================================
Received Import Request.
  Time since last request: 0.000021 seconds.
  path: Assets/Projeto/Assets/Torres/placeholders/placeholder2.png
  artifactKey: Guid(7fdaec9e2d7ce44418fd1baaf3282d9a) Importer(2089858483,b0f066a214c2f5e87bad3c948f4d605d)
Start importing Assets/Projeto/Assets/Torres/placeholders/placeholder2.png using Guid(7fdaec9e2d7ce44418fd1baaf3282d9a) Importer(2089858483,b0f066a214c2f5e87bad3c948f4d605d) (ScriptedImporter) -> (artifact id: '88344887bdcd88b26c87eaa005c902ef') in 0.0405688 seconds
Number of updated asset objects reloaded before import = 0Number of asset objects unloaded after import = 3

========================================================================
Received Import Request.
  Time since last request: 0.000029 seconds.
  path: Assets/Projeto/Assets/Guilherme/Musicas/g63-Menu-Levantem-novamente.wav
  artifactKey: Guid(f3a7b5d737a279841aff2c3ecd33a527) Importer(2089858483,b0f066a214c2f5e87bad3c948f4d605d)
Start importing Assets/Projeto/Assets/Guilherme/Musicas/g63-Menu-Levantem-novamente.wav using Guid(f3a7b5d737a279841aff2c3ecd33a527) Importer(2089858483,b0f066a214c2f5e87bad3c948f4d605d) (ScriptedImporter) -> (artifact id: '79cbfc0de10f24c8c280bdc09232c35e') in 0.0517693 seconds
Number of updated asset objects reloaded before import = 0Number of asset objects unloaded after import = 1

========================================================================
Received Import Request.
  Time since last request: 0.000019 seconds.
  path: Assets/Projeto/Assets/Henrique/Personagens/Líriope Texturizado (1).fbx
  artifactKey: Guid(85f22cbf0e8859645ac9fa259d9480aa) Importer(2089858483,b0f066a214c2f5e87bad3c948f4d605d)
Start importing Assets/Projeto/Assets/Henrique/Personagens/Líriope Texturizado (1).fbx using Guid(85f22cbf0e8859645ac9fa259d9480aa) Importer(2089858483,b0f066a214c2f5e87bad3c948f4d605d) (ScriptedImporter) -> (artifact id: '51e6a832fa8da02fecd465647ba8573b') in 0.0269371 seconds
Number of updated asset objects reloaded before import = 0Number of asset objects unloaded after import = 79

========================================================================
Received Import Request.
  Time since last request: 0.000026 seconds.
  path: Assets/Projeto/Scena/Teste.unity
  artifactKey: Guid(2e39151abca46654f9aa73ec65e54a42) Importer(2089858483,b0f066a214c2f5e87bad3c948f4d605d)
Start importing Assets/Projeto/Scena/Teste.unity using Guid(2e39151abca46654f9aa73ec65e54a42) Importer(2089858483,b0f066a214c2f5e87bad3c948f4d605d) (ScriptedImporter) -> (artifact id: '973f5c54941e6639457dc856aca8331a') in 0.0198532 seconds
Number of updated asset objects reloaded before import = 0Number of asset objects unloaded after import = 1

========================================================================
Received Import Request.
  Time since last request: 0.000017 seconds.
  path: Assets/Projeto/Assets/Henrique/Personagens/Texturas/DefaultMaterial_Displacement.png
  artifactKey: Guid(4e1d8b77eb347b149837ad7fcede78bb) Importer(2089858483,b0f066a214c2f5e87bad3c948f4d605d)
Start importing Assets/Projeto/Assets/Henrique/Personagens/Texturas/DefaultMaterial_Displacement.png using Guid(4e1d8b77eb347b149837ad7fcede78bb) Importer(2089858483,b0f066a214c2f5e87bad3c948f4d605d) (ScriptedImporter) -> (artifact id: '884ce955063585a7e7bdc87aed43118d') in 0.0181729 seconds
Number of updated asset objects reloaded before import = 0Number of asset objects unloaded after import = 1

========================================================================
Received Import Request.
  Time since last request: 0.000021 seconds.
  path: Assets/Projeto/UI/Menu/MainMenu.asset
  artifactKey: Guid(8b72d6d12a354ed4685cd394c76e42c5) Importer(2089858483,b0f066a214c2f5e87bad3c948f4d605d)
Start importing Assets/Projeto/UI/Menu/MainMenu.asset using Guid(8b72d6d12a354ed4685cd394c76e42c5) Importer(2089858483,b0f066a214c2f5e87bad3c948f4d605d) (ScriptedImporter) -> (artifact id: '0d6d569843a45ea94d014a907d3339d5') in 0.0266413 seconds
Number of updated asset objects reloaded before import = 0Number of asset objects unloaded after import = 29

========================================================================
Received Import Request.
  Time since last request: 0.000029 seconds.
  path: Assets/DefaultNetworkPrefabs.asset
  artifactKey: Guid(2a6c7d045cce1fa4080993542974c493) Importer(2089858483,b0f066a214c2f5e87bad3c948f4d605d)
Start importing Assets/DefaultNetworkPrefabs.asset using Guid(2a6c7d045cce1fa4080993542974c493) Importer(2089858483,b0f066a214c2f5e87bad3c948f4d605d) (ScriptedImporter) -> (artifact id: '8102b7f668059c572fa39df5a4513c80') in 0.0396182 seconds
Number of updated asset objects reloaded before import = 0Number of asset objects unloaded after import = 481

========================================================================
Received Import Request.
  Time since last request: 0.000034 seconds.
  path: Assets/Projeto/Assets/Guilherme/personagens/Baiana/pret_Normal_OpenGL.png
  artifactKey: Guid(e8ad3bab1c9434f94bc72dd86654aafa) Importer(2089858483,b0f066a214c2f5e87bad3c948f4d605d)
Start importing Assets/Projeto/Assets/Guilherme/personagens/Baiana/pret_Normal_OpenGL.png using Guid(e8ad3bab1c9434f94bc72dd86654aafa) Importer(2089858483,b0f066a214c2f5e87bad3c948f4d605d) (ScriptedImporter) -> (artifact id: '0e04cf16ecc0989cbba28b0b00b7ac95') in 0.026757 seconds
Number of updated asset objects reloaded before import = 0Number of asset objects unloaded after import = 1

========================================================================
Received Import Request.
  Time since last request: 0.000022 seconds.
  path: Assets/Projeto/Materials/Materials provisórios/VRIDO.mat
  artifactKey: Guid(3625b99ba8dd5074ca7103dd6397e855) Importer(2089858483,b0f066a214c2f5e87bad3c948f4d605d)
Start importing Assets/Projeto/Materials/Materials provisórios/VRIDO.mat using Guid(3625b99ba8dd5074ca7103dd6397e855) Importer(2089858483,b0f066a214c2f5e87bad3c948f4d605d) (ScriptedImporter) -> (artifact id: 'd702ba9f822bbb689ab80a1b9e058de2') in 0.0190773 seconds
Number of updated asset objects reloaded before import = 0Number of asset objects unloaded after import = 1

========================================================================
Received Import Request.
  Time since last request: 0.000026 seconds.
  path: Assets/Projeto/Materials/Materials provisórios/parede ney
  artifactKey: Guid(ac63feb182c514b288295703e5b05589) Importer(2089858483,b0f066a214c2f5e87bad3c948f4d605d)
Start importing Assets/Projeto/Materials/Materials provisórios/parede ney using Guid(ac63feb182c514b288295703e5b05589) Importer(2089858483,b0f066a214c2f5e87bad3c948f4d605d) (ScriptedImporter) -> (artifact id: 'a07b6244e75471ef2298deae54f2e250') in 0.0170776 seconds
Number of updated asset objects reloaded before import = 0Number of asset objects unloaded after import = 1

========================================================================
Received Import Request.
  Time since last request: 0.000020 seconds.
  path: Assets/Projeto/Assets/Henrique/Personagens/Texturas/DefaultMaterial_Normal.png
  artifactKey: Guid(f683d48d85584054a8a71151d6de3726) Importer(2089858483,b0f066a214c2f5e87bad3c948f4d605d)
Start importing Assets/Projeto/Assets/Henrique/Personagens/Texturas/DefaultMaterial_Normal.png using Guid(f683d48d85584054a8a71151d6de3726) Importer(2089858483,b0f066a214c2f5e87bad3c948f4d605d) (ScriptedImporter) -> (artifact id: 'b1f0d071191e6ab6bff96f52fbdd3ee9') in 0.0267231 seconds
Number of updated asset objects reloaded before import = 0Number of asset objects unloaded after import = 1

========================================================================
Received Import Request.
  Time since last request: 0.000029 seconds.
  path: Assets/Projeto/Materials/Materials provisórios/chao/texture_chao_BaseMap.png
  artifactKey: Guid(dadb2d1e210a34acfadf5257ccf27a8a) Importer(2089858483,b0f066a214c2f5e87bad3c948f4d605d)
Start importing Assets/Projeto/Materials/Materials provisórios/chao/texture_chao_BaseMap.png using Guid(dadb2d1e210a34acfadf5257ccf27a8a) Importer(2089858483,b0f066a214c2f5e87bad3c948f4d605d) (ScriptedImporter) -> (artifact id: '5120ef9437e9ea03642e73601c352475') in 0.0237886 seconds
Number of updated asset objects reloaded before import = 0Number of asset objects unloaded after import = 1

========================================================================
Received Import Request.
  Time since last request: 0.000021 seconds.
  path: Assets/Projeto/Assets/Guilherme/personagens/lawrence/lawrence do mal_Base_color.png
  artifactKey: Guid(fe6d7b73931f24ce6a2f74c560de4776) Importer(2089858483,b0f066a214c2f5e87bad3c948f4d605d)
Start importing Assets/Projeto/Assets/Guilherme/personagens/lawrence/lawrence do mal_Base_color.png using Guid(fe6d7b73931f24ce6a2f74c560de4776) Importer(2089858483,b0f066a214c2f5e87bad3c948f4d605d) (ScriptedImporter) -> (artifact id: 'f6f9e1839e72ce996b9d93633c4871e0') in 0.0183058 seconds
Number of updated asset objects reloaded before import = 0Number of asset objects unloaded after import = 1

========================================================================
Received Import Request.
  Time since last request: 0.000027 seconds.
  path: Assets/Projeto/Assets/Guilherme/Musicas/g63 - Behind you.6 - Com Trompete.wav
  artifactKey: Guid(545af9117bc809d4d94685b2de6c9c5e) Importer(2089858483,b0f066a214c2f5e87bad3c948f4d605d)
Start importing Assets/Projeto/Assets/Guilherme/Musicas/g63 - Behind you.6 - Com Trompete.wav using Guid(545af9117bc809d4d94685b2de6c9c5e) Importer(2089858483,b0f066a214c2f5e87bad3c948f4d605d) (ScriptedImporter) -> (artifact id: 'c548c3ea174bedcbbc83c75bdf025967') in 0.0701677 seconds
Number of updated asset objects reloaded before import = 0Number of asset objects unloaded after import = 1

========================================================================
Received Import Request.
  Time since last request: 0.000023 seconds.
  path: Assets/Projeto/Prefabs/(FB)AnimatorCharacter.controller
  artifactKey: Guid(dd82d98de34e9b74c8377f168f30480d) Importer(2089858483,b0f066a214c2f5e87bad3c948f4d605d)
Start importing Assets/Projeto/Prefabs/(FB)AnimatorCharacter.controller using Guid(dd82d98de34e9b74c8377f168f30480d) Importer(2089858483,b0f066a214c2f5e87bad3c948f4d605d) (ScriptedImporter) -> (artifact id: 'c2a8d6d245faed9711a9e2225d031d84') in 0.0203802 seconds
Number of updated asset objects reloaded before import = 0Number of asset objects unloaded after import = 12

========================================================================
Received Import Request.
  Time since last request: 0.000027 seconds.
  path: Assets/Projeto/Assets/Henrique/Personagens/Texturas/DefaultMaterial_Metallic.png
  artifactKey: Guid(3e7ec654b56ceab4093818cfb8b2bc6b) Importer(2089858483,b0f066a214c2f5e87bad3c948f4d605d)
Start importing Assets/Projeto/Assets/Henrique/Personagens/Texturas/DefaultMaterial_Metallic.png using Guid(3e7ec654b56ceab4093818cfb8b2bc6b) Importer(2089858483,b0f066a214c2f5e87bad3c948f4d605d) (ScriptedImporter) -> (artifact id: '2e07541726a1b9504c52dc5ceb2f2a49') in 0.0241085 seconds
Number of updated asset objects reloaded before import = 0Number of asset objects unloaded after import = 1

========================================================================
Received Import Request.
  Time since last request: 0.000017 seconds.
  path: Assets/Projeto/Assets/Torres/placeholders/icon2.png
  artifactKey: Guid(39ce434bc86ee374e86efe6704a746d3) Importer(2089858483,b0f066a214c2f5e87bad3c948f4d605d)
Start importing Assets/Projeto/Assets/Torres/placeholders/icon2.png using Guid(39ce434bc86ee374e86efe6704a746d3) Importer(2089858483,b0f066a214c2f5e87bad3c948f4d605d) (ScriptedImporter) -> (artifact id: '572267d77f895efed41265db0cc95735') in 0.0250769 seconds
Number of updated asset objects reloaded before import = 0Number of asset objects unloaded after import = 3

========================================================================
Received Import Request.
  Time since last request: 0.000021 seconds.
  path: Assets/Projeto/Materials/Materials provisórios/Escada.mat
  artifactKey: Guid(98f1212824a13d5408d9df88812c1277) Importer(2089858483,b0f066a214c2f5e87bad3c948f4d605d)
Start importing Assets/Projeto/Materials/Materials provisórios/Escada.mat using Guid(98f1212824a13d5408d9df88812c1277) Importer(2089858483,b0f066a214c2f5e87bad3c948f4d605d) (ScriptedImporter) -> (artifact id: 'b47fbe3fca27926417ea4f7d9f9e9f91') in 0.0171228 seconds
Number of updated asset objects reloaded before import = 0Number of asset objects unloaded after import = 1

========================================================================
Received Import Request.
  Time since last request: 0.000030 seconds.
  path: Assets/Projeto/Scripts/Player/PlayerCamera.cs
  artifactKey: Guid(d10e45a0079543f44a1dafa27e092eac) Importer(2089858483,b0f066a214c2f5e87bad3c948f4d605d)
Start importing Assets/Projeto/Scripts/Player/PlayerCamera.cs using Guid(d10e45a0079543f44a1dafa27e092eac) Importer(2089858483,b0f066a214c2f5e87bad3c948f4d605d) (ScriptedImporter) -> (artifact id: 'c23ec2a3bce3ae4ac534bbd5a100d6da') in 0.0214028 seconds
Number of updated asset objects reloaded before import = 0Number of asset objects unloaded after import = 0

========================================================================
Received Import Request.
  Time since last request: 0.000021 seconds.
  path: Assets/Projeto/Assets/Guilherme/personagens/Baiana/mulher do mal_Emission_color.png
  artifactKey: Guid(a6e217dee4c8245de857c28a223c9118) Importer(2089858483,b0f066a214c2f5e87bad3c948f4d605d)
Start importing Assets/Projeto/Assets/Guilherme/personagens/Baiana/mulher do mal_Emission_color.png using Guid(a6e217dee4c8245de857c28a223c9118) Importer(2089858483,b0f066a214c2f5e87bad3c948f4d605d) (ScriptedImporter) -> (artifact id: 'abcdd98a9d94a54d8dfa1a2f43127df5') in 0.0313736 seconds
Number of updated asset objects reloaded before import = 0Number of asset objects unloaded after import = 1

========================================================================
Received Import Request.
  Time since last request: 0.000046 seconds.
  path: Assets/Projeto/UI/Menu/Scripts/LoadManager.cs
  artifactKey: Guid(dabb87375109ff64cae14172586dbe08) Importer(2089858483,b0f066a214c2f5e87bad3c948f4d605d)
Start importing Assets/Projeto/UI/Menu/Scripts/LoadManager.cs using Guid(dabb87375109ff64cae14172586dbe08) Importer(2089858483,b0f066a214c2f5e87bad3c948f4d605d) (ScriptedImporter) -> (artifact id: 'b19ba0fcab069ef22fb4dc7adfc127e4') in 0.0161829 seconds
Number of updated asset objects reloaded before import = 0Number of asset objects unloaded after import = 0

========================================================================
Received Import Request.
  Time since last request: 0.000021 seconds.
  path: Assets/Projeto/Prefabs/FortãoDoMal.prefab
  artifactKey: Guid(c9d4dc62472744c49bfb2979ad46836b) Importer(815301076,1909f56bfc062723c751e8b465ee728b)
Start importing Assets/Projeto/Prefabs/FortãoDoMal.prefab using Guid(c9d4dc62472744c49bfb2979ad46836b) Importer(815301076,1909f56bfc062723c751e8b465ee728b) (PreviewImporter)Asset '(FM)AnimatorCharacter': Transition 'Armature|grab -> Exit' in state 'Armature|grab' doesn't have an Exit Time or any condition, transition will be ignored
UnityEngine.Debug:ExtractStackTraceNoAlloc (byte*,int,string)
UnityEngine.StackTraceUtility:ExtractStackTrace ()
UnityEditor.EditorUtility:Internal_InstantiateRemoveAllNonAnimationComponentsSingle (UnityEngine.Object,UnityEngine.Vector3,UnityEngine.Quaternion)
UnityEditor.EditorUtility:InstantiateRemoveAllNonAnimationComponents (UnityEngine.Object,UnityEngine.Vector3,UnityEngine.Quaternion)
UnityEditor.EditorUtility:InstantiateForAnimatorPreview (UnityEngine.Object)
UnityEditor.GameObjectInspector/PreviewData:UpdateGameObject (UnityEngine.Object)
UnityEditor.GameObjectInspector/PreviewData:.ctor (UnityEngine.Object,bool)
UnityEditor.GameObjectInspector:GetPreviewData (bool)
UnityEditor.GameObjectInspector:RenderStaticPreview (string,UnityEngine.Object[],int,int)
UnityEditor.AssetPreviewUpdater:CreatePreview (UnityEngine.Object,UnityEngine.Object[],string,int,int)
UnityEditor.AssetPreviewUpdater:CreatePreviewForAsset (UnityEngine.Object,UnityEngine.Object[],string)

[C:\build\output\unity\unity\Editor\Src\Animation\StateMachine.cpp line 1861]

 -> (artifact id: '35a41cd37e91b80918d759e3890e30fa') in 2.3711732 seconds
Number of updated asset objects reloaded before import = 0Number of asset objects unloaded after import = 200

========================================================================
Received Import Request.
  Time since last request: 0.000045 seconds.
  path: Assets/Projeto/Prefabs/Fortão.prefab
  artifactKey: Guid(19477ad89e14f2242afd340bb019fb89) Importer(815301076,1909f56bfc062723c751e8b465ee728b)
Start importing Assets/Projeto/Prefabs/Fortão.prefab using Guid(19477ad89e14f2242afd340bb019fb89) Importer(815301076,1909f56bfc062723c751e8b465ee728b) (PreviewImporter)Asset '(FB)AnimatorCharacter': Transition 'Armature|interact -> Exit' in state 'Armature|interact' doesn't have an Exit Time or any condition, transition will be ignored
UnityEngine.Debug:ExtractStackTraceNoAlloc (byte*,int,string)
UnityEngine.StackTraceUtility:ExtractStackTrace ()
UnityEditor.EditorUtility:Internal_InstantiateRemoveAllNonAnimationComponentsSingle (UnityEngine.Object,UnityEngine.Vector3,UnityEngine.Quaternion)
UnityEditor.EditorUtility:InstantiateRemoveAllNonAnimationComponents (UnityEngine.Object,UnityEngine.Vector3,UnityEngine.Quaternion)
UnityEditor.EditorUtility:InstantiateForAnimatorPreview (UnityEngine.Object)
UnityEditor.GameObjectInspector/PreviewData:UpdateGameObject (UnityEngine.Object)
UnityEditor.GameObjectInspector/PreviewData:.ctor (UnityEngine.Object,bool)
UnityEditor.GameObjectInspector:GetPreviewData (bool)
UnityEditor.GameObjectInspector:RenderStaticPreview (string,UnityEngine.Object[],int,int)
UnityEditor.AssetPreviewUpdater:CreatePreview (UnityEngine.Object,UnityEngine.Object[],string,int,int)
UnityEditor.AssetPreviewUpdater:CreatePreviewForAsset (UnityEngine.Object,UnityEngine.Object[],string)

[C:\build\output\unity\unity\Editor\Src\Animation\StateMachine.cpp line 1861]

 -> (artifact id: '062f2b12aa9382d7f6137afd68e71521') in 0.0711603 seconds
Number of updated asset objects reloaded before import = 0Number of asset objects unloaded after import = 198

========================================================================
Received Import Request.
  Time since last request: 0.000034 seconds.
  path: Assets/Projeto/Scena/Primeiro Mapa/Cadeia_Dentro/LightingData.asset
  artifactKey: Guid(c4986a14626bd3f47865697aad5b74d6) Importer(2089858483,b0f066a214c2f5e87bad3c948f4d605d)
Start importing Assets/Projeto/Scena/Primeiro Mapa/Cadeia_Dentro/LightingData.asset using Guid(c4986a14626bd3f47865697aad5b74d6) Importer(2089858483,b0f066a214c2f5e87bad3c948f4d605d) (ScriptedImporter) -> (artifact id: 'a6862b35e7a3d4ad02391d821a3ebf31') in 0.0190726 seconds
Number of updated asset objects reloaded before import = 0Number of asset objects unloaded after import = 2

========================================================================
Received Import Request.
  Time since last request: 5.939559 seconds.
  path: Assets/Projeto/UI/HUD.uxml
  artifactKey: Guid(b3dabb5addd11134789b84df3d55ec3a) Importer(815301076,1909f56bfc062723c751e8b465ee728b)
Start importing Assets/Projeto/UI/HUD.uxml using Guid(b3dabb5addd11134789b84df3d55ec3a) Importer(815301076,1909f56bfc062723c751e8b465ee728b) (PreviewImporter) -> (artifact id: 'b2f0b81ce64903fb3a4ae419cf42f27a') in 0.0033178 seconds
Number of updated asset objects reloaded before import = 0Number of asset objects unloaded after import = 2

========================================================================
Received Import Request.
  Time since last request: 85.821750 seconds.
  path: Assets/Projeto/Scena/Primeiro Mapa
  artifactKey: Guid(0f20b8b7854717d47b7c9fae8a1be48e) Importer(815301076,1909f56bfc062723c751e8b465ee728b)
Start importing Assets/Projeto/Scena/Primeiro Mapa using Guid(0f20b8b7854717d47b7c9fae8a1be48e) Importer(815301076,1909f56bfc062723c751e8b465ee728b) (PreviewImporter) -> (artifact id: 'f7ef4653ca2ce3ece67aa8dfd5166162') in 0.0007664 seconds
Number of updated asset objects reloaded before import = 0Number of asset objects unloaded after import = 0

========================================================================
Received Import Request.
  Time since last request: 0.537968 seconds.
  path: Assets/Projeto/Scena/Primeiro Mapa/Cadeia_Dentro.unity
  artifactKey: Guid(1e67d1530de17de44ab815eef34be47f) Importer(815301076,1909f56bfc062723c751e8b465ee728b)
Start importing Assets/Projeto/Scena/Primeiro Mapa/Cadeia_Dentro.unity using Guid(1e67d1530de17de44ab815eef34be47f) Importer(815301076,1909f56bfc062723c751e8b465ee728b) (PreviewImporter) -> (artifact id: '4745147a156511fed73f8487163cbca3') in 0.000733 seconds
Number of updated asset objects reloaded before import = 0Number of asset objects unloaded after import = 0

========================================================================
Received Import Request.
  Time since last request: 109.335084 seconds.
  path: Assets/Projeto/UI/HUD.uxml
  artifactKey: Guid(b3dabb5addd11134789b84df3d55ec3a) Importer(815301076,1909f56bfc062723c751e8b465ee728b)
Start importing Assets/Projeto/UI/HUD.uxml using Guid(b3dabb5addd11134789b84df3d55ec3a) Importer(815301076,1909f56bfc062723c751e8b465ee728b) (PreviewImporter) -> (artifact id: '448defdd09699991e234aba5da6df84d') in 0.0037099 seconds
Number of updated asset objects reloaded before import = 0Number of asset objects unloaded after import = 2

========================================================================
Received Import Request.
  Time since last request: 0.255684 seconds.
  path: Assets/Projeto/UI/HUD.uxml
  artifactKey: Guid(b3dabb5addd11134789b84df3d55ec3a) Importer(2089858483,b0f066a214c2f5e87bad3c948f4d605d)
Start importing Assets/Projeto/UI/HUD.uxml using Guid(b3dabb5addd11134789b84df3d55ec3a) Importer(2089858483,b0f066a214c2f5e87bad3c948f4d605d) (ScriptedImporter) -> (artifact id: '278ed1c36962d727cfdd53e4778d983e') in 0.0253417 seconds
Number of updated asset objects reloaded before import = 0Number of asset objects unloaded after import = 2

========================================================================
Received Import Request.
  Time since last request: 3.081182 seconds.
  path: Assets/Projeto/Assets/Torres
  artifactKey: Guid(b21e854a9daa9c04dbe5bfd9871c01d9) Importer(815301076,1909f56bfc062723c751e8b465ee728b)
Start importing Assets/Projeto/Assets/Torres using Guid(b21e854a9daa9c04dbe5bfd9871c01d9) Importer(815301076,1909f56bfc062723c751e8b465ee728b) (PreviewImporter) -> (artifact id: '48024abdf405667c9711046a10809c8c') in 0.0006828 seconds
Number of updated asset objects reloaded before import = 0Number of asset objects unloaded after import = 0

========================================================================
Received Import Request.
  Time since last request: 1.966600 seconds.
  path: Assets/Projeto/Assets/Torres/placeholders
  artifactKey: Guid(c919af27ec182434e89de91ef8d23571) Importer(815301076,1909f56bfc062723c751e8b465ee728b)
Start importing Assets/Projeto/Assets/Torres/placeholders using Guid(c919af27ec182434e89de91ef8d23571) Importer(815301076,1909f56bfc062723c751e8b465ee728b) (PreviewImporter) -> (artifact id: '094459d058b6ee4026f4e0b8eb42d0e0') in 0.0007587 seconds
Number of updated asset objects reloaded before import = 0Number of asset objects unloaded after import = 0

========================================================================
Received Import Request.
  Time since last request: 0.000036 seconds.
  path: Assets/Projeto/Assets/Torres/placeholders/43dsa.png
  artifactKey: Guid(dc56a7d75e4730f4eac7f08663b32127) Importer(815301076,1909f56bfc062723c751e8b465ee728b)
Start importing Assets/Projeto/Assets/Torres/placeholders/43dsa.png using Guid(dc56a7d75e4730f4eac7f08663b32127) Importer(815301076,1909f56bfc062723c751e8b465ee728b) (PreviewImporter) -> (artifact id: '50d1588c6e1d75cbea1f7d6bf34ac039') in 0.0489266 seconds
Number of updated asset objects reloaded before import = 0Number of asset objects unloaded after import = 3

========================================================================
Received Import Request.
  Time since last request: 0.000045 seconds.
  path: Assets/Projeto/Assets/Torres/placeholders/icon2.png
  artifactKey: Guid(39ce434bc86ee374e86efe6704a746d3) Importer(815301076,1909f56bfc062723c751e8b465ee728b)
Start importing Assets/Projeto/Assets/Torres/placeholders/icon2.png using Guid(39ce434bc86ee374e86efe6704a746d3) Importer(815301076,1909f56bfc062723c751e8b465ee728b) (PreviewImporter) -> (artifact id: 'eefd3e5485bd763231f8ee9c0e85e8be') in 0.0232128 seconds
Number of updated asset objects reloaded before import = 0Number of asset objects unloaded after import = 3

========================================================================
Received Import Request.
  Time since last request: 0.000037 seconds.
  path: Assets/Projeto/Assets/Torres/placeholders/iuyiyuirtert.png
  artifactKey: Guid(eadd3aacf015c994781e24aa5e71631b) Importer(815301076,1909f56bfc062723c751e8b465ee728b)
Start importing Assets/Projeto/Assets/Torres/placeholders/iuyiyuirtert.png using Guid(eadd3aacf015c994781e24aa5e71631b) Importer(815301076,1909f56bfc062723c751e8b465ee728b) (PreviewImporter) -> (artifact id: '16f7a08e4a485d9ba20217acc64571e1') in 0.0317462 seconds
Number of updated asset objects reloaded before import = 0Number of asset objects unloaded after import = 3

========================================================================
Received Import Request.
  Time since last request: 0.000044 seconds.
  path: Assets/Projeto/Assets/Torres/placeholders/placeholder2.png
  artifactKey: Guid(7fdaec9e2d7ce44418fd1baaf3282d9a) Importer(815301076,1909f56bfc062723c751e8b465ee728b)
Start importing Assets/Projeto/Assets/Torres/placeholders/placeholder2.png using Guid(7fdaec9e2d7ce44418fd1baaf3282d9a) Importer(815301076,1909f56bfc062723c751e8b465ee728b) (PreviewImporter) -> (artifact id: '180cf2cd6e80d82bc618b163d334802d') in 0.0487986 seconds
Number of updated asset objects reloaded before import = 0Number of asset objects unloaded after import = 3

========================================================================
Received Import Request.
  Time since last request: 0.000037 seconds.
  path: Assets/Projeto/Assets/Torres/placeholders/Icon 1.png
  artifactKey: Guid(4155bf72b78841e4f93f205642ead2a1) Importer(815301076,1909f56bfc062723c751e8b465ee728b)
Start importing Assets/Projeto/Assets/Torres/placeholders/Icon 1.png using Guid(4155bf72b78841e4f93f205642ead2a1) Importer(815301076,1909f56bfc062723c751e8b465ee728b) (PreviewImporter) -> (artifact id: 'f651ffae7c413cbd2d7030e3ba8d8f3e') in 0.0352075 seconds
Number of updated asset objects reloaded before import = 0Number of asset objects unloaded after import = 3

========================================================================
Received Import Request.
  Time since last request: 0.000043 seconds.
  path: Assets/Projeto/Assets/Torres/placeholders/placeholder 1.png
  artifactKey: Guid(ee1afd58bafe2c04880b7e239a57586f) Importer(815301076,1909f56bfc062723c751e8b465ee728b)
Start importing Assets/Projeto/Assets/Torres/placeholders/placeholder 1.png using Guid(ee1afd58bafe2c04880b7e239a57586f) Importer(815301076,1909f56bfc062723c751e8b465ee728b) (PreviewImporter) -> (artifact id: 'c127314d1908595df306a9a281faa73c') in 0.029416 seconds
Number of updated asset objects reloaded before import = 0Number of asset objects unloaded after import = 3

========================================================================
Received Import Request.
  Time since last request: 5.094675 seconds.
  path: Assets/Projeto/Assets/Torres/Shader
  artifactKey: Guid(934d42e62257b5c479f4d8812e094c63) Importer(815301076,1909f56bfc062723c751e8b465ee728b)
Start importing Assets/Projeto/Assets/Torres/Shader using Guid(934d42e62257b5c479f4d8812e094c63) Importer(815301076,1909f56bfc062723c751e8b465ee728b) (PreviewImporter) -> (artifact id: '96e65663c01eb508adefe02f3c338b41') in 0.0007874 seconds
Number of updated asset objects reloaded before import = 0Number of asset objects unloaded after import = 0

========================================================================
Received Import Request.
  Time since last request: 1.170649 seconds.
  path: Assets/Projeto/Assets/Torres/Sons
  artifactKey: Guid(8045a7e8e34ee0e41819479a8af9bcf8) Importer(815301076,1909f56bfc062723c751e8b465ee728b)
Start importing Assets/Projeto/Assets/Torres/Sons using Guid(8045a7e8e34ee0e41819479a8af9bcf8) Importer(815301076,1909f56bfc062723c751e8b465ee728b) (PreviewImporter) -> (artifact id: '1f6e06a4249717be472098488a09f7a1') in 0.0008632 seconds
Number of updated asset objects reloaded before import = 0Number of asset objects unloaded after import = 0

========================================================================
Received Import Request.
  Time since last request: 0.000037 seconds.
  path: Assets/Projeto/Assets/Torres/Sons/sound-1.mp3
  artifactKey: Guid(991e4b5e8734d7743b9c3d5bb9f99b9d) Importer(815301076,1909f56bfc062723c751e8b465ee728b)
Start importing Assets/Projeto/Assets/Torres/Sons/sound-1.mp3 using Guid(991e4b5e8734d7743b9c3d5bb9f99b9d) Importer(815301076,1909f56bfc062723c751e8b465ee728b) (PreviewImporter) -> (artifact id: '442062dc1661cc45cb86de7a4e793c98') in 0.034606 seconds
Number of updated asset objects reloaded before import = 0Number of asset objects unloaded after import = 2

========================================================================
Received Import Request.
  Time since last request: 0.000042 seconds.
  path: Assets/Projeto/Assets/Torres/Sons/sound-8.mp3
  artifactKey: Guid(ef65214c30d82334784cc33fe3232867) Importer(815301076,1909f56bfc062723c751e8b465ee728b)
Start importing Assets/Projeto/Assets/Torres/Sons/sound-8.mp3 using Guid(ef65214c30d82334784cc33fe3232867) Importer(815301076,1909f56bfc062723c751e8b465ee728b) (PreviewImporter) -> (artifact id: 'cd02a9aa86286afe11ecd86b85afb871') in 0.0144966 seconds
Number of updated asset objects reloaded before import = 0Number of asset objects unloaded after import = 2

========================================================================
Received Import Request.
  Time since last request: 0.000032 seconds.
  path: Assets/Projeto/Assets/Torres/Sons/sound-14_01.mp3
  artifactKey: Guid(dca5cc6b151b9b047863cfd5a1ab1c52) Importer(815301076,1909f56bfc062723c751e8b465ee728b)
Start importing Assets/Projeto/Assets/Torres/Sons/sound-14_01.mp3 using Guid(dca5cc6b151b9b047863cfd5a1ab1c52) Importer(815301076,1909f56bfc062723c751e8b465ee728b) (PreviewImporter) -> (artifact id: '35dc06ed7e3e225cf181c4b073fc0c8f') in 0.0182474 seconds
Number of updated asset objects reloaded before import = 0Number of asset objects unloaded after import = 2

========================================================================
Received Import Request.
  Time since last request: 0.593852 seconds.
  path: Assets/Projeto/Assets/Torres/fONTS
  artifactKey: Guid(829b03fb01696504d90431b35c7dcbe8) Importer(815301076,1909f56bfc062723c751e8b465ee728b)
Start importing Assets/Projeto/Assets/Torres/fONTS using Guid(829b03fb01696504d90431b35c7dcbe8) Importer(815301076,1909f56bfc062723c751e8b465ee728b) (PreviewImporter) -> (artifact id: '327a37c4969bd2fa27aa59901a2996bd') in 0.0007099 seconds
Number of updated asset objects reloaded before import = 0Number of asset objects unloaded after import = 0

========================================================================
Received Import Request.
  Time since last request: 0.000036 seconds.
  path: Assets/Projeto/Assets/Torres/fONTS/Astronomus.ttf
  artifactKey: Guid(6c1a3911a58117e44a75d8d9394f6d2d) Importer(815301076,1909f56bfc062723c751e8b465ee728b)
Start importing Assets/Projeto/Assets/Torres/fONTS/Astronomus.ttf using Guid(6c1a3911a58117e44a75d8d9394f6d2d) Importer(815301076,1909f56bfc062723c751e8b465ee728b) (PreviewImporter) -> (artifact id: '9d8a5a3056b3983174231ac2d68b6174') in 0.0475247 seconds
Number of updated asset objects reloaded before import = 0Number of asset objects unloaded after import = 4

========================================================================
Received Import Request.
  Time since last request: 0.000043 seconds.
  path: Assets/Projeto/Assets/Torres/fONTS/Super Squad Italic.ttf
  artifactKey: Guid(a059b2e76c87bf64d83657f0282cfe20) Importer(815301076,1909f56bfc062723c751e8b465ee728b)
Start importing Assets/Projeto/Assets/Torres/fONTS/Super Squad Italic.ttf using Guid(a059b2e76c87bf64d83657f0282cfe20) Importer(815301076,1909f56bfc062723c751e8b465ee728b) (PreviewImporter) -> (artifact id: 'bac5c8004fd25ac6d13969a3108fd79a') in 0.0183348 seconds
Number of updated asset objects reloaded before import = 0Number of asset objects unloaded after import = 4

========================================================================
Received Import Request.
  Time since last request: 0.000036 seconds.
  path: Assets/Projeto/Assets/Torres/fONTS/Super Squad Italic.otf
  artifactKey: Guid(802fa143c290a2647af6f8322d9af4ac) Importer(815301076,1909f56bfc062723c751e8b465ee728b)
Start importing Assets/Projeto/Assets/Torres/fONTS/Super Squad Italic.otf using Guid(802fa143c290a2647af6f8322d9af4ac) Importer(815301076,1909f56bfc062723c751e8b465ee728b) (PreviewImporter) -> (artifact id: '747031ec45745f047c27f260cef3a68f') in 0.0212706 seconds
Number of updated asset objects reloaded before import = 0Number of asset objects unloaded after import = 4

========================================================================
Received Import Request.
  Time since last request: 80.706093 seconds.
  path: Assets/Projeto/Scena/Menu
  artifactKey: Guid(98ba74137c6f5f24d8dea8529e1ea81e) Importer(815301076,1909f56bfc062723c751e8b465ee728b)
Start importing Assets/Projeto/Scena/Menu using Guid(98ba74137c6f5f24d8dea8529e1ea81e) Importer(815301076,1909f56bfc062723c751e8b465ee728b) (PreviewImporter) -> (artifact id: '7954766d6d08f7404b0a47fccab1de9d') in 0.0009647 seconds
Number of updated asset objects reloaded before import = 0Number of asset objects unloaded after import = 0

========================================================================
Received Import Request.
  Time since last request: 1.533536 seconds.
  path: Assets/Projeto/Scena/Menu/MainMenu.unity
  artifactKey: Guid(b592add88cc03b24497a7cd0f9df9ac4) Importer(815301076,1909f56bfc062723c751e8b465ee728b)
Start importing Assets/Projeto/Scena/Menu/MainMenu.unity using Guid(b592add88cc03b24497a7cd0f9df9ac4) Importer(815301076,1909f56bfc062723c751e8b465ee728b) (PreviewImporter) -> (artifact id: '8f684c43fe73737fb819f496478b54c4') in 0.0007428 seconds
Number of updated asset objects reloaded before import = 0Number of asset objects unloaded after import = 0

========================================================================
Received Import Request.
  Time since last request: 7.639835 seconds.
  path: Assets/Projeto/UI/Menu/botao-menu.uss
  artifactKey: Guid(c5d6cf822fdb42946b7d8416b06944bd) Importer(815301076,1909f56bfc062723c751e8b465ee728b)
Start importing Assets/Projeto/UI/Menu/botao-menu.uss using Guid(c5d6cf822fdb42946b7d8416b06944bd) Importer(815301076,1909f56bfc062723c751e8b465ee728b) (PreviewImporter) -> (artifact id: '192af36cdc68a04b38f9648bf45441ee') in 0.0043044 seconds
Number of updated asset objects reloaded before import = 0Number of asset objects unloaded after import = 5

========================================================================
Received Import Request.
  Time since last request: 0.000034 seconds.
  path: Assets/Projeto/UI/Menu/MainMenu.uxml
  artifactKey: Guid(4e3a8c89df65df64f813d7ba3157443c) Importer(815301076,1909f56bfc062723c751e8b465ee728b)
Start importing Assets/Projeto/UI/Menu/MainMenu.uxml using Guid(4e3a8c89df65df64f813d7ba3157443c) Importer(815301076,1909f56bfc062723c751e8b465ee728b) (PreviewImporter) -> (artifact id: 'f1f9a84259d96987c920feab61c3b692') in 0.058195 seconds
Number of updated asset objects reloaded before import = 0Number of asset objects unloaded after import = 20

========================================================================
Received Import Request.
  Time since last request: 198.329041 seconds.
  path: Assets/Projeto/Materials
  artifactKey: Guid(81aac36440c67c043a9c79150ded179e) Importer(815301076,1909f56bfc062723c751e8b465ee728b)
Start importing Assets/Projeto/Materials using Guid(81aac36440c67c043a9c79150ded179e) Importer(815301076,1909f56bfc062723c751e8b465ee728b) (PreviewImporter) -> (artifact id: '87e8f099bed1dd34b324299e648ad85b') in 0.0008136 seconds
Number of updated asset objects reloaded before import = 0Number of asset objects unloaded after import = 0

========================================================================
Received Import Request.
  Time since last request: 842.471072 seconds.
  path: Assets/Projeto/Scripts/Rede/Teste/NetworkCommandLine.cs
  artifactKey: Guid(89c0e78215ab58f4ea18fa938b7e14e1) Importer(815301076,1909f56bfc062723c751e8b465ee728b)
Start importing Assets/Projeto/Scripts/Rede/Teste/NetworkCommandLine.cs using Guid(89c0e78215ab58f4ea18fa938b7e14e1) Importer(815301076,1909f56bfc062723c751e8b465ee728b) (PreviewImporter) -> (artifact id: 'ddbd99c96c8d1ab081b245cfb24cae41') in 0.0011438 seconds
Number of updated asset objects reloaded before import = 0Number of asset objects unloaded after import = 0

========================================================================
Received Import Request.
  Time since last request: 40.933734 seconds.
  path: Assets/Projeto/Scripts/Rede/Teste/LobbyManager.cs
  artifactKey: Guid(6e39d92e7068ef045a1a3234a84fd103) Importer(815301076,1909f56bfc062723c751e8b465ee728b)
Start importing Assets/Projeto/Scripts/Rede/Teste/LobbyManager.cs using Guid(6e39d92e7068ef045a1a3234a84fd103) Importer(815301076,1909f56bfc062723c751e8b465ee728b) (PreviewImporter) -> (artifact id: '6665cbc587c36edbc993f42c509608b6') in 0.0006716 seconds
Number of updated asset objects reloaded before import = 0Number of asset objects unloaded after import = 0

========================================================================
Received Import Request.
  Time since last request: 51.521053 seconds.
  path: Assets/Projeto/Scripts/Rede/Teste/RpcTeste.cs
  artifactKey: Guid(82efb6d2d846f2b4c94d674c4d4f83b1) Importer(815301076,1909f56bfc062723c751e8b465ee728b)
Start importing Assets/Projeto/Scripts/Rede/Teste/RpcTeste.cs using Guid(82efb6d2d846f2b4c94d674c4d4f83b1) Importer(815301076,1909f56bfc062723c751e8b465ee728b) (PreviewImporter) -> (artifact id: '047d9e68f2fa0a893c2b485e4913539c') in 0.0008653 seconds
Number of updated asset objects reloaded before import = 0Number of asset objects unloaded after import = 0

========================================================================
Received Import Request.
  Time since last request: 26.137027 seconds.
  path: Assets/Projeto/Scripts/Rede/Teste/TesteM.cs
  artifactKey: Guid(24bfa6e8174a90b44b070dd765e53a6a) Importer(815301076,1909f56bfc062723c751e8b465ee728b)
Start importing Assets/Projeto/Scripts/Rede/Teste/TesteM.cs using Guid(24bfa6e8174a90b44b070dd765e53a6a) Importer(815301076,1909f56bfc062723c751e8b465ee728b) (PreviewImporter) -> (artifact id: '082dad3fd77eee0194dbb8b110763b06') in 0.0007344 seconds
Number of updated asset objects reloaded before import = 0Number of asset objects unloaded after import = 0

========================================================================
Received Import Request.
  Time since last request: 22.031027 seconds.
  path: Assets/Projeto/Scena/Teste
  artifactKey: Guid(30b76e79d43a64d67b2a13830695b8d6) Importer(815301076,1909f56bfc062723c751e8b465ee728b)
Start importing Assets/Projeto/Scena/Teste using Guid(30b76e79d43a64d67b2a13830695b8d6) Importer(815301076,1909f56bfc062723c751e8b465ee728b) (PreviewImporter) -> (artifact id: '7c3c4fea003a5744d4c53248d93dc024') in 0.0007393 seconds
Number of updated asset objects reloaded before import = 0Number of asset objects unloaded after import = 0

========================================================================
Received Import Request.
  Time since last request: 0.000033 seconds.
  path: Assets/Projeto/Scena/Teste/Global Volume Profile.asset
  artifactKey: Guid(a50864b7c93144e64b7325464cf103a6) Importer(815301076,1909f56bfc062723c751e8b465ee728b)
Start importing Assets/Projeto/Scena/Teste/Global Volume Profile.asset using Guid(a50864b7c93144e64b7325464cf103a6) Importer(815301076,1909f56bfc062723c751e8b465ee728b) (PreviewImporter) -> (artifact id: '5b62c951fd348cf7df7c62201363826c') in 0.0017938 seconds
Number of updated asset objects reloaded before import = 0Number of asset objects unloaded after import = 2

========================================================================
Received Prepare
Begin MonoManager ReloadAssembly
[Licensing::Client] Successfully resolved entitlement details
ADTM: Control thread waiting for realtime thread timed out, have to lock...
Leak Detected : Persistent allocates 8 individual allocations. To find out more please enable 'Preferences > Jobs > Leak Detection Level > Enabled With Stack Trace' and reproduce the leak again.
Symbol file LoadedFromMemory is not a mono symbol file
- Loaded All Assemblies, in  2.778 seconds
'Packages/com.unity.cinemachine/Editor/Obsolete/CinemachineVirtualCameraBaseEditor.cs' contains partial class of Unity.Object, exactly 1 of the partial classes needs to be in a file with the same filename. This is to know the one that can be referenced from ie. GameObjects
'Packages/com.unity.cinemachine/Editor/Editors/CinemachineVirtualCameraBaseEditor.cs' contains partial class of Unity.Object, exactly 1 of the partial classes needs to be in a file with the same filename. This is to know the one that can be referenced from ie. GameObjects
Refreshing native plugins compatible for Editor in 2.42 ms, found 3 plugins.
Native extension for Android target not found
Native extension for WindowsStandalone target not found
Native extension for WebGL target not found
[Package Manager] Failed to launch server process. Reason: Unity was launched with the -noUpm command-line argument
[Package Manager] Unable to send message (not connected to server process).
[Package Manager] Cannot connect to Unity Package Manager local server
[Package Manager] Failed to launch server process. Reason: Unity was launched with the -noUpm command-line argument
[Package Manager] Unable to send message (not connected to server process).
[Package Manager] Cannot connect to Unity Package Manager local server
ScheduleIndexationOnStartup MainProcess:False IndexOnStartup:True
Mono: successfully reloaded assembly
[Package Manager] Failed to launch server process. Reason: Unity was launched with the -noUpm command-line argument
[Package Manager] Unable to send message (not connected to server process).
[Package Manager] Cannot connect to Unity Package Manager local server
- Finished resetting the current domain, in  1.787 seconds
Domain Reload Profiling: 4567ms
	BeginReloadAssembly (1563ms)
		ExecutionOrderSort (0ms)
		DisableScriptedObjects (78ms)
		BackupInstance (0ms)
		ReleaseScriptingObjects (0ms)
		CreateAndSetChildDomain (1188ms)
	RebuildCommonClasses (60ms)
	RebuildNativeTypeToScriptingClass (25ms)
	initialDomainReloadingComplete (83ms)
	LoadAllAssembliesAndSetupDomain (1048ms)
		LoadAssemblies (671ms)
		RebuildTransferFunctionScriptingTraits (0ms)
		AnalyzeDomain (536ms)
			TypeCache.Refresh (15ms)
				TypeCache.ScanAssembly (0ms)
			BuildScriptInfoCaches (489ms)
			ResolveRequiredComponents (24ms)
	FinalizeReload (1787ms)
		ReleaseScriptCaches (0ms)
		RebuildScriptCaches (0ms)
		SetupLoadedEditorAssemblies (1350ms)
			LogAssemblyErrors (0ms)
			InitializePlatformSupportModulesInManaged (19ms)
			SetLoadedEditorAssemblies (9ms)
			BeforeProcessingInitializeOnLoad (340ms)
			ProcessInitializeOnLoadAttributes (628ms)
			ProcessInitializeOnLoadMethodAttributes (338ms)
			AfterProcessingInitializeOnLoad (15ms)
			EditorAssembliesLoaded (2ms)
		ExecutionOrderSort2 (0ms)
		AwakeInstancesAfterBackupRestoration (35ms)
Refreshing native plugins compatible for Editor in 2.42 ms, found 3 plugins.
Preloading 0 native plugins for Editor in 0.00 ms.
Unloading 7 Unused Serialized files (Serialized files now loaded: 0)
Unloading 10727 unused Assets / (4.9 MB). Loaded Objects now: 11954.
Memory consumption went from 274.5 MB to 269.6 MB.
Total: 16.268600 ms (FindLiveObjects: 1.643500 ms CreateObjectMapping: 1.386600 ms MarkObjects: 9.051100 ms  DeleteObjects: 4.186700 ms)

Prepare: number of updated asset objects reloaded= 0
========================================================================
Received Import Request.
  Time since last request: 282.555370 seconds.
  path: Assets/Projeto/Scripts/Rede/Teste/TestePlayer.cs
  artifactKey: Guid(5253569d295e8d54c937cff948ac12ce) Importer(815301076,1909f56bfc062723c751e8b465ee728b)
Start importing Assets/Projeto/Scripts/Rede/Teste/TestePlayer.cs using Guid(5253569d295e8d54c937cff948ac12ce) Importer(815301076,1909f56bfc062723c751e8b465ee728b) (PreviewImporter) -> (artifact id: '892cb5aaf66638b92553b081474ec548') in 0.009365 seconds
Number of updated asset objects reloaded before import = 0Number of asset objects unloaded after import = 0

========================================================================
Received Prepare
'Packages/com.unity.cinemachine/Editor/Obsolete/CinemachineVirtualCameraBaseEditor.cs' contains partial class of Unity.Object, exactly 1 of the partial classes needs to be in a file with the same filename. This is to know the one that can be referenced from ie. GameObjects
'Packages/com.unity.cinemachine/Editor/Editors/CinemachineVirtualCameraBaseEditor.cs' contains partial class of Unity.Object, exactly 1 of the partial classes needs to be in a file with the same filename. This is to know the one that can be referenced from ie. GameObjects
Refreshing native plugins compatible for Editor in 2.53 ms, found 3 plugins.
Preloading 0 native plugins for Editor in 0.00 ms.
Unloading 7 Unused Serialized files (Serialized files now loaded: 0)
Unloading 10707 unused Assets / (5.0 MB). Loaded Objects now: 11954.
Memory consumption went from 268.6 MB to 263.7 MB.
Total: 19.625000 ms (FindLiveObjects: 1.661500 ms CreateObjectMapping: 1.367800 ms MarkObjects: 12.506600 ms  DeleteObjects: 4.088100 ms)

Prepare: number of updated asset objects reloaded= 0
========================================================================
Received Prepare
'Packages/com.unity.cinemachine/Editor/Obsolete/CinemachineVirtualCameraBaseEditor.cs' contains partial class of Unity.Object, exactly 1 of the partial classes needs to be in a file with the same filename. This is to know the one that can be referenced from ie. GameObjects
'Packages/com.unity.cinemachine/Editor/Editors/CinemachineVirtualCameraBaseEditor.cs' contains partial class of Unity.Object, exactly 1 of the partial classes needs to be in a file with the same filename. This is to know the one that can be referenced from ie. GameObjects
Refreshing native plugins compatible for Editor in 3.41 ms, found 3 plugins.
Preloading 0 native plugins for Editor in 0.00 ms.
Unloading 7 Unused Serialized files (Serialized files now loaded: 0)
Unloading 10707 unused Assets / (5.6 MB). Loaded Objects now: 11954.
Memory consumption went from 268.6 MB to 263.0 MB.
Total: 20.556800 ms (FindLiveObjects: 1.778300 ms CreateObjectMapping: 1.613300 ms MarkObjects: 12.321900 ms  DeleteObjects: 4.841400 ms)

Prepare: number of updated asset objects reloaded= 0
========================================================================
Received Prepare
Begin MonoManager ReloadAssembly
[Licensing::Client] Successfully resolved entitlement details
ADTM: Control thread waiting for realtime thread timed out, have to lock...
Symbol file LoadedFromMemory is not a mono symbol file
- Loaded All Assemblies, in  2.710 seconds
'Packages/com.unity.cinemachine/Editor/Obsolete/CinemachineVirtualCameraBaseEditor.cs' contains partial class of Unity.Object, exactly 1 of the partial classes needs to be in a file with the same filename. This is to know the one that can be referenced from ie. GameObjects
'Packages/com.unity.cinemachine/Editor/Editors/CinemachineVirtualCameraBaseEditor.cs' contains partial class of Unity.Object, exactly 1 of the partial classes needs to be in a file with the same filename. This is to know the one that can be referenced from ie. GameObjects
Refreshing native plugins compatible for Editor in 2.71 ms, found 3 plugins.
Native extension for Android target not found
Native extension for WindowsStandalone target not found
Native extension for WebGL target not found
[Package Manager] Failed to launch server process. Reason: Unity was launched with the -noUpm command-line argument
[Package Manager] Unable to send message (not connected to server process).
[Package Manager] Cannot connect to Unity Package Manager local server
[Package Manager] Failed to launch server process. Reason: Unity was launched with the -noUpm command-line argument
[Package Manager] Unable to send message (not connected to server process).
[Package Manager] Cannot connect to Unity Package Manager local server
ScheduleIndexationOnStartup MainProcess:False IndexOnStartup:True
Mono: successfully reloaded assembly
[Package Manager] Failed to launch server process. Reason: Unity was launched with the -noUpm command-line argument
[Package Manager] Unable to send message (not connected to server process).
[Package Manager] Cannot connect to Unity Package Manager local server
- Finished resetting the current domain, in  1.679 seconds
Domain Reload Profiling: 4390ms
	BeginReloadAssembly (1459ms)
		ExecutionOrderSort (0ms)
		DisableScriptedObjects (13ms)
		BackupInstance (0ms)
		ReleaseScriptingObjects (0ms)
		CreateAndSetChildDomain (1127ms)
	RebuildCommonClasses (76ms)
	RebuildNativeTypeToScriptingClass (30ms)
	initialDomainReloadingComplete (101ms)
	LoadAllAssembliesAndSetupDomain (1045ms)
		LoadAssemblies (686ms)
		RebuildTransferFunctionScriptingTraits (0ms)
		AnalyzeDomain (554ms)
			TypeCache.Refresh (24ms)
				TypeCache.ScanAssembly (2ms)
			BuildScriptInfoCaches (497ms)
			ResolveRequiredComponents (24ms)
	FinalizeReload (1680ms)
		ReleaseScriptCaches (0ms)
		RebuildScriptCaches (0ms)
		SetupLoadedEditorAssemblies (1276ms)
			LogAssemblyErrors (0ms)
			InitializePlatformSupportModulesInManaged (16ms)
			SetLoadedEditorAssemblies (8ms)
			BeforeProcessingInitializeOnLoad (339ms)
			ProcessInitializeOnLoadAttributes (614ms)
			ProcessInitializeOnLoadMethodAttributes (287ms)
			AfterProcessingInitializeOnLoad (10ms)
			EditorAssembliesLoaded (1ms)
		ExecutionOrderSort2 (0ms)
		AwakeInstancesAfterBackupRestoration (28ms)
Refreshing native plugins compatible for Editor in 2.41 ms, found 3 plugins.
Preloading 0 native plugins for Editor in 0.00 ms.
Unloading 7 Unused Serialized files (Serialized files now loaded: 0)
Unloading 10724 unused Assets / (4.2 MB). Loaded Objects now: 11958.
Memory consumption went from 274.0 MB to 269.7 MB.
Total: 16.204400 ms (FindLiveObjects: 1.676000 ms CreateObjectMapping: 1.633300 ms MarkObjects: 9.073800 ms  DeleteObjects: 3.820200 ms)

Prepare: number of updated asset objects reloaded= 0
========================================================================
Received Import Request.
  Time since last request: 1274.315613 seconds.
  path: Assets/Projeto/UI/HUD.uxml
  artifactKey: Guid(b3dabb5addd11134789b84df3d55ec3a) Importer(815301076,1909f56bfc062723c751e8b465ee728b)
Start importing Assets/Projeto/UI/HUD.uxml using Guid(b3dabb5addd11134789b84df3d55ec3a) Importer(815301076,1909f56bfc062723c751e8b465ee728b) (PreviewImporter) -> (artifact id: '160d8b124ebffd41b0789dd7c14b5f62') in 0.1744954 seconds
Number of updated asset objects reloaded before import = 0Number of asset objects unloaded after import = 2

========================================================================
Received Import Request.
  Time since last request: 599.373000 seconds.
  path: Assets/Projeto/UI/HUD.uxml
  artifactKey: Guid(b3dabb5addd11134789b84df3d55ec3a) Importer(815301076,1909f56bfc062723c751e8b465ee728b)
Start importing Assets/Projeto/UI/HUD.uxml using Guid(b3dabb5addd11134789b84df3d55ec3a) Importer(815301076,1909f56bfc062723c751e8b465ee728b) (PreviewImporter) -> (artifact id: '823c29096d01e1ed07cb30a51789e7ba') in 0.0062896 seconds
Number of updated asset objects reloaded before import = 0Number of asset objects unloaded after import = 2

========================================================================
Received Import Request.
  Time since last request: 17.823239 seconds.
  path: Assets/Projeto/Assets
  artifactKey: Guid(ef18af38eab230b4490b49eccd004c46) Importer(815301076,1909f56bfc062723c751e8b465ee728b)
Start importing Assets/Projeto/Assets using Guid(ef18af38eab230b4490b49eccd004c46) Importer(815301076,1909f56bfc062723c751e8b465ee728b) (PreviewImporter) -> (artifact id: '9afedb896a761e17fe45bdc79be37068') in 0.0008837 seconds
Number of updated asset objects reloaded before import = 0Number of asset objects unloaded after import = 0

========================================================================
Received Import Request.
  Time since last request: 1.453581 seconds.
  path: Assets/Projeto/Assets/Guilherme
  artifactKey: Guid(6ac43416c6fb04b24a40f2985950b620) Importer(815301076,1909f56bfc062723c751e8b465ee728b)
Start importing Assets/Projeto/Assets/Guilherme using Guid(6ac43416c6fb04b24a40f2985950b620) Importer(815301076,1909f56bfc062723c751e8b465ee728b) (PreviewImporter) -> (artifact id: '053f9ac3fa0e93aea5552121950474c6') in 0.0008247 seconds
Number of updated asset objects reloaded before import = 0Number of asset objects unloaded after import = 0

========================================================================
Received Import Request.
  Time since last request: 1.406321 seconds.
  path: Assets/Projeto/Assets/Guilherme/personagens
  artifactKey: Guid(d654d5ec4e0704604899e58a56713e87) Importer(815301076,1909f56bfc062723c751e8b465ee728b)
Start importing Assets/Projeto/Assets/Guilherme/personagens using Guid(d654d5ec4e0704604899e58a56713e87) Importer(815301076,1909f56bfc062723c751e8b465ee728b) (PreviewImporter) -> (artifact id: '5bc7fb79dc1132eb51bdbf7d651b08e0') in 0.0007568 seconds
Number of updated asset objects reloaded before import = 0Number of asset objects unloaded after import = 0

========================================================================
Received Import Request.
  Time since last request: 1.897334 seconds.
  path: Assets/Projeto/Assets/Guilherme/personagens/Baiana
  artifactKey: Guid(51dad0b46b3e24f2cac7a896bb44245e) Importer(815301076,1909f56bfc062723c751e8b465ee728b)
Start importing Assets/Projeto/Assets/Guilherme/personagens/Baiana using Guid(51dad0b46b3e24f2cac7a896bb44245e) Importer(815301076,1909f56bfc062723c751e8b465ee728b) (PreviewImporter) -> (artifact id: 'ecc2ec08471f7edc74ebb6d0f8cfc447') in 0.0007773 seconds
Number of updated asset objects reloaded before import = 0Number of asset objects unloaded after import = 0

========================================================================
Received Import Request.
  Time since last request: 1.018460 seconds.
  path: Assets/Projeto/Assets/Guilherme/personagens/Baiana/Macabea do mal.fbx
  artifactKey: Guid(ee59589666d814899bf2bd0a3e66a112) Importer(815301076,1909f56bfc062723c751e8b465ee728b)
Start importing Assets/Projeto/Assets/Guilherme/personagens/Baiana/Macabea do mal.fbx using Guid(ee59589666d814899bf2bd0a3e66a112) Importer(815301076,1909f56bfc062723c751e8b465ee728b) (PreviewImporter) -> (artifact id: '96f84e8c74dab92add0b612a00a16490') in 2.3501362 seconds
Number of updated asset objects reloaded before import = 0Number of asset objects unloaded after import = 117

========================================================================
Received Import Request.
  Time since last request: 0.000036 seconds.
  path: Assets/Projeto/Assets/Guilherme/personagens/Baiana/mulher do mal_Specular_roughness.png
  artifactKey: Guid(4a9e5ad02ad124eba86d95376e1bf65b) Importer(815301076,1909f56bfc062723c751e8b465ee728b)
Start importing Assets/Projeto/Assets/Guilherme/personagens/Baiana/mulher do mal_Specular_roughness.png using Guid(4a9e5ad02ad124eba86d95376e1bf65b) Importer(815301076,1909f56bfc062723c751e8b465ee728b) (PreviewImporter) -> (artifact id: '86c848796707d7005c9a0a9cd8c07dd0') in 0.0266906 seconds
Number of updated asset objects reloaded before import = 0Number of asset objects unloaded after import = 2

========================================================================
Received Import Request.
  Time since last request: 0.000057 seconds.
  path: Assets/Projeto/Assets/Guilherme/personagens/Baiana/mulher do mal_Normal_OpenGL.png
  artifactKey: Guid(51bbeb1abea9f408cacdcaccc81476dc) Importer(815301076,1909f56bfc062723c751e8b465ee728b)
Start importing Assets/Projeto/Assets/Guilherme/personagens/Baiana/mulher do mal_Normal_OpenGL.png using Guid(51bbeb1abea9f408cacdcaccc81476dc) Importer(815301076,1909f56bfc062723c751e8b465ee728b) (PreviewImporter) -> (artifact id: '1315299b98de9403955ca0910521711f') in 0.0280767 seconds
Number of updated asset objects reloaded before import = 0Number of asset objects unloaded after import = 2

========================================================================
Received Import Request.
  Time since last request: 0.000035 seconds.
  path: Assets/Projeto/Assets/Guilherme/personagens/Baiana/mulher do mal_Base_color.png
  artifactKey: Guid(e41c6215ab6824896b4f732b34f7058c) Importer(815301076,1909f56bfc062723c751e8b465ee728b)
Start importing Assets/Projeto/Assets/Guilherme/personagens/Baiana/mulher do mal_Base_color.png using Guid(e41c6215ab6824896b4f732b34f7058c) Importer(815301076,1909f56bfc062723c751e8b465ee728b) (PreviewImporter) -> (artifact id: 'eb8bb7d68b1a7c69c65ff4de1c6a9e67') in 0.0276114 seconds
Number of updated asset objects reloaded before import = 0Number of asset objects unloaded after import = 2

========================================================================
Received Import Request.
  Time since last request: 0.000046 seconds.
  path: Assets/Projeto/Assets/Guilherme/personagens/Baiana/Material.mat
  artifactKey: Guid(1188249411c704cb68232eac82b05b77) Importer(815301076,1909f56bfc062723c751e8b465ee728b)
Start importing Assets/Projeto/Assets/Guilherme/personagens/Baiana/Material.mat using Guid(1188249411c704cb68232eac82b05b77) Importer(815301076,1909f56bfc062723c751e8b465ee728b) (PreviewImporter) -> (artifact id: '3eb7ae5e096be92850c6d35ec488828b') in 0.0766305 seconds
Number of updated asset objects reloaded before import = 0Number of asset objects unloaded after import = 4

========================================================================
Received Import Request.
  Time since last request: 0.000055 seconds.
  path: Assets/Projeto/Assets/Guilherme/personagens/Baiana/pret_Specular_roughness.png
  artifactKey: Guid(0c58022b9030c48eea160d6ccb15f5e7) Importer(815301076,1909f56bfc062723c751e8b465ee728b)
Start importing Assets/Projeto/Assets/Guilherme/personagens/Baiana/pret_Specular_roughness.png using Guid(0c58022b9030c48eea160d6ccb15f5e7) Importer(815301076,1909f56bfc062723c751e8b465ee728b) (PreviewImporter) -> (artifact id: '578d6ecd0bf2ac66967f4600c5bc962f') in 0.0192793 seconds
Number of updated asset objects reloaded before import = 0Number of asset objects unloaded after import = 2

========================================================================
Received Import Request.
  Time since last request: 0.000042 seconds.
  path: Assets/Projeto/Assets/Guilherme/personagens/Baiana/pret_Base_color.png
  artifactKey: Guid(a3ee56a4b85f04970b2fa3eda6cf06fd) Importer(815301076,1909f56bfc062723c751e8b465ee728b)
Start importing Assets/Projeto/Assets/Guilherme/personagens/Baiana/pret_Base_color.png using Guid(a3ee56a4b85f04970b2fa3eda6cf06fd) Importer(815301076,1909f56bfc062723c751e8b465ee728b) (PreviewImporter) -> (artifact id: '02dc8290d30d934fe6e694922a2d896d') in 0.0200996 seconds
Number of updated asset objects reloaded before import = 0Number of asset objects unloaded after import = 2

========================================================================
Received Import Request.
  Time since last request: 0.000032 seconds.
  path: Assets/Projeto/Assets/Guilherme/personagens/Baiana/pret_Normal_OpenGL.png
  artifactKey: Guid(e8ad3bab1c9434f94bc72dd86654aafa) Importer(815301076,1909f56bfc062723c751e8b465ee728b)
Start importing Assets/Projeto/Assets/Guilherme/personagens/Baiana/pret_Normal_OpenGL.png using Guid(e8ad3bab1c9434f94bc72dd86654aafa) Importer(815301076,1909f56bfc062723c751e8b465ee728b) (PreviewImporter) -> (artifact id: 'c45d522676c0861a1e96f778067db67b') in 0.0238494 seconds
Number of updated asset objects reloaded before import = 0Number of asset objects unloaded after import = 2

========================================================================
Received Import Request.
  Time since last request: 155.858182 seconds.
  path: Assets/Projeto/UI/HUD.uxml
  artifactKey: Guid(b3dabb5addd11134789b84df3d55ec3a) Importer(815301076,1909f56bfc062723c751e8b465ee728b)
Start importing Assets/Projeto/UI/HUD.uxml using Guid(b3dabb5addd11134789b84df3d55ec3a) Importer(815301076,1909f56bfc062723c751e8b465ee728b) (PreviewImporter) -> (artifact id: '95847345065e06691678dcab05563f8f') in 0.0101221 seconds
Number of updated asset objects reloaded before import = 0Number of asset objects unloaded after import = 2

========================================================================
Received Prepare
'Packages/com.unity.cinemachine/Editor/Obsolete/CinemachineVirtualCameraBaseEditor.cs' contains partial class of Unity.Object, exactly 1 of the partial classes needs to be in a file with the same filename. This is to know the one that can be referenced from ie. GameObjects
'Packages/com.unity.cinemachine/Editor/Editors/CinemachineVirtualCameraBaseEditor.cs' contains partial class of Unity.Object, exactly 1 of the partial classes needs to be in a file with the same filename. This is to know the one that can be referenced from ie. GameObjects
Refreshing native plugins compatible for Editor in 2.53 ms, found 3 plugins.
Preloading 0 native plugins for Editor in 0.00 ms.
Unloading 7 Unused Serialized files (Serialized files now loaded: 0)
Unloading 10707 unused Assets / (5.2 MB). Loaded Objects now: 12387.
Memory consumption went from 335.4 MB to 330.2 MB.
Total: 26.789700 ms (FindLiveObjects: 1.827800 ms CreateObjectMapping: 1.437200 ms MarkObjects: 19.203700 ms  DeleteObjects: 4.319600 ms)

Prepare: number of updated asset objects reloaded= 0
========================================================================
Received Prepare
Begin MonoManager ReloadAssembly
[Licensing::Client] Successfully resolved entitlement details
ADTM: Control thread waiting for realtime thread timed out, have to lock...
Leak Detected : Persistent allocates 8 individual allocations. To find out more please enable 'Preferences > Jobs > Leak Detection Level > Enabled With Stack Trace' and reproduce the leak again.
Symbol file LoadedFromMemory is not a mono symbol file
- Loaded All Assemblies, in  3.158 seconds
'Packages/com.unity.cinemachine/Editor/Obsolete/CinemachineVirtualCameraBaseEditor.cs' contains partial class of Unity.Object, exactly 1 of the partial classes needs to be in a file with the same filename. This is to know the one that can be referenced from ie. GameObjects
'Packages/com.unity.cinemachine/Editor/Editors/CinemachineVirtualCameraBaseEditor.cs' contains partial class of Unity.Object, exactly 1 of the partial classes needs to be in a file with the same filename. This is to know the one that can be referenced from ie. GameObjects
Refreshing native plugins compatible for Editor in 2.60 ms, found 3 plugins.
Native extension for Android target not found
Native extension for WindowsStandalone target not found
Native extension for WebGL target not found
[Package Manager] Failed to launch server process. Reason: Unity was launched with the -noUpm command-line argument
[Package Manager] Unable to send message (not connected to server process).
[Package Manager] Cannot connect to Unity Package Manager local server
[Package Manager] Failed to launch server process. Reason: Unity was launched with the -noUpm command-line argument
[Package Manager] Unable to send message (not connected to server process).
[Package Manager] Cannot connect to Unity Package Manager local server
ScheduleIndexationOnStartup MainProcess:False IndexOnStartup:True
Mono: successfully reloaded assembly
[Package Manager] Failed to launch server process. Reason: Unity was launched with the -noUpm command-line argument
[Package Manager] Unable to send message (not connected to server process).
[Package Manager] Cannot connect to Unity Package Manager local server
- Finished resetting the current domain, in  1.692 seconds
Domain Reload Profiling: 4853ms
	BeginReloadAssembly (1750ms)
		ExecutionOrderSort (0ms)
		DisableScriptedObjects (69ms)
		BackupInstance (0ms)
		ReleaseScriptingObjects (0ms)
		CreateAndSetChildDomain (1164ms)
	RebuildCommonClasses (60ms)
	RebuildNativeTypeToScriptingClass (26ms)
	initialDomainReloadingComplete (86ms)
	LoadAllAssembliesAndSetupDomain (1238ms)
		LoadAssemblies (1001ms)
		RebuildTransferFunctionScriptingTraits (0ms)
		AnalyzeDomain (624ms)
			TypeCache.Refresh (26ms)
				TypeCache.ScanAssembly (2ms)
			BuildScriptInfoCaches (563ms)
			ResolveRequiredComponents (27ms)
	FinalizeReload (1693ms)
		ReleaseScriptCaches (0ms)
		RebuildScriptCaches (0ms)
		SetupLoadedEditorAssemblies (1280ms)
			LogAssemblyErrors (0ms)
			InitializePlatformSupportModulesInManaged (16ms)
			SetLoadedEditorAssemblies (10ms)
			BeforeProcessingInitializeOnLoad (323ms)
			ProcessInitializeOnLoadAttributes (627ms)
			ProcessInitializeOnLoadMethodAttributes (294ms)
			AfterProcessingInitializeOnLoad (10ms)
			EditorAssembliesLoaded (1ms)
		ExecutionOrderSort2 (0ms)
		AwakeInstancesAfterBackupRestoration (29ms)
Refreshing native plugins compatible for Editor in 2.49 ms, found 3 plugins.
Preloading 0 native plugins for Editor in 0.00 ms.
Unloading 7 Unused Serialized files (Serialized files now loaded: 0)
Unloading 10724 unused Assets / (4.2 MB). Loaded Objects now: 12030.
Memory consumption went from 278.4 MB to 274.2 MB.
Total: 16.955500 ms (FindLiveObjects: 1.764200 ms CreateObjectMapping: 1.448800 ms MarkObjects: 9.706100 ms  DeleteObjects: 4.035400 ms)

Prepare: number of updated asset objects reloaded= 0
========================================================================
Received Import Request.
  Time since last request: 68.601723 seconds.
  path: Assets/Projeto/UI/HUD.uxml
  artifactKey: Guid(b3dabb5addd11134789b84df3d55ec3a) Importer(815301076,1909f56bfc062723c751e8b465ee728b)
Start importing Assets/Projeto/UI/HUD.uxml using Guid(b3dabb5addd11134789b84df3d55ec3a) Importer(815301076,1909f56bfc062723c751e8b465ee728b) (PreviewImporter) -> (artifact id: '9611c2d43379097d5556603f7351fd82') in 0.216772 seconds
Number of updated asset objects reloaded before import = 0Number of asset objects unloaded after import = 2

========================================================================
Received Prepare
Begin MonoManager ReloadAssembly
ADTM: Control thread waiting for realtime thread timed out, have to lock...
[Licensing::Client] Successfully resolved entitlement details
Symbol file LoadedFromMemory is not a mono symbol file
- Loaded All Assemblies, in  2.665 seconds
'Packages/com.unity.cinemachine/Editor/Obsolete/CinemachineVirtualCameraBaseEditor.cs' contains partial class of Unity.Object, exactly 1 of the partial classes needs to be in a file with the same filename. This is to know the one that can be referenced from ie. GameObjects
'Packages/com.unity.cinemachine/Editor/Editors/CinemachineVirtualCameraBaseEditor.cs' contains partial class of Unity.Object, exactly 1 of the partial classes needs to be in a file with the same filename. This is to know the one that can be referenced from ie. GameObjects
Refreshing native plugins compatible for Editor in 2.63 ms, found 3 plugins.
Native extension for Android target not found
Native extension for WindowsStandalone target not found
Native extension for WebGL target not found
[Package Manager] Failed to launch server process. Reason: Unity was launched with the -noUpm command-line argument
[Package Manager] Unable to send message (not connected to server process).
[Package Manager] Cannot connect to Unity Package Manager local server
[Package Manager] Failed to launch server process. Reason: Unity was launched with the -noUpm command-line argument
[Package Manager] Unable to send message (not connected to server process).
[Package Manager] Cannot connect to Unity Package Manager local server
ScheduleIndexationOnStartup MainProcess:False IndexOnStartup:True
Mono: successfully reloaded assembly
[Package Manager] Failed to launch server process. Reason: Unity was launched with the -noUpm command-line argument
[Package Manager] Unable to send message (not connected to server process).
[Package Manager] Cannot connect to Unity Package Manager local server
- Finished resetting the current domain, in  1.861 seconds
Domain Reload Profiling: 4529ms
	BeginReloadAssembly (1451ms)
		ExecutionOrderSort (0ms)
		DisableScriptedObjects (13ms)
		BackupInstance (0ms)
		ReleaseScriptingObjects (0ms)
		CreateAndSetChildDomain (1129ms)
	RebuildCommonClasses (63ms)
	RebuildNativeTypeToScriptingClass (26ms)
	initialDomainReloadingComplete (89ms)
	LoadAllAssembliesAndSetupDomain (1038ms)
		LoadAssemblies (682ms)
		RebuildTransferFunctionScriptingTraits (0ms)
		AnalyzeDomain (544ms)
			TypeCache.Refresh (15ms)
				TypeCache.ScanAssembly (0ms)
			BuildScriptInfoCaches (498ms)
			ResolveRequiredComponents (24ms)
	FinalizeReload (1862ms)
		ReleaseScriptCaches (0ms)
		RebuildScriptCaches (0ms)
		SetupLoadedEditorAssemblies (1460ms)
			LogAssemblyErrors (0ms)
			InitializePlatformSupportModulesInManaged (16ms)
			SetLoadedEditorAssemblies (7ms)
			BeforeProcessingInitializeOnLoad (342ms)
			ProcessInitializeOnLoadAttributes (762ms)
			ProcessInitializeOnLoadMethodAttributes (320ms)
			AfterProcessingInitializeOnLoad (13ms)
			EditorAssembliesLoaded (1ms)
		ExecutionOrderSort2 (0ms)
		AwakeInstancesAfterBackupRestoration (34ms)
Refreshing native plugins compatible for Editor in 4.14 ms, found 3 plugins.
Preloading 0 native plugins for Editor in 0.00 ms.
Unloading 7 Unused Serialized files (Serialized files now loaded: 0)
Unloading 10724 unused Assets / (5.5 MB). Loaded Objects now: 12034.
Memory consumption went from 278.2 MB to 272.7 MB.
Total: 21.587400 ms (FindLiveObjects: 1.648700 ms CreateObjectMapping: 1.516100 ms MarkObjects: 13.550300 ms  DeleteObjects: 4.871100 ms)

Prepare: number of updated asset objects reloaded= 0
========================================================================
Received Prepare
'Packages/com.unity.cinemachine/Editor/Obsolete/CinemachineVirtualCameraBaseEditor.cs' contains partial class of Unity.Object, exactly 1 of the partial classes needs to be in a file with the same filename. This is to know the one that can be referenced from ie. GameObjects
'Packages/com.unity.cinemachine/Editor/Editors/CinemachineVirtualCameraBaseEditor.cs' contains partial class of Unity.Object, exactly 1 of the partial classes needs to be in a file with the same filename. This is to know the one that can be referenced from ie. GameObjects
Refreshing native plugins compatible for Editor in 2.76 ms, found 3 plugins.
Preloading 0 native plugins for Editor in 0.00 ms.
Unloading 7 Unused Serialized files (Serialized files now loaded: 0)
Unloading 10707 unused Assets / (6.8 MB). Loaded Objects now: 12034.
Memory consumption went from 272.9 MB to 266.1 MB.
Total: 35.981900 ms (FindLiveObjects: 1.662900 ms CreateObjectMapping: 1.523700 ms MarkObjects: 23.442900 ms  DeleteObjects: 9.350000 ms)

Prepare: number of updated asset objects reloaded= 0
========================================================================
Received Prepare
Begin MonoManager ReloadAssembly
[Licensing::Client] Successfully resolved entitlement details
ADTM: Control thread waiting for realtime thread timed out, have to lock...
Symbol file LoadedFromMemory is not a mono symbol file
- Loaded All Assemblies, in  2.751 seconds
'Packages/com.unity.cinemachine/Editor/Obsolete/CinemachineVirtualCameraBaseEditor.cs' contains partial class of Unity.Object, exactly 1 of the partial classes needs to be in a file with the same filename. This is to know the one that can be referenced from ie. GameObjects
'Packages/com.unity.cinemachine/Editor/Editors/CinemachineVirtualCameraBaseEditor.cs' contains partial class of Unity.Object, exactly 1 of the partial classes needs to be in a file with the same filename. This is to know the one that can be referenced from ie. GameObjects
Refreshing native plugins compatible for Editor in 3.09 ms, found 3 plugins.
Native extension for Android target not found
Native extension for WindowsStandalone target not found
Native extension for WebGL target not found
[Package Manager] Failed to launch server process. Reason: Unity was launched with the -noUpm command-line argument
[Package Manager] Unable to send message (not connected to server process).
[Package Manager] Cannot connect to Unity Package Manager local server
[Package Manager] Failed to launch server process. Reason: Unity was launched with the -noUpm command-line argument
[Package Manager] Unable to send message (not connected to server process).
[Package Manager] Cannot connect to Unity Package Manager local server
ScheduleIndexationOnStartup MainProcess:False IndexOnStartup:True
Mono: successfully reloaded assembly
[Package Manager] Failed to launch server process. Reason: Unity was launched with the -noUpm command-line argument
[Package Manager] Unable to send message (not connected to server process).
[Package Manager] Cannot connect to Unity Package Manager local server
- Finished resetting the current domain, in  1.641 seconds
Domain Reload Profiling: 4394ms
	BeginReloadAssembly (1464ms)
		ExecutionOrderSort (0ms)
		DisableScriptedObjects (14ms)
		BackupInstance (0ms)
		ReleaseScriptingObjects (0ms)
		CreateAndSetChildDomain (1116ms)
	RebuildCommonClasses (72ms)
	RebuildNativeTypeToScriptingClass (29ms)
	initialDomainReloadingComplete (86ms)
	LoadAllAssembliesAndSetupDomain (1102ms)
		LoadAssemblies (703ms)
		RebuildTransferFunctionScriptingTraits (0ms)
		AnalyzeDomain (583ms)
			TypeCache.Refresh (26ms)
				TypeCache.ScanAssembly (2ms)
			BuildScriptInfoCaches (525ms)
			ResolveRequiredComponents (24ms)
	FinalizeReload (1641ms)
		ReleaseScriptCaches (0ms)
		RebuildScriptCaches (0ms)
		SetupLoadedEditorAssemblies (1221ms)
			LogAssemblyErrors (0ms)
			InitializePlatformSupportModulesInManaged (16ms)
			SetLoadedEditorAssemblies (7ms)
			BeforeProcessingInitializeOnLoad (303ms)
			ProcessInitializeOnLoadAttributes (604ms)
			ProcessInitializeOnLoadMethodAttributes (279ms)
			AfterProcessingInitializeOnLoad (10ms)
			EditorAssembliesLoaded (1ms)
		ExecutionOrderSort2 (0ms)
		AwakeInstancesAfterBackupRestoration (30ms)
Refreshing native plugins compatible for Editor in 2.50 ms, found 3 plugins.
Preloading 0 native plugins for Editor in 0.00 ms.
Unloading 7 Unused Serialized files (Serialized files now loaded: 0)
Unloading 10724 unused Assets / (4.7 MB). Loaded Objects now: 12038.
Memory consumption went from 280.2 MB to 275.5 MB.
Total: 16.491100 ms (FindLiveObjects: 2.049300 ms CreateObjectMapping: 1.431100 ms MarkObjects: 9.159400 ms  DeleteObjects: 3.849700 ms)

Prepare: number of updated asset objects reloaded= 0
========================================================================
Received Import Request.
  Time since last request: 154.309917 seconds.
  path: Assets/Projeto/Scena/Primeiro Mapa/Cadeia_Dentro
  artifactKey: Guid(b8106d0db3910524a9b5fc1fe19a22a8) Importer(815301076,1909f56bfc062723c751e8b465ee728b)
Start importing Assets/Projeto/Scena/Primeiro Mapa/Cadeia_Dentro using Guid(b8106d0db3910524a9b5fc1fe19a22a8) Importer(815301076,1909f56bfc062723c751e8b465ee728b) (PreviewImporter) -> (artifact id: '78190fcb3ef37ac65b8ac1558dc8faf8') in 0.0029752 seconds
Number of updated asset objects reloaded before import = 0Number of asset objects unloaded after import = 0

========================================================================
Received Import Request.
  Time since last request: 0.008785 seconds.
  path: Assets/Projeto/Scena/Primeiro Mapa/Cadeia_Dentro/Cadeia_Dentro Baking Set.asset
  artifactKey: Guid(224809621a2a6a84391a7229812e1578) Importer(815301076,1909f56bfc062723c751e8b465ee728b)
Start importing Assets/Projeto/Scena/Primeiro Mapa/Cadeia_Dentro/Cadeia_Dentro Baking Set.asset using Guid(224809621a2a6a84391a7229812e1578) Importer(815301076,1909f56bfc062723c751e8b465ee728b) (PreviewImporter) -> (artifact id: 'd531c62d97e2e72c74b3dab891febc59') in 0.0439388 seconds
Number of updated asset objects reloaded before import = 0Number of asset objects unloaded after import = 1

========================================================================
Received Import Request.
  Time since last request: 0.000021 seconds.
  path: Assets/Projeto/Scena/Primeiro Mapa/Cadeia_Dentro/LightingData.asset
  artifactKey: Guid(c4986a14626bd3f47865697aad5b74d6) Importer(815301076,1909f56bfc062723c751e8b465ee728b)
Start importing Assets/Projeto/Scena/Primeiro Mapa/Cadeia_Dentro/LightingData.asset using Guid(c4986a14626bd3f47865697aad5b74d6) Importer(815301076,1909f56bfc062723c751e8b465ee728b) (PreviewImporter) -> (artifact id: 'c6e90f4e85f55a318d068b9be0d22838') in 0.0138106 seconds
Number of updated asset objects reloaded before import = 0Number of asset objects unloaded after import = 2

========================================================================
Received Import Request.
  Time since last request: 1.081602 seconds.
  path: Assets/Projeto/Scena/Primeiro Mapa/Cadeia_Dentro.unity
  artifactKey: Guid(1e67d1530de17de44ab815eef34be47f) Importer(815301076,1909f56bfc062723c751e8b465ee728b)
Start importing Assets/Projeto/Scena/Primeiro Mapa/Cadeia_Dentro.unity using Guid(1e67d1530de17de44ab815eef34be47f) Importer(815301076,1909f56bfc062723c751e8b465ee728b) (PreviewImporter) -> (artifact id: '15b22714ca64becd57846b6035aa07cc') in 0.0007767 seconds
Number of updated asset objects reloaded before import = 0Number of asset objects unloaded after import = 0

========================================================================
Received Prepare
Begin MonoManager ReloadAssembly
[Licensing::Client] Successfully resolved entitlement details
ADTM: Control thread waiting for realtime thread timed out, have to lock...
Symbol file LoadedFromMemory is not a mono symbol file
- Loaded All Assemblies, in  2.691 seconds
'Packages/com.unity.cinemachine/Editor/Obsolete/CinemachineVirtualCameraBaseEditor.cs' contains partial class of Unity.Object, exactly 1 of the partial classes needs to be in a file with the same filename. This is to know the one that can be referenced from ie. GameObjects
'Packages/com.unity.cinemachine/Editor/Editors/CinemachineVirtualCameraBaseEditor.cs' contains partial class of Unity.Object, exactly 1 of the partial classes needs to be in a file with the same filename. This is to know the one that can be referenced from ie. GameObjects
Refreshing native plugins compatible for Editor in 2.60 ms, found 3 plugins.
Native extension for Android target not found
Native extension for WindowsStandalone target not found
Native extension for WebGL target not found
[Package Manager] Failed to launch server process. Reason: Unity was launched with the -noUpm command-line argument
[Package Manager] Unable to send message (not connected to server process).
[Package Manager] Cannot connect to Unity Package Manager local server
[Package Manager] Failed to launch server process. Reason: Unity was launched with the -noUpm command-line argument
[Package Manager] Unable to send message (not connected to server process).
[Package Manager] Cannot connect to Unity Package Manager local server
ScheduleIndexationOnStartup MainProcess:False IndexOnStartup:True
Mono: successfully reloaded assembly
[Package Manager] Failed to launch server process. Reason: Unity was launched with the -noUpm command-line argument
[Package Manager] Unable to send message (not connected to server process).
[Package Manager] Cannot connect to Unity Package Manager local server
- Finished resetting the current domain, in  1.640 seconds
Domain Reload Profiling: 4332ms
	BeginReloadAssembly (1455ms)
		ExecutionOrderSort (0ms)
		DisableScriptedObjects (12ms)
		BackupInstance (0ms)
		ReleaseScriptingObjects (0ms)
		CreateAndSetChildDomain (1136ms)
	RebuildCommonClasses (71ms)
	RebuildNativeTypeToScriptingClass (36ms)
	initialDomainReloadingComplete (98ms)
	LoadAllAssembliesAndSetupDomain (1031ms)
		LoadAssemblies (651ms)
		RebuildTransferFunctionScriptingTraits (0ms)
		AnalyzeDomain (544ms)
			TypeCache.Refresh (15ms)
				TypeCache.ScanAssembly (0ms)
			BuildScriptInfoCaches (497ms)
			ResolveRequiredComponents (24ms)
	FinalizeReload (1641ms)
		ReleaseScriptCaches (0ms)
		RebuildScriptCaches (0ms)
		SetupLoadedEditorAssemblies (1221ms)
			LogAssemblyErrors (0ms)
			InitializePlatformSupportModulesInManaged (19ms)
			SetLoadedEditorAssemblies (11ms)
			BeforeProcessingInitializeOnLoad (297ms)
			ProcessInitializeOnLoadAttributes (586ms)
			ProcessInitializeOnLoadMethodAttributes (297ms)
			AfterProcessingInitializeOnLoad (10ms)
			EditorAssembliesLoaded (1ms)
		ExecutionOrderSort2 (0ms)
		AwakeInstancesAfterBackupRestoration (29ms)
Refreshing native plugins compatible for Editor in 2.49 ms, found 3 plugins.
Preloading 0 native plugins for Editor in 0.00 ms.
Unloading 7 Unused Serialized files (Serialized files now loaded: 0)
Unloading 10724 unused Assets / (4.2 MB). Loaded Objects now: 12042.
Memory consumption went from 280.3 MB to 276.2 MB.
Total: 16.246600 ms (FindLiveObjects: 1.743700 ms CreateObjectMapping: 1.471700 ms MarkObjects: 9.225900 ms  DeleteObjects: 3.804100 ms)

Prepare: number of updated asset objects reloaded= 0
========================================================================
Received Prepare
Begin MonoManager ReloadAssembly
[Licensing::Client] Successfully resolved entitlement details
ADTM: Control thread waiting for realtime thread timed out, have to lock...
Symbol file LoadedFromMemory is not a mono symbol file
- Loaded All Assemblies, in  2.780 seconds
'Packages/com.unity.cinemachine/Editor/Obsolete/CinemachineVirtualCameraBaseEditor.cs' contains partial class of Unity.Object, exactly 1 of the partial classes needs to be in a file with the same filename. This is to know the one that can be referenced from ie. GameObjects
'Packages/com.unity.cinemachine/Editor/Editors/CinemachineVirtualCameraBaseEditor.cs' contains partial class of Unity.Object, exactly 1 of the partial classes needs to be in a file with the same filename. This is to know the one that can be referenced from ie. GameObjects
Refreshing native plugins compatible for Editor in 2.49 ms, found 3 plugins.
Native extension for Android target not found
Native extension for WindowsStandalone target not found
Native extension for WebGL target not found
[Package Manager] Failed to launch server process. Reason: Unity was launched with the -noUpm command-line argument
[Package Manager] Unable to send message (not connected to server process).
[Package Manager] Cannot connect to Unity Package Manager local server
[Package Manager] Failed to launch server process. Reason: Unity was launched with the -noUpm command-line argument
[Package Manager] Unable to send message (not connected to server process).
[Package Manager] Cannot connect to Unity Package Manager local server
ScheduleIndexationOnStartup MainProcess:False IndexOnStartup:True
Mono: successfully reloaded assembly
[Package Manager] Failed to launch server process. Reason: Unity was launched with the -noUpm command-line argument
[Package Manager] Unable to send message (not connected to server process).
[Package Manager] Cannot connect to Unity Package Manager local server
- Finished resetting the current domain, in  1.652 seconds
Domain Reload Profiling: 4433ms
	BeginReloadAssembly (1430ms)
		ExecutionOrderSort (0ms)
		DisableScriptedObjects (13ms)
		BackupInstance (0ms)
		ReleaseScriptingObjects (0ms)
		CreateAndSetChildDomain (1124ms)
	RebuildCommonClasses (74ms)
	RebuildNativeTypeToScriptingClass (26ms)
	initialDomainReloadingComplete (85ms)
	LoadAllAssembliesAndSetupDomain (1166ms)
		LoadAssemblies (737ms)
		RebuildTransferFunctionScriptingTraits (0ms)
		AnalyzeDomain (588ms)
			TypeCache.Refresh (16ms)
				TypeCache.ScanAssembly (0ms)
			BuildScriptInfoCaches (540ms)
			ResolveRequiredComponents (24ms)
	FinalizeReload (1653ms)
		ReleaseScriptCaches (0ms)
		RebuildScriptCaches (0ms)
		SetupLoadedEditorAssemblies (1256ms)
			LogAssemblyErrors (0ms)
			InitializePlatformSupportModulesInManaged (16ms)
			SetLoadedEditorAssemblies (14ms)
			BeforeProcessingInitializeOnLoad (318ms)
			ProcessInitializeOnLoadAttributes (607ms)
			ProcessInitializeOnLoadMethodAttributes (286ms)
			AfterProcessingInitializeOnLoad (13ms)
			EditorAssembliesLoaded (2ms)
		ExecutionOrderSort2 (0ms)
		AwakeInstancesAfterBackupRestoration (31ms)
Refreshing native plugins compatible for Editor in 4.79 ms, found 3 plugins.
Preloading 0 native plugins for Editor in 0.00 ms.
Unloading 7 Unused Serialized files (Serialized files now loaded: 0)
Unloading 10724 unused Assets / (6.9 MB). Loaded Objects now: 12046.
Memory consumption went from 280.4 MB to 273.5 MB.
Total: 30.122800 ms (FindLiveObjects: 2.239900 ms CreateObjectMapping: 1.972600 ms MarkObjects: 17.642300 ms  DeleteObjects: 8.266400 ms)

Prepare: number of updated asset objects reloaded= 0
========================================================================
Received Import Request.
  Time since last request: 292.140362 seconds.
  path: Assets/Projeto/UI/HUD.uxml
  artifactKey: Guid(b3dabb5addd11134789b84df3d55ec3a) Importer(815301076,1909f56bfc062723c751e8b465ee728b)
Start importing Assets/Projeto/UI/HUD.uxml using Guid(b3dabb5addd11134789b84df3d55ec3a) Importer(815301076,1909f56bfc062723c751e8b465ee728b) (PreviewImporter) -> (artifact id: '204d6eb7448fcd4d40221d51791150e1') in 0.1867628 seconds
Number of updated asset objects reloaded before import = 0Number of asset objects unloaded after import = 2

========================================================================
Received Prepare
Begin MonoManager ReloadAssembly
[Licensing::Client] Successfully resolved entitlement details
ADTM: Control thread waiting for realtime thread timed out, have to lock...
Symbol file LoadedFromMemory is not a mono symbol file
- Loaded All Assemblies, in  2.711 seconds
'Packages/com.unity.cinemachine/Editor/Obsolete/CinemachineVirtualCameraBaseEditor.cs' contains partial class of Unity.Object, exactly 1 of the partial classes needs to be in a file with the same filename. This is to know the one that can be referenced from ie. GameObjects
'Packages/com.unity.cinemachine/Editor/Editors/CinemachineVirtualCameraBaseEditor.cs' contains partial class of Unity.Object, exactly 1 of the partial classes needs to be in a file with the same filename. This is to know the one that can be referenced from ie. GameObjects
Refreshing native plugins compatible for Editor in 2.80 ms, found 3 plugins.
Native extension for Android target not found
Native extension for WindowsStandalone target not found
Native extension for WebGL target not found
[Package Manager] Failed to launch server process. Reason: Unity was launched with the -noUpm command-line argument
[Package Manager] Unable to send message (not connected to server process).
[Package Manager] Cannot connect to Unity Package Manager local server
[Package Manager] Failed to launch server process. Reason: Unity was launched with the -noUpm command-line argument
[Package Manager] Unable to send message (not connected to server process).
[Package Manager] Cannot connect to Unity Package Manager local server
ScheduleIndexationOnStartup MainProcess:False IndexOnStartup:True
Mono: successfully reloaded assembly
[Package Manager] Failed to launch server process. Reason: Unity was launched with the -noUpm command-line argument
[Package Manager] Unable to send message (not connected to server process).
[Package Manager] Cannot connect to Unity Package Manager local server
- Finished resetting the current domain, in  1.764 seconds
Domain Reload Profiling: 4481ms
	BeginReloadAssembly (1460ms)
		ExecutionOrderSort (0ms)
		DisableScriptedObjects (12ms)
		BackupInstance (0ms)
		ReleaseScriptingObjects (0ms)
		CreateAndSetChildDomain (1135ms)
	RebuildCommonClasses (93ms)
	RebuildNativeTypeToScriptingClass (31ms)
	initialDomainReloadingComplete (94ms)
	LoadAllAssembliesAndSetupDomain (1039ms)
		LoadAssemblies (641ms)
		RebuildTransferFunctionScriptingTraits (0ms)
		AnalyzeDomain (576ms)
			TypeCache.Refresh (15ms)
				TypeCache.ScanAssembly (0ms)
			BuildScriptInfoCaches (518ms)
			ResolveRequiredComponents (31ms)
	FinalizeReload (1765ms)
		ReleaseScriptCaches (0ms)
		RebuildScriptCaches (0ms)
		SetupLoadedEditorAssemblies (1331ms)
			LogAssemblyErrors (0ms)
			InitializePlatformSupportModulesInManaged (16ms)
			SetLoadedEditorAssemblies (7ms)
			BeforeProcessingInitializeOnLoad (302ms)
			ProcessInitializeOnLoadAttributes (654ms)
			ProcessInitializeOnLoadMethodAttributes (337ms)
			AfterProcessingInitializeOnLoad (13ms)
			EditorAssembliesLoaded (1ms)
		ExecutionOrderSort2 (0ms)
		AwakeInstancesAfterBackupRestoration (39ms)
Refreshing native plugins compatible for Editor in 2.87 ms, found 3 plugins.
Preloading 0 native plugins for Editor in 0.00 ms.
Unloading 7 Unused Serialized files (Serialized files now loaded: 0)
Unloading 10724 unused Assets / (5.5 MB). Loaded Objects now: 12050.
Memory consumption went from 280.5 MB to 275.0 MB.
Total: 24.223700 ms (FindLiveObjects: 2.676600 ms CreateObjectMapping: 2.661300 ms MarkObjects: 14.121700 ms  DeleteObjects: 4.762700 ms)

Prepare: number of updated asset objects reloaded= 0
========================================================================
Received Prepare
Begin MonoManager ReloadAssembly
[Licensing::Client] Successfully resolved entitlement details
ADTM: Control thread waiting for realtime thread timed out, have to lock...
Symbol file LoadedFromMemory is not a mono symbol file
- Loaded All Assemblies, in  2.756 seconds
'Packages/com.unity.cinemachine/Editor/Obsolete/CinemachineVirtualCameraBaseEditor.cs' contains partial class of Unity.Object, exactly 1 of the partial classes needs to be in a file with the same filename. This is to know the one that can be referenced from ie. GameObjects
'Packages/com.unity.cinemachine/Editor/Editors/CinemachineVirtualCameraBaseEditor.cs' contains partial class of Unity.Object, exactly 1 of the partial classes needs to be in a file with the same filename. This is to know the one that can be referenced from ie. GameObjects
Refreshing native plugins compatible for Editor in 2.52 ms, found 3 plugins.
Native extension for Android target not found
Native extension for WindowsStandalone target not found
Native extension for WebGL target not found
[Package Manager] Failed to launch server process. Reason: Unity was launched with the -noUpm command-line argument
[Package Manager] Unable to send message (not connected to server process).
[Package Manager] Cannot connect to Unity Package Manager local server
[Package Manager] Failed to launch server process. Reason: Unity was launched with the -noUpm command-line argument
[Package Manager] Unable to send message (not connected to server process).
[Package Manager] Cannot connect to Unity Package Manager local server
ScheduleIndexationOnStartup MainProcess:False IndexOnStartup:True
Mono: successfully reloaded assembly
[Package Manager] Failed to launch server process. Reason: Unity was launched with the -noUpm command-line argument
[Package Manager] Unable to send message (not connected to server process).
[Package Manager] Cannot connect to Unity Package Manager local server
- Finished resetting the current domain, in  1.668 seconds
Domain Reload Profiling: 4426ms
	BeginReloadAssembly (1477ms)
		ExecutionOrderSort (0ms)
		DisableScriptedObjects (14ms)
		BackupInstance (0ms)
		ReleaseScriptingObjects (0ms)
		CreateAndSetChildDomain (1131ms)
	RebuildCommonClasses (77ms)
	RebuildNativeTypeToScriptingClass (35ms)
	initialDomainReloadingComplete (97ms)
	LoadAllAssembliesAndSetupDomain (1072ms)
		LoadAssemblies (680ms)
		RebuildTransferFunctionScriptingTraits (0ms)
		AnalyzeDomain (575ms)
			TypeCache.Refresh (15ms)
				TypeCache.ScanAssembly (0ms)
			BuildScriptInfoCaches (528ms)
			ResolveRequiredComponents (24ms)
	FinalizeReload (1668ms)
		ReleaseScriptCaches (0ms)
		RebuildScriptCaches (0ms)
		SetupLoadedEditorAssemblies (1279ms)
			LogAssemblyErrors (0ms)
			InitializePlatformSupportModulesInManaged (16ms)
			SetLoadedEditorAssemblies (7ms)
			BeforeProcessingInitializeOnLoad (359ms)
			ProcessInitializeOnLoadAttributes (588ms)
			ProcessInitializeOnLoadMethodAttributes (297ms)
			AfterProcessingInitializeOnLoad (10ms)
			EditorAssembliesLoaded (1ms)
		ExecutionOrderSort2 (0ms)
		AwakeInstancesAfterBackupRestoration (31ms)
Refreshing native plugins compatible for Editor in 3.17 ms, found 3 plugins.
Preloading 0 native plugins for Editor in 0.00 ms.
Unloading 7 Unused Serialized files (Serialized files now loaded: 0)
Unloading 10724 unused Assets / (6.1 MB). Loaded Objects now: 12054.
Memory consumption went from 280.6 MB to 274.5 MB.
Total: 34.683600 ms (FindLiveObjects: 2.777000 ms CreateObjectMapping: 2.775400 ms MarkObjects: 21.965300 ms  DeleteObjects: 7.164100 ms)

Prepare: number of updated asset objects reloaded= 0
========================================================================
Received Prepare
Begin MonoManager ReloadAssembly
ADTM: Control thread waiting for realtime thread timed out, have to lock...
Symbol file LoadedFromMemory is not a mono symbol file
- Loaded All Assemblies, in  2.851 seconds
'Packages/com.unity.cinemachine/Editor/Obsolete/CinemachineVirtualCameraBaseEditor.cs' contains partial class of Unity.Object, exactly 1 of the partial classes needs to be in a file with the same filename. This is to know the one that can be referenced from ie. GameObjects
'Packages/com.unity.cinemachine/Editor/Editors/CinemachineVirtualCameraBaseEditor.cs' contains partial class of Unity.Object, exactly 1 of the partial classes needs to be in a file with the same filename. This is to know the one that can be referenced from ie. GameObjects
Refreshing native plugins compatible for Editor in 2.47 ms, found 3 plugins.
Native extension for Android target not found
Native extension for WindowsStandalone target not found
Native extension for WebGL target not found
[Package Manager] Failed to launch server process. Reason: Unity was launched with the -noUpm command-line argument
[Package Manager] Unable to send message (not connected to server process).
[Package Manager] Cannot connect to Unity Package Manager local server
[Package Manager] Failed to launch server process. Reason: Unity was launched with the -noUpm command-line argument
[Package Manager] Unable to send message (not connected to server process).
[Package Manager] Cannot connect to Unity Package Manager local server
ScheduleIndexationOnStartup MainProcess:False IndexOnStartup:True
Mono: successfully reloaded assembly
[Package Manager] Failed to launch server process. Reason: Unity was launched with the -noUpm command-line argument
[Package Manager] Unable to send message (not connected to server process).
[Package Manager] Cannot connect to Unity Package Manager local server
- Finished resetting the current domain, in  1.732 seconds
Domain Reload Profiling: 4585ms
	BeginReloadAssembly (1480ms)
		ExecutionOrderSort (0ms)
		DisableScriptedObjects (14ms)
		BackupInstance (0ms)
		ReleaseScriptingObjects (0ms)
		CreateAndSetChildDomain (1134ms)
	RebuildCommonClasses (88ms)
	RebuildNativeTypeToScriptingClass (30ms)
	initialDomainReloadingComplete (96ms)
	LoadAllAssembliesAndSetupDomain (1158ms)
		LoadAssemblies (762ms)
		RebuildTransferFunctionScriptingTraits (0ms)
		AnalyzeDomain (583ms)
			TypeCache.Refresh (16ms)
				TypeCache.ScanAssembly (0ms)
			BuildScriptInfoCaches (536ms)
			ResolveRequiredComponents (24ms)
	FinalizeReload (1733ms)
		ReleaseScriptCaches (0ms)
		RebuildScriptCaches (0ms)
		SetupLoadedEditorAssemblies (1339ms)
			LogAssemblyErrors (0ms)
			InitializePlatformSupportModulesInManaged (16ms)
			SetLoadedEditorAssemblies (7ms)
			BeforeProcessingInitializeOnLoad (316ms)
			ProcessInitializeOnLoadAttributes (633ms)
			ProcessInitializeOnLoadMethodAttributes (354ms)
			AfterProcessingInitializeOnLoad (11ms)
			EditorAssembliesLoaded (1ms)
		ExecutionOrderSort2 (0ms)
		AwakeInstancesAfterBackupRestoration (36ms)
Refreshing native plugins compatible for Editor in 2.80 ms, found 3 plugins.
Preloading 0 native plugins for Editor in 0.00 ms.
Unloading 7 Unused Serialized files (Serialized files now loaded: 0)
Unloading 10724 unused Assets / (4.9 MB). Loaded Objects now: 12058.
Memory consumption went from 280.7 MB to 275.8 MB.
Total: 19.857300 ms (FindLiveObjects: 1.727300 ms CreateObjectMapping: 1.485100 ms MarkObjects: 12.499400 ms  DeleteObjects: 4.144600 ms)

Prepare: number of updated asset objects reloaded= 0
========================================================================
Received Prepare
'Packages/com.unity.cinemachine/Editor/Obsolete/CinemachineVirtualCameraBaseEditor.cs' contains partial class of Unity.Object, exactly 1 of the partial classes needs to be in a file with the same filename. This is to know the one that can be referenced from ie. GameObjects
'Packages/com.unity.cinemachine/Editor/Editors/CinemachineVirtualCameraBaseEditor.cs' contains partial class of Unity.Object, exactly 1 of the partial classes needs to be in a file with the same filename. This is to know the one that can be referenced from ie. GameObjects
Refreshing native plugins compatible for Editor in 8.79 ms, found 3 plugins.
Preloading 0 native plugins for Editor in 0.00 ms.
Unloading 7 Unused Serialized files (Serialized files now loaded: 0)
Unloading 10707 unused Assets / (6.7 MB). Loaded Objects now: 12058.
Memory consumption went from 275.4 MB to 268.7 MB.
Total: 32.069200 ms (FindLiveObjects: 2.808000 ms CreateObjectMapping: 1.885000 ms MarkObjects: 20.882200 ms  DeleteObjects: 6.492000 ms)

Prepare: number of updated asset objects reloaded= 0
========================================================================
Received Prepare
Begin MonoManager ReloadAssembly
[Licensing::Client] Successfully resolved entitlement details
ADTM: Control thread waiting for realtime thread timed out, have to lock...
Symbol file LoadedFromMemory is not a mono symbol file
- Loaded All Assemblies, in  2.867 seconds
'Packages/com.unity.cinemachine/Editor/Obsolete/CinemachineVirtualCameraBaseEditor.cs' contains partial class of Unity.Object, exactly 1 of the partial classes needs to be in a file with the same filename. This is to know the one that can be referenced from ie. GameObjects
'Packages/com.unity.cinemachine/Editor/Editors/CinemachineVirtualCameraBaseEditor.cs' contains partial class of Unity.Object, exactly 1 of the partial classes needs to be in a file with the same filename. This is to know the one that can be referenced from ie. GameObjects
Refreshing native plugins compatible for Editor in 2.47 ms, found 3 plugins.
Native extension for Android target not found
Native extension for WindowsStandalone target not found
Native extension for WebGL target not found
[Package Manager] Failed to launch server process. Reason: Unity was launched with the -noUpm command-line argument
[Package Manager] Unable to send message (not connected to server process).
[Package Manager] Cannot connect to Unity Package Manager local server
[Package Manager] Failed to launch server process. Reason: Unity was launched with the -noUpm command-line argument
[Package Manager] Unable to send message (not connected to server process).
[Package Manager] Cannot connect to Unity Package Manager local server
ScheduleIndexationOnStartup MainProcess:False IndexOnStartup:True
Mono: successfully reloaded assembly
[Package Manager] Failed to launch server process. Reason: Unity was launched with the -noUpm command-line argument
[Package Manager] Unable to send message (not connected to server process).
[Package Manager] Cannot connect to Unity Package Manager local server
- Finished resetting the current domain, in  1.597 seconds
Domain Reload Profiling: 4467ms
	BeginReloadAssembly (1458ms)
		ExecutionOrderSort (0ms)
		DisableScriptedObjects (12ms)
		BackupInstance (0ms)
		ReleaseScriptingObjects (0ms)
		CreateAndSetChildDomain (1131ms)
	RebuildCommonClasses (61ms)
	RebuildNativeTypeToScriptingClass (26ms)
	initialDomainReloadingComplete (82ms)
	LoadAllAssembliesAndSetupDomain (1242ms)
		LoadAssemblies (745ms)
		RebuildTransferFunctionScriptingTraits (0ms)
		AnalyzeDomain (661ms)
			TypeCache.Refresh (28ms)
				TypeCache.ScanAssembly (3ms)
			BuildScriptInfoCaches (602ms)
			ResolveRequiredComponents (23ms)
	FinalizeReload (1597ms)
		ReleaseScriptCaches (0ms)
		RebuildScriptCaches (0ms)
		SetupLoadedEditorAssemblies (1213ms)
			LogAssemblyErrors (0ms)
			InitializePlatformSupportModulesInManaged (16ms)
			SetLoadedEditorAssemblies (7ms)
			BeforeProcessingInitializeOnLoad (290ms)
			ProcessInitializeOnLoadAttributes (604ms)
			ProcessInitializeOnLoadMethodAttributes (285ms)
			AfterProcessingInitializeOnLoad (10ms)
			EditorAssembliesLoaded (1ms)
		ExecutionOrderSort2 (0ms)
		AwakeInstancesAfterBackupRestoration (30ms)
Refreshing native plugins compatible for Editor in 2.63 ms, found 3 plugins.
Preloading 0 native plugins for Editor in 0.00 ms.
Unloading 7 Unused Serialized files (Serialized files now loaded: 0)
Unloading 10724 unused Assets / (4.3 MB). Loaded Objects now: 12062.
Memory consumption went from 280.8 MB to 276.5 MB.
Total: 19.838000 ms (FindLiveObjects: 1.753800 ms CreateObjectMapping: 1.444300 ms MarkObjects: 12.230500 ms  DeleteObjects: 4.408400 ms)

Prepare: number of updated asset objects reloaded= 0
========================================================================
Received Prepare
'Packages/com.unity.cinemachine/Editor/Obsolete/CinemachineVirtualCameraBaseEditor.cs' contains partial class of Unity.Object, exactly 1 of the partial classes needs to be in a file with the same filename. This is to know the one that can be referenced from ie. GameObjects
'Packages/com.unity.cinemachine/Editor/Editors/CinemachineVirtualCameraBaseEditor.cs' contains partial class of Unity.Object, exactly 1 of the partial classes needs to be in a file with the same filename. This is to know the one that can be referenced from ie. GameObjects
Refreshing native plugins compatible for Editor in 3.17 ms, found 3 plugins.
Preloading 0 native plugins for Editor in 0.00 ms.
Unloading 7 Unused Serialized files (Serialized files now loaded: 0)
Unloading 10707 unused Assets / (5.2 MB). Loaded Objects now: 12062.
Memory consumption went from 275.5 MB to 270.2 MB.
Total: 34.627400 ms (FindLiveObjects: 2.448500 ms CreateObjectMapping: 2.307100 ms MarkObjects: 20.261300 ms  DeleteObjects: 9.609100 ms)

Prepare: number of updated asset objects reloaded= 0
========================================================================
Received Prepare
Begin MonoManager ReloadAssembly
[Licensing::Client] Successfully resolved entitlement details
ADTM: Control thread waiting for realtime thread timed out, have to lock...
Symbol file LoadedFromMemory is not a mono symbol file
- Loaded All Assemblies, in  2.731 seconds
'Packages/com.unity.cinemachine/Editor/Obsolete/CinemachineVirtualCameraBaseEditor.cs' contains partial class of Unity.Object, exactly 1 of the partial classes needs to be in a file with the same filename. This is to know the one that can be referenced from ie. GameObjects
'Packages/com.unity.cinemachine/Editor/Editors/CinemachineVirtualCameraBaseEditor.cs' contains partial class of Unity.Object, exactly 1 of the partial classes needs to be in a file with the same filename. This is to know the one that can be referenced from ie. GameObjects
Refreshing native plugins compatible for Editor in 2.35 ms, found 3 plugins.
Native extension for Android target not found
Native extension for WindowsStandalone target not found
Native extension for WebGL target not found
[Package Manager] Failed to launch server process. Reason: Unity was launched with the -noUpm command-line argument
[Package Manager] Unable to send message (not connected to server process).
[Package Manager] Cannot connect to Unity Package Manager local server
[Package Manager] Failed to launch server process. Reason: Unity was launched with the -noUpm command-line argument
[Package Manager] Unable to send message (not connected to server process).
[Package Manager] Cannot connect to Unity Package Manager local server
ScheduleIndexationOnStartup MainProcess:False IndexOnStartup:True
Mono: successfully reloaded assembly
[Package Manager] Failed to launch server process. Reason: Unity was launched with the -noUpm command-line argument
[Package Manager] Unable to send message (not connected to server process).
[Package Manager] Cannot connect to Unity Package Manager local server
- Finished resetting the current domain, in  1.612 seconds
Domain Reload Profiling: 4345ms
	BeginReloadAssembly (1428ms)
		ExecutionOrderSort (0ms)
		DisableScriptedObjects (12ms)
		BackupInstance (0ms)
		ReleaseScriptingObjects (0ms)
		CreateAndSetChildDomain (1125ms)
	RebuildCommonClasses (62ms)
	RebuildNativeTypeToScriptingClass (25ms)
	initialDomainReloadingComplete (94ms)
	LoadAllAssembliesAndSetupDomain (1122ms)
		LoadAssemblies (730ms)
		RebuildTransferFunctionScriptingTraits (0ms)
		AnalyzeDomain (550ms)
			TypeCache.Refresh (24ms)
				TypeCache.ScanAssembly (2ms)
			BuildScriptInfoCaches (494ms)
			ResolveRequiredComponents (24ms)
	FinalizeReload (1613ms)
		ReleaseScriptCaches (0ms)
		RebuildScriptCaches (0ms)
		SetupLoadedEditorAssemblies (1221ms)
			LogAssemblyErrors (0ms)
			InitializePlatformSupportModulesInManaged (16ms)
			SetLoadedEditorAssemblies (8ms)
			BeforeProcessingInitializeOnLoad (297ms)
			ProcessInitializeOnLoadAttributes (604ms)
			ProcessInitializeOnLoadMethodAttributes (285ms)
			AfterProcessingInitializeOnLoad (10ms)
			EditorAssembliesLoaded (1ms)
		ExecutionOrderSort2 (0ms)
		AwakeInstancesAfterBackupRestoration (30ms)
Refreshing native plugins compatible for Editor in 2.55 ms, found 3 plugins.
Preloading 0 native plugins for Editor in 0.00 ms.
Unloading 7 Unused Serialized files (Serialized files now loaded: 0)
Unloading 10724 unused Assets / (4.2 MB). Loaded Objects now: 12066.
Memory consumption went from 280.9 MB to 276.7 MB.
Total: 16.980500 ms (FindLiveObjects: 1.716400 ms CreateObjectMapping: 1.485200 ms MarkObjects: 9.955200 ms  DeleteObjects: 3.822700 ms)

Prepare: number of updated asset objects reloaded= 0
========================================================================
Received Prepare
Begin MonoManager ReloadAssembly
[Licensing::Client] Successfully resolved entitlement details
ADTM: Control thread waiting for realtime thread timed out, have to lock...
Symbol file LoadedFromMemory is not a mono symbol file
- Loaded All Assemblies, in  2.707 seconds
'Packages/com.unity.cinemachine/Editor/Obsolete/CinemachineVirtualCameraBaseEditor.cs' contains partial class of Unity.Object, exactly 1 of the partial classes needs to be in a file with the same filename. This is to know the one that can be referenced from ie. GameObjects
'Packages/com.unity.cinemachine/Editor/Editors/CinemachineVirtualCameraBaseEditor.cs' contains partial class of Unity.Object, exactly 1 of the partial classes needs to be in a file with the same filename. This is to know the one that can be referenced from ie. GameObjects
Refreshing native plugins compatible for Editor in 2.55 ms, found 3 plugins.
Native extension for Android target not found
Native extension for WindowsStandalone target not found
Native extension for WebGL target not found
[Package Manager] Failed to launch server process. Reason: Unity was launched with the -noUpm command-line argument
[Package Manager] Unable to send message (not connected to server process).
[Package Manager] Cannot connect to Unity Package Manager local server
[Package Manager] Failed to launch server process. Reason: Unity was launched with the -noUpm command-line argument
[Package Manager] Unable to send message (not connected to server process).
[Package Manager] Cannot connect to Unity Package Manager local server
ScheduleIndexationOnStartup MainProcess:False IndexOnStartup:True
Mono: successfully reloaded assembly
[Package Manager] Failed to launch server process. Reason: Unity was launched with the -noUpm command-line argument
[Package Manager] Unable to send message (not connected to server process).
[Package Manager] Cannot connect to Unity Package Manager local server
- Finished resetting the current domain, in  1.657 seconds
Domain Reload Profiling: 4364ms
	BeginReloadAssembly (1461ms)
		ExecutionOrderSort (0ms)
		DisableScriptedObjects (12ms)
		BackupInstance (0ms)
		ReleaseScriptingObjects (0ms)
		CreateAndSetChildDomain (1139ms)
	RebuildCommonClasses (72ms)
	RebuildNativeTypeToScriptingClass (35ms)
	initialDomainReloadingComplete (110ms)
	LoadAllAssembliesAndSetupDomain (1029ms)
		LoadAssemblies (663ms)
		RebuildTransferFunctionScriptingTraits (0ms)
		AnalyzeDomain (545ms)
			TypeCache.Refresh (15ms)
				TypeCache.ScanAssembly (0ms)
			BuildScriptInfoCaches (497ms)
			ResolveRequiredComponents (24ms)
	FinalizeReload (1658ms)
		ReleaseScriptCaches (0ms)
		RebuildScriptCaches (0ms)
		SetupLoadedEditorAssemblies (1272ms)
			LogAssemblyErrors (0ms)
			InitializePlatformSupportModulesInManaged (16ms)
			SetLoadedEditorAssemblies (7ms)
			BeforeProcessingInitializeOnLoad (310ms)
			ProcessInitializeOnLoadAttributes (624ms)
			ProcessInitializeOnLoadMethodAttributes (304ms)
			AfterProcessingInitializeOnLoad (10ms)
			EditorAssembliesLoaded (1ms)
		ExecutionOrderSort2 (0ms)
		AwakeInstancesAfterBackupRestoration (29ms)
Refreshing native plugins compatible for Editor in 3.14 ms, found 3 plugins.
Preloading 0 native plugins for Editor in 0.00 ms.
Unloading 7 Unused Serialized files (Serialized files now loaded: 0)
Unloading 10724 unused Assets / (4.9 MB). Loaded Objects now: 12070.
Memory consumption went from 281.0 MB to 276.2 MB.
Total: 19.185900 ms (FindLiveObjects: 1.810800 ms CreateObjectMapping: 1.608800 ms MarkObjects: 11.534900 ms  DeleteObjects: 4.230400 ms)

Prepare: number of updated asset objects reloaded= 0
========================================================================
Received Prepare
Begin MonoManager ReloadAssembly
ADTM: Control thread waiting for realtime thread timed out, have to lock...
Symbol file LoadedFromMemory is not a mono symbol file
- Loaded All Assemblies, in  2.809 seconds
'Packages/com.unity.cinemachine/Editor/Obsolete/CinemachineVirtualCameraBaseEditor.cs' contains partial class of Unity.Object, exactly 1 of the partial classes needs to be in a file with the same filename. This is to know the one that can be referenced from ie. GameObjects
'Packages/com.unity.cinemachine/Editor/Editors/CinemachineVirtualCameraBaseEditor.cs' contains partial class of Unity.Object, exactly 1 of the partial classes needs to be in a file with the same filename. This is to know the one that can be referenced from ie. GameObjects
Refreshing native plugins compatible for Editor in 3.17 ms, found 3 plugins.
Native extension for Android target not found
Native extension for WindowsStandalone target not found
Native extension for WebGL target not found
[Package Manager] Failed to launch server process. Reason: Unity was launched with the -noUpm command-line argument
[Package Manager] Unable to send message (not connected to server process).
[Package Manager] Cannot connect to Unity Package Manager local server
[Package Manager] Failed to launch server process. Reason: Unity was launched with the -noUpm command-line argument
[Package Manager] Unable to send message (not connected to server process).
[Package Manager] Cannot connect to Unity Package Manager local server
ScheduleIndexationOnStartup MainProcess:False IndexOnStartup:True
Mono: successfully reloaded assembly
[Package Manager] Failed to launch server process. Reason: Unity was launched with the -noUpm command-line argument
[Package Manager] Unable to send message (not connected to server process).
[Package Manager] Cannot connect to Unity Package Manager local server
- Finished resetting the current domain, in  1.700 seconds
Domain Reload Profiling: 4512ms
	BeginReloadAssembly (1459ms)
		ExecutionOrderSort (0ms)
		DisableScriptedObjects (12ms)
		BackupInstance (0ms)
		ReleaseScriptingObjects (0ms)
		CreateAndSetChildDomain (1129ms)
	RebuildCommonClasses (61ms)
	RebuildNativeTypeToScriptingClass (26ms)
	initialDomainReloadingComplete (83ms)
	LoadAllAssembliesAndSetupDomain (1182ms)
		LoadAssemblies (716ms)
		RebuildTransferFunctionScriptingTraits (0ms)
		AnalyzeDomain (644ms)
			TypeCache.Refresh (17ms)
				TypeCache.ScanAssembly (0ms)
			BuildScriptInfoCaches (596ms)
			ResolveRequiredComponents (23ms)
	FinalizeReload (1701ms)
		ReleaseScriptCaches (0ms)
		RebuildScriptCaches (0ms)
		SetupLoadedEditorAssemblies (1282ms)
			LogAssemblyErrors (0ms)
			InitializePlatformSupportModulesInManaged (16ms)
			SetLoadedEditorAssemblies (8ms)
			BeforeProcessingInitializeOnLoad (304ms)
			ProcessInitializeOnLoadAttributes (610ms)
			ProcessInitializeOnLoadMethodAttributes (333ms)
			AfterProcessingInitializeOnLoad (10ms)
			EditorAssembliesLoaded (1ms)
		ExecutionOrderSort2 (0ms)
		AwakeInstancesAfterBackupRestoration (49ms)
Refreshing native plugins compatible for Editor in 2.85 ms, found 3 plugins.
Preloading 0 native plugins for Editor in 0.00 ms.
Unloading 7 Unused Serialized files (Serialized files now loaded: 0)
Unloading 10724 unused Assets / (4.9 MB). Loaded Objects now: 12074.
Memory consumption went from 281.1 MB to 276.2 MB.
Total: 20.874900 ms (FindLiveObjects: 1.714200 ms CreateObjectMapping: 1.758400 ms MarkObjects: 12.071400 ms  DeleteObjects: 5.329200 ms)

Prepare: number of updated asset objects reloaded= 0
========================================================================
Received Prepare
Begin MonoManager ReloadAssembly
[Licensing::Client] Successfully resolved entitlement details
ADTM: Control thread waiting for realtime thread timed out, have to lock...
Symbol file LoadedFromMemory is not a mono symbol file
- Loaded All Assemblies, in  2.816 seconds
'Packages/com.unity.cinemachine/Editor/Obsolete/CinemachineVirtualCameraBaseEditor.cs' contains partial class of Unity.Object, exactly 1 of the partial classes needs to be in a file with the same filename. This is to know the one that can be referenced from ie. GameObjects
'Packages/com.unity.cinemachine/Editor/Editors/CinemachineVirtualCameraBaseEditor.cs' contains partial class of Unity.Object, exactly 1 of the partial classes needs to be in a file with the same filename. This is to know the one that can be referenced from ie. GameObjects
Refreshing native plugins compatible for Editor in 2.62 ms, found 3 plugins.
Native extension for Android target not found
Native extension for WindowsStandalone target not found
Native extension for WebGL target not found
[Package Manager] Failed to launch server process. Reason: Unity was launched with the -noUpm command-line argument
[Package Manager] Unable to send message (not connected to server process).
[Package Manager] Cannot connect to Unity Package Manager local server
[Package Manager] Failed to launch server process. Reason: Unity was launched with the -noUpm command-line argument
[Package Manager] Unable to send message (not connected to server process).
[Package Manager] Cannot connect to Unity Package Manager local server
ScheduleIndexationOnStartup MainProcess:False IndexOnStartup:True
Mono: successfully reloaded assembly
[Package Manager] Failed to launch server process. Reason: Unity was launched with the -noUpm command-line argument
[Package Manager] Unable to send message (not connected to server process).
[Package Manager] Cannot connect to Unity Package Manager local server
- Finished resetting the current domain, in  1.723 seconds
Domain Reload Profiling: 4543ms
	BeginReloadAssembly (1463ms)
		ExecutionOrderSort (0ms)
		DisableScriptedObjects (12ms)
		BackupInstance (0ms)
		ReleaseScriptingObjects (1ms)
		CreateAndSetChildDomain (1126ms)
	RebuildCommonClasses (73ms)
	RebuildNativeTypeToScriptingClass (32ms)
	initialDomainReloadingComplete (89ms)
	LoadAllAssembliesAndSetupDomain (1162ms)
		LoadAssemblies (722ms)
		RebuildTransferFunctionScriptingTraits (0ms)
		AnalyzeDomain (617ms)
			TypeCache.Refresh (17ms)
				TypeCache.ScanAssembly (0ms)
			BuildScriptInfoCaches (569ms)
			ResolveRequiredComponents (24ms)
	FinalizeReload (1724ms)
		ReleaseScriptCaches (0ms)
		RebuildScriptCaches (0ms)
		SetupLoadedEditorAssemblies (1311ms)
			LogAssemblyErrors (0ms)
			InitializePlatformSupportModulesInManaged (16ms)
			SetLoadedEditorAssemblies (12ms)
			BeforeProcessingInitializeOnLoad (365ms)
			ProcessInitializeOnLoadAttributes (608ms)
			ProcessInitializeOnLoadMethodAttributes (297ms)
			AfterProcessingInitializeOnLoad (12ms)
			EditorAssembliesLoaded (2ms)
		ExecutionOrderSort2 (0ms)
		AwakeInstancesAfterBackupRestoration (42ms)
Refreshing native plugins compatible for Editor in 3.10 ms, found 3 plugins.
Preloading 0 native plugins for Editor in 0.00 ms.
Unloading 7 Unused Serialized files (Serialized files now loaded: 0)
Unloading 10724 unused Assets / (4.2 MB). Loaded Objects now: 12078.
Memory consumption went from 281.2 MB to 277.0 MB.
Total: 38.477900 ms (FindLiveObjects: 1.908300 ms CreateObjectMapping: 1.603300 ms MarkObjects: 30.282500 ms  DeleteObjects: 4.682700 ms)

Prepare: number of updated asset objects reloaded= 0
========================================================================
Received Prepare
'Packages/com.unity.cinemachine/Editor/Obsolete/CinemachineVirtualCameraBaseEditor.cs' contains partial class of Unity.Object, exactly 1 of the partial classes needs to be in a file with the same filename. This is to know the one that can be referenced from ie. GameObjects
'Packages/com.unity.cinemachine/Editor/Editors/CinemachineVirtualCameraBaseEditor.cs' contains partial class of Unity.Object, exactly 1 of the partial classes needs to be in a file with the same filename. This is to know the one that can be referenced from ie. GameObjects
Refreshing native plugins compatible for Editor in 5.02 ms, found 3 plugins.
Preloading 0 native plugins for Editor in 0.00 ms.
Unloading 7 Unused Serialized files (Serialized files now loaded: 0)
Unloading 10707 unused Assets / (5.3 MB). Loaded Objects now: 12078.
Memory consumption went from 275.9 MB to 270.6 MB.
Total: 26.411700 ms (FindLiveObjects: 1.703900 ms CreateObjectMapping: 1.503900 ms MarkObjects: 18.133500 ms  DeleteObjects: 5.068900 ms)

Prepare: number of updated asset objects reloaded= 0
========================================================================
Received Prepare
Begin MonoManager ReloadAssembly
[Licensing::Client] Successfully resolved entitlement details
ADTM: Control thread waiting for realtime thread timed out, have to lock...
Symbol file LoadedFromMemory is not a mono symbol file
- Loaded All Assemblies, in  2.661 seconds
'Packages/com.unity.cinemachine/Editor/Obsolete/CinemachineVirtualCameraBaseEditor.cs' contains partial class of Unity.Object, exactly 1 of the partial classes needs to be in a file with the same filename. This is to know the one that can be referenced from ie. GameObjects
'Packages/com.unity.cinemachine/Editor/Editors/CinemachineVirtualCameraBaseEditor.cs' contains partial class of Unity.Object, exactly 1 of the partial classes needs to be in a file with the same filename. This is to know the one that can be referenced from ie. GameObjects
Refreshing native plugins compatible for Editor in 2.88 ms, found 3 plugins.
Native extension for Android target not found
Native extension for WindowsStandalone target not found
Native extension for WebGL target not found
[Package Manager] Failed to launch server process. Reason: Unity was launched with the -noUpm command-line argument
[Package Manager] Unable to send message (not connected to server process).
[Package Manager] Cannot connect to Unity Package Manager local server
[Package Manager] Failed to launch server process. Reason: Unity was launched with the -noUpm command-line argument
[Package Manager] Unable to send message (not connected to server process).
[Package Manager] Cannot connect to Unity Package Manager local server
ScheduleIndexationOnStartup MainProcess:False IndexOnStartup:True
Mono: successfully reloaded assembly
[Package Manager] Failed to launch server process. Reason: Unity was launched with the -noUpm command-line argument
[Package Manager] Unable to send message (not connected to server process).
[Package Manager] Cannot connect to Unity Package Manager local server
- Finished resetting the current domain, in  1.666 seconds
Domain Reload Profiling: 4330ms
	BeginReloadAssembly (1445ms)
		ExecutionOrderSort (0ms)
		DisableScriptedObjects (18ms)
		BackupInstance (0ms)
		ReleaseScriptingObjects (0ms)
		CreateAndSetChildDomain (1117ms)
	RebuildCommonClasses (61ms)
	RebuildNativeTypeToScriptingClass (27ms)
	initialDomainReloadingComplete (83ms)
	LoadAllAssembliesAndSetupDomain (1048ms)
		LoadAssemblies (650ms)
		RebuildTransferFunctionScriptingTraits (0ms)
		AnalyzeDomain (557ms)
			TypeCache.Refresh (24ms)
				TypeCache.ScanAssembly (2ms)
			BuildScriptInfoCaches (502ms)
			ResolveRequiredComponents (24ms)
	FinalizeReload (1666ms)
		ReleaseScriptCaches (0ms)
		RebuildScriptCaches (0ms)
		SetupLoadedEditorAssemblies (1272ms)
			LogAssemblyErrors (0ms)
			InitializePlatformSupportModulesInManaged (16ms)
			SetLoadedEditorAssemblies (7ms)
			BeforeProcessingInitializeOnLoad (304ms)
			ProcessInitializeOnLoadAttributes (652ms)
			ProcessInitializeOnLoadMethodAttributes (282ms)
			AfterProcessingInitializeOnLoad (10ms)
			EditorAssembliesLoaded (1ms)
		ExecutionOrderSort2 (0ms)
		AwakeInstancesAfterBackupRestoration (29ms)
Refreshing native plugins compatible for Editor in 2.42 ms, found 3 plugins.
Preloading 0 native plugins for Editor in 0.00 ms.
Unloading 7 Unused Serialized files (Serialized files now loaded: 0)
Unloading 10724 unused Assets / (4.3 MB). Loaded Objects now: 12082.
Memory consumption went from 281.3 MB to 277.1 MB.
Total: 16.268400 ms (FindLiveObjects: 1.618100 ms CreateObjectMapping: 1.539400 ms MarkObjects: 9.002700 ms  DeleteObjects: 4.107300 ms)

Prepare: number of updated asset objects reloaded= 0
========================================================================
Received Prepare
'Packages/com.unity.cinemachine/Editor/Obsolete/CinemachineVirtualCameraBaseEditor.cs' contains partial class of Unity.Object, exactly 1 of the partial classes needs to be in a file with the same filename. This is to know the one that can be referenced from ie. GameObjects
'Packages/com.unity.cinemachine/Editor/Editors/CinemachineVirtualCameraBaseEditor.cs' contains partial class of Unity.Object, exactly 1 of the partial classes needs to be in a file with the same filename. This is to know the one that can be referenced from ie. GameObjects
Refreshing native plugins compatible for Editor in 2.84 ms, found 3 plugins.
Preloading 0 native plugins for Editor in 0.00 ms.
Unloading 7 Unused Serialized files (Serialized files now loaded: 0)
Unloading 10707 unused Assets / (5.1 MB). Loaded Objects now: 12082.
Memory consumption went from 276.0 MB to 270.9 MB.
Total: 20.624000 ms (FindLiveObjects: 1.721800 ms CreateObjectMapping: 1.472800 ms MarkObjects: 12.738000 ms  DeleteObjects: 4.690300 ms)

Prepare: number of updated asset objects reloaded= 0
========================================================================
Received Prepare
Begin MonoManager ReloadAssembly
[Licensing::Client] Successfully resolved entitlement details
ADTM: Control thread waiting for realtime thread timed out, have to lock...
Symbol file LoadedFromMemory is not a mono symbol file
- Loaded All Assemblies, in  2.666 seconds
'Packages/com.unity.cinemachine/Editor/Obsolete/CinemachineVirtualCameraBaseEditor.cs' contains partial class of Unity.Object, exactly 1 of the partial classes needs to be in a file with the same filename. This is to know the one that can be referenced from ie. GameObjects
'Packages/com.unity.cinemachine/Editor/Editors/CinemachineVirtualCameraBaseEditor.cs' contains partial class of Unity.Object, exactly 1 of the partial classes needs to be in a file with the same filename. This is to know the one that can be referenced from ie. GameObjects
Refreshing native plugins compatible for Editor in 2.46 ms, found 3 plugins.
Native extension for Android target not found
Native extension for WindowsStandalone target not found
Native extension for WebGL target not found
[Package Manager] Failed to launch server process. Reason: Unity was launched with the -noUpm command-line argument
[Package Manager] Unable to send message (not connected to server process).
[Package Manager] Cannot connect to Unity Package Manager local server
[Package Manager] Failed to launch server process. Reason: Unity was launched with the -noUpm command-line argument
[Package Manager] Unable to send message (not connected to server process).
[Package Manager] Cannot connect to Unity Package Manager local server
ScheduleIndexationOnStartup MainProcess:False IndexOnStartup:True
Mono: successfully reloaded assembly
[Package Manager] Failed to launch server process. Reason: Unity was launched with the -noUpm command-line argument
[Package Manager] Unable to send message (not connected to server process).
[Package Manager] Cannot connect to Unity Package Manager local server
- Finished resetting the current domain, in  1.778 seconds
Domain Reload Profiling: 4446ms
	BeginReloadAssembly (1447ms)
		ExecutionOrderSort (0ms)
		DisableScriptedObjects (15ms)
		BackupInstance (0ms)
		ReleaseScriptingObjects (0ms)
		CreateAndSetChildDomain (1130ms)
	RebuildCommonClasses (63ms)
	RebuildNativeTypeToScriptingClass (25ms)
	initialDomainReloadingComplete (85ms)
	LoadAllAssembliesAndSetupDomain (1047ms)
		LoadAssemblies (651ms)
		RebuildTransferFunctionScriptingTraits (0ms)
		AnalyzeDomain (553ms)
			TypeCache.Refresh (24ms)
				TypeCache.ScanAssembly (2ms)
			BuildScriptInfoCaches (497ms)
			ResolveRequiredComponents (24ms)
	FinalizeReload (1778ms)
		ReleaseScriptCaches (0ms)
		RebuildScriptCaches (0ms)
		SetupLoadedEditorAssemblies (1347ms)
			LogAssemblyErrors (0ms)
			InitializePlatformSupportModulesInManaged (19ms)
			SetLoadedEditorAssemblies (12ms)
			BeforeProcessingInitializeOnLoad (333ms)
			ProcessInitializeOnLoadAttributes (681ms)
			ProcessInitializeOnLoadMethodAttributes (292ms)
			AfterProcessingInitializeOnLoad (10ms)
			EditorAssembliesLoaded (1ms)
		ExecutionOrderSort2 (0ms)
		AwakeInstancesAfterBackupRestoration (30ms)
Refreshing native plugins compatible for Editor in 2.50 ms, found 3 plugins.
Preloading 0 native plugins for Editor in 0.00 ms.
Unloading 7 Unused Serialized files (Serialized files now loaded: 0)
Unloading 10724 unused Assets / (4.2 MB). Loaded Objects now: 12086.
Memory consumption went from 281.4 MB to 277.2 MB.
Total: 29.450000 ms (FindLiveObjects: 1.882900 ms CreateObjectMapping: 1.560600 ms MarkObjects: 22.049900 ms  DeleteObjects: 3.955600 ms)

Prepare: number of updated asset objects reloaded= 0
========================================================================
Received Prepare
Begin MonoManager ReloadAssembly
ADTM: Control thread waiting for realtime thread timed out, have to lock...
Symbol file LoadedFromMemory is not a mono symbol file
- Loaded All Assemblies, in  2.686 seconds
'Packages/com.unity.cinemachine/Editor/Obsolete/CinemachineVirtualCameraBaseEditor.cs' contains partial class of Unity.Object, exactly 1 of the partial classes needs to be in a file with the same filename. This is to know the one that can be referenced from ie. GameObjects
'Packages/com.unity.cinemachine/Editor/Editors/CinemachineVirtualCameraBaseEditor.cs' contains partial class of Unity.Object, exactly 1 of the partial classes needs to be in a file with the same filename. This is to know the one that can be referenced from ie. GameObjects
Refreshing native plugins compatible for Editor in 2.36 ms, found 3 plugins.
Native extension for Android target not found
Native extension for WindowsStandalone target not found
Native extension for WebGL target not found
[Package Manager] Failed to launch server process. Reason: Unity was launched with the -noUpm command-line argument
[Package Manager] Unable to send message (not connected to server process).
[Package Manager] Cannot connect to Unity Package Manager local server
[Package Manager] Failed to launch server process. Reason: Unity was launched with the -noUpm command-line argument
[Package Manager] Unable to send message (not connected to server process).
[Package Manager] Cannot connect to Unity Package Manager local server
ScheduleIndexationOnStartup MainProcess:False IndexOnStartup:True
Mono: successfully reloaded assembly
[Package Manager] Failed to launch server process. Reason: Unity was launched with the -noUpm command-line argument
[Package Manager] Unable to send message (not connected to server process).
[Package Manager] Cannot connect to Unity Package Manager local server
- Finished resetting the current domain, in  1.710 seconds
Domain Reload Profiling: 4400ms
	BeginReloadAssembly (1430ms)
		ExecutionOrderSort (0ms)
		DisableScriptedObjects (12ms)
		BackupInstance (0ms)
		ReleaseScriptingObjects (0ms)
		CreateAndSetChildDomain (1130ms)
	RebuildCommonClasses (61ms)
	RebuildNativeTypeToScriptingClass (26ms)
	initialDomainReloadingComplete (82ms)
	LoadAllAssembliesAndSetupDomain (1091ms)
		LoadAssemblies (662ms)
		RebuildTransferFunctionScriptingTraits (0ms)
		AnalyzeDomain (585ms)
			TypeCache.Refresh (15ms)
				TypeCache.ScanAssembly (0ms)
			BuildScriptInfoCaches (534ms)
			ResolveRequiredComponents (27ms)
	FinalizeReload (1711ms)
		ReleaseScriptCaches (0ms)
		RebuildScriptCaches (0ms)
		SetupLoadedEditorAssemblies (1322ms)
			LogAssemblyErrors (0ms)
			InitializePlatformSupportModulesInManaged (16ms)
			SetLoadedEditorAssemblies (7ms)
			BeforeProcessingInitializeOnLoad (352ms)
			ProcessInitializeOnLoadAttributes (654ms)
			ProcessInitializeOnLoadMethodAttributes (281ms)
			AfterProcessingInitializeOnLoad (10ms)
			EditorAssembliesLoaded (1ms)
		ExecutionOrderSort2 (0ms)
		AwakeInstancesAfterBackupRestoration (31ms)
Refreshing native plugins compatible for Editor in 3.39 ms, found 3 plugins.
Preloading 0 native plugins for Editor in 0.00 ms.
Unloading 7 Unused Serialized files (Serialized files now loaded: 0)
Unloading 10724 unused Assets / (5.2 MB). Loaded Objects now: 12090.
Memory consumption went from 281.5 MB to 276.4 MB.
Total: 22.550900 ms (FindLiveObjects: 1.929100 ms CreateObjectMapping: 1.521300 ms MarkObjects: 14.028000 ms  DeleteObjects: 5.071300 ms)

Prepare: number of updated asset objects reloaded= 0
========================================================================
Received Prepare
'Packages/com.unity.cinemachine/Editor/Obsolete/CinemachineVirtualCameraBaseEditor.cs' contains partial class of Unity.Object, exactly 1 of the partial classes needs to be in a file with the same filename. This is to know the one that can be referenced from ie. GameObjects
'Packages/com.unity.cinemachine/Editor/Editors/CinemachineVirtualCameraBaseEditor.cs' contains partial class of Unity.Object, exactly 1 of the partial classes needs to be in a file with the same filename. This is to know the one that can be referenced from ie. GameObjects
Refreshing native plugins compatible for Editor in 2.78 ms, found 3 plugins.
Preloading 0 native plugins for Editor in 0.00 ms.
Unloading 7 Unused Serialized files (Serialized files now loaded: 0)
Unloading 10707 unused Assets / (5.7 MB). Loaded Objects now: 12090.
Memory consumption went from 276.2 MB to 270.5 MB.
Total: 31.053100 ms (FindLiveObjects: 1.813600 ms CreateObjectMapping: 1.932200 ms MarkObjects: 20.937900 ms  DeleteObjects: 6.367600 ms)

Prepare: number of updated asset objects reloaded= 0
========================================================================
Received Prepare
Begin MonoManager ReloadAssembly
[Licensing::Client] Successfully resolved entitlement details
ADTM: Control thread waiting for realtime thread timed out, have to lock...
Symbol file LoadedFromMemory is not a mono symbol file
- Loaded All Assemblies, in  2.773 seconds
'Packages/com.unity.cinemachine/Editor/Obsolete/CinemachineVirtualCameraBaseEditor.cs' contains partial class of Unity.Object, exactly 1 of the partial classes needs to be in a file with the same filename. This is to know the one that can be referenced from ie. GameObjects
'Packages/com.unity.cinemachine/Editor/Editors/CinemachineVirtualCameraBaseEditor.cs' contains partial class of Unity.Object, exactly 1 of the partial classes needs to be in a file with the same filename. This is to know the one that can be referenced from ie. GameObjects
Refreshing native plugins compatible for Editor in 2.47 ms, found 3 plugins.
Native extension for Android target not found
Native extension for WindowsStandalone target not found
Native extension for WebGL target not found
[Package Manager] Failed to launch server process. Reason: Unity was launched with the -noUpm command-line argument
[Package Manager] Unable to send message (not connected to server process).
[Package Manager] Cannot connect to Unity Package Manager local server
[Package Manager] Failed to launch server process. Reason: Unity was launched with the -noUpm command-line argument
[Package Manager] Unable to send message (not connected to server process).
[Package Manager] Cannot connect to Unity Package Manager local server
ScheduleIndexationOnStartup MainProcess:False IndexOnStartup:True
Mono: successfully reloaded assembly
[Package Manager] Failed to launch server process. Reason: Unity was launched with the -noUpm command-line argument
[Package Manager] Unable to send message (not connected to server process).
[Package Manager] Cannot connect to Unity Package Manager local server
- Finished resetting the current domain, in  1.665 seconds
Domain Reload Profiling: 4439ms
	BeginReloadAssembly (1486ms)
		ExecutionOrderSort (0ms)
		DisableScriptedObjects (15ms)
		BackupInstance (0ms)
		ReleaseScriptingObjects (0ms)
		CreateAndSetChildDomain (1125ms)
	RebuildCommonClasses (75ms)
	RebuildNativeTypeToScriptingClass (30ms)
	initialDomainReloadingComplete (100ms)
	LoadAllAssembliesAndSetupDomain (1083ms)
		LoadAssemblies (729ms)
		RebuildTransferFunctionScriptingTraits (0ms)
		AnalyzeDomain (551ms)
			TypeCache.Refresh (24ms)
				TypeCache.ScanAssembly (2ms)
			BuildScriptInfoCaches (497ms)
			ResolveRequiredComponents (23ms)
	FinalizeReload (1665ms)
		ReleaseScriptCaches (0ms)
		RebuildScriptCaches (0ms)
		SetupLoadedEditorAssemblies (1271ms)
			LogAssemblyErrors (0ms)
			InitializePlatformSupportModulesInManaged (18ms)
			SetLoadedEditorAssemblies (8ms)
			BeforeProcessingInitializeOnLoad (311ms)
			ProcessInitializeOnLoadAttributes (615ms)
			ProcessInitializeOnLoadMethodAttributes (309ms)
			AfterProcessingInitializeOnLoad (10ms)
			EditorAssembliesLoaded (1ms)
		ExecutionOrderSort2 (0ms)
		AwakeInstancesAfterBackupRestoration (30ms)
Refreshing native plugins compatible for Editor in 2.56 ms, found 3 plugins.
Preloading 0 native plugins for Editor in 0.00 ms.
Unloading 7 Unused Serialized files (Serialized files now loaded: 0)
Unloading 10724 unused Assets / (5.8 MB). Loaded Objects now: 12094.
Memory consumption went from 281.6 MB to 275.8 MB.
Total: 20.364100 ms (FindLiveObjects: 1.683600 ms CreateObjectMapping: 1.488000 ms MarkObjects: 9.461600 ms  DeleteObjects: 7.729300 ms)

Prepare: number of updated asset objects reloaded= 0
========================================================================
Received Prepare
Begin MonoManager ReloadAssembly
ADTM: Control thread waiting for realtime thread timed out, have to lock...
Symbol file LoadedFromMemory is not a mono symbol file
- Loaded All Assemblies, in  2.810 seconds
'Packages/com.unity.cinemachine/Editor/Obsolete/CinemachineVirtualCameraBaseEditor.cs' contains partial class of Unity.Object, exactly 1 of the partial classes needs to be in a file with the same filename. This is to know the one that can be referenced from ie. GameObjects
'Packages/com.unity.cinemachine/Editor/Editors/CinemachineVirtualCameraBaseEditor.cs' contains partial class of Unity.Object, exactly 1 of the partial classes needs to be in a file with the same filename. This is to know the one that can be referenced from ie. GameObjects
Refreshing native plugins compatible for Editor in 2.46 ms, found 3 plugins.
Native extension for Android target not found
Native extension for WindowsStandalone target not found
Native extension for WebGL target not found
[Package Manager] Failed to launch server process. Reason: Unity was launched with the -noUpm command-line argument
[Package Manager] Unable to send message (not connected to server process).
[Package Manager] Cannot connect to Unity Package Manager local server
[Package Manager] Failed to launch server process. Reason: Unity was launched with the -noUpm command-line argument
[Package Manager] Unable to send message (not connected to server process).
[Package Manager] Cannot connect to Unity Package Manager local server
ScheduleIndexationOnStartup MainProcess:False IndexOnStartup:True
Mono: successfully reloaded assembly
[Package Manager] Failed to launch server process. Reason: Unity was launched with the -noUpm command-line argument
[Package Manager] Unable to send message (not connected to server process).
[Package Manager] Cannot connect to Unity Package Manager local server
- Finished resetting the current domain, in  1.714 seconds
Domain Reload Profiling: 4524ms
	BeginReloadAssembly (1456ms)
		ExecutionOrderSort (0ms)
		DisableScriptedObjects (12ms)
		BackupInstance (0ms)
		ReleaseScriptingObjects (0ms)
		CreateAndSetChildDomain (1130ms)
	RebuildCommonClasses (98ms)
	RebuildNativeTypeToScriptingClass (31ms)
	initialDomainReloadingComplete (101ms)
	LoadAllAssembliesAndSetupDomain (1124ms)
		LoadAssemblies (739ms)
		RebuildTransferFunctionScriptingTraits (0ms)
		AnalyzeDomain (557ms)
			TypeCache.Refresh (15ms)
				TypeCache.ScanAssembly (0ms)
			BuildScriptInfoCaches (510ms)
			ResolveRequiredComponents (24ms)
	FinalizeReload (1714ms)
		ReleaseScriptCaches (0ms)
		RebuildScriptCaches (0ms)
		SetupLoadedEditorAssemblies (1322ms)
			LogAssemblyErrors (0ms)
			InitializePlatformSupportModulesInManaged (16ms)
			SetLoadedEditorAssemblies (7ms)
			BeforeProcessingInitializeOnLoad (302ms)
			ProcessInitializeOnLoadAttributes (687ms)
			ProcessInitializeOnLoadMethodAttributes (300ms)
			AfterProcessingInitializeOnLoad (10ms)
			EditorAssembliesLoaded (1ms)
		ExecutionOrderSort2 (0ms)
		AwakeInstancesAfterBackupRestoration (41ms)
Refreshing native plugins compatible for Editor in 3.20 ms, found 3 plugins.
Preloading 0 native plugins for Editor in 0.00 ms.
Unloading 7 Unused Serialized files (Serialized files now loaded: 0)
Unloading 10724 unused Assets / (6.1 MB). Loaded Objects now: 12098.
Memory consumption went from 281.7 MB to 275.7 MB.
Total: 21.590000 ms (FindLiveObjects: 1.694100 ms CreateObjectMapping: 1.763200 ms MarkObjects: 12.300900 ms  DeleteObjects: 5.830600 ms)

Prepare: number of updated asset objects reloaded= 0
========================================================================
Received Prepare
'Packages/com.unity.cinemachine/Editor/Obsolete/CinemachineVirtualCameraBaseEditor.cs' contains partial class of Unity.Object, exactly 1 of the partial classes needs to be in a file with the same filename. This is to know the one that can be referenced from ie. GameObjects
'Packages/com.unity.cinemachine/Editor/Editors/CinemachineVirtualCameraBaseEditor.cs' contains partial class of Unity.Object, exactly 1 of the partial classes needs to be in a file with the same filename. This is to know the one that can be referenced from ie. GameObjects
Refreshing native plugins compatible for Editor in 2.59 ms, found 3 plugins.
Preloading 0 native plugins for Editor in 0.00 ms.
Unloading 7 Unused Serialized files (Serialized files now loaded: 0)
Unloading 10707 unused Assets / (5.4 MB). Loaded Objects now: 12098.
Memory consumption went from 276.4 MB to 271.0 MB.
Total: 21.763700 ms (FindLiveObjects: 1.810400 ms CreateObjectMapping: 1.912000 ms MarkObjects: 13.660900 ms  DeleteObjects: 4.379000 ms)

Prepare: number of updated asset objects reloaded= 0
========================================================================
Received Prepare
Begin MonoManager ReloadAssembly
[Licensing::Client] Successfully resolved entitlement details
ADTM: Control thread waiting for realtime thread timed out, have to lock...
Symbol file LoadedFromMemory is not a mono symbol file
- Loaded All Assemblies, in  2.832 seconds
'Packages/com.unity.cinemachine/Editor/Obsolete/CinemachineVirtualCameraBaseEditor.cs' contains partial class of Unity.Object, exactly 1 of the partial classes needs to be in a file with the same filename. This is to know the one that can be referenced from ie. GameObjects
'Packages/com.unity.cinemachine/Editor/Editors/CinemachineVirtualCameraBaseEditor.cs' contains partial class of Unity.Object, exactly 1 of the partial classes needs to be in a file with the same filename. This is to know the one that can be referenced from ie. GameObjects
Refreshing native plugins compatible for Editor in 2.52 ms, found 3 plugins.
Native extension for Android target not found
Native extension for WindowsStandalone target not found
Native extension for WebGL target not found
[Package Manager] Failed to launch server process. Reason: Unity was launched with the -noUpm command-line argument
[Package Manager] Unable to send message (not connected to server process).
[Package Manager] Cannot connect to Unity Package Manager local server
[Package Manager] Failed to launch server process. Reason: Unity was launched with the -noUpm command-line argument
[Package Manager] Unable to send message (not connected to server process).
[Package Manager] Cannot connect to Unity Package Manager local server
ScheduleIndexationOnStartup MainProcess:False IndexOnStartup:True
Mono: successfully reloaded assembly
[Package Manager] Failed to launch server process. Reason: Unity was launched with the -noUpm command-line argument
[Package Manager] Unable to send message (not connected to server process).
[Package Manager] Cannot connect to Unity Package Manager local server
- Finished resetting the current domain, in  1.963 seconds
Domain Reload Profiling: 4797ms
	BeginReloadAssembly (1463ms)
		ExecutionOrderSort (0ms)
		DisableScriptedObjects (15ms)
		BackupInstance (0ms)
		ReleaseScriptingObjects (0ms)
		CreateAndSetChildDomain (1125ms)
	RebuildCommonClasses (63ms)
	RebuildNativeTypeToScriptingClass (25ms)
	initialDomainReloadingComplete (83ms)
	LoadAllAssembliesAndSetupDomain (1199ms)
		LoadAssemblies (752ms)
		RebuildTransferFunctionScriptingTraits (0ms)
		AnalyzeDomain (621ms)
			TypeCache.Refresh (27ms)
				TypeCache.ScanAssembly (2ms)
			BuildScriptInfoCaches (563ms)
			ResolveRequiredComponents (23ms)
	FinalizeReload (1964ms)
		ReleaseScriptCaches (0ms)
		RebuildScriptCaches (0ms)
		SetupLoadedEditorAssemblies (1511ms)
			LogAssemblyErrors (0ms)
			InitializePlatformSupportModulesInManaged (19ms)
			SetLoadedEditorAssemblies (8ms)
			BeforeProcessingInitializeOnLoad (305ms)
			ProcessInitializeOnLoadAttributes (798ms)
			ProcessInitializeOnLoadMethodAttributes (367ms)
			AfterProcessingInitializeOnLoad (13ms)
			EditorAssembliesLoaded (1ms)
		ExecutionOrderSort2 (0ms)
		AwakeInstancesAfterBackupRestoration (41ms)
Refreshing native plugins compatible for Editor in 2.69 ms, found 3 plugins.
Preloading 0 native plugins for Editor in 0.00 ms.
Unloading 7 Unused Serialized files (Serialized files now loaded: 0)
Unloading 10724 unused Assets / (7.1 MB). Loaded Objects now: 12102.
Memory consumption went from 281.8 MB to 274.7 MB.
Total: 23.299000 ms (FindLiveObjects: 1.838200 ms CreateObjectMapping: 2.032500 ms MarkObjects: 12.711100 ms  DeleteObjects: 6.716000 ms)

Prepare: number of updated asset objects reloaded= 0
========================================================================
Received Prepare
Begin MonoManager ReloadAssembly
ADTM: Control thread waiting for realtime thread timed out, have to lock...
Symbol file LoadedFromMemory is not a mono symbol file
- Loaded All Assemblies, in  2.786 seconds
'Packages/com.unity.cinemachine/Editor/Obsolete/CinemachineVirtualCameraBaseEditor.cs' contains partial class of Unity.Object, exactly 1 of the partial classes needs to be in a file with the same filename. This is to know the one that can be referenced from ie. GameObjects
'Packages/com.unity.cinemachine/Editor/Editors/CinemachineVirtualCameraBaseEditor.cs' contains partial class of Unity.Object, exactly 1 of the partial classes needs to be in a file with the same filename. This is to know the one that can be referenced from ie. GameObjects
Refreshing native plugins compatible for Editor in 3.03 ms, found 3 plugins.
Native extension for Android target not found
Native extension for WindowsStandalone target not found
Native extension for WebGL target not found
[Package Manager] Failed to launch server process. Reason: Unity was launched with the -noUpm command-line argument
[Package Manager] Unable to send message (not connected to server process).
[Package Manager] Cannot connect to Unity Package Manager local server
[Package Manager] Failed to launch server process. Reason: Unity was launched with the -noUpm command-line argument
[Package Manager] Unable to send message (not connected to server process).
[Package Manager] Cannot connect to Unity Package Manager local server
ScheduleIndexationOnStartup MainProcess:False IndexOnStartup:True
Mono: successfully reloaded assembly
[Package Manager] Failed to launch server process. Reason: Unity was launched with the -noUpm command-line argument
[Package Manager] Unable to send message (not connected to server process).
[Package Manager] Cannot connect to Unity Package Manager local server
- Finished resetting the current domain, in  1.721 seconds
Domain Reload Profiling: 4510ms
	BeginReloadAssembly (1471ms)
		ExecutionOrderSort (0ms)
		DisableScriptedObjects (13ms)
		BackupInstance (0ms)
		ReleaseScriptingObjects (0ms)
		CreateAndSetChildDomain (1134ms)
	RebuildCommonClasses (61ms)
	RebuildNativeTypeToScriptingClass (26ms)
	initialDomainReloadingComplete (83ms)
	LoadAllAssembliesAndSetupDomain (1148ms)
		LoadAssemblies (759ms)
		RebuildTransferFunctionScriptingTraits (0ms)
		AnalyzeDomain (578ms)
			TypeCache.Refresh (16ms)
				TypeCache.ScanAssembly (0ms)
			BuildScriptInfoCaches (530ms)
			ResolveRequiredComponents (24ms)
	FinalizeReload (1721ms)
		ReleaseScriptCaches (0ms)
		RebuildScriptCaches (0ms)
		SetupLoadedEditorAssemblies (1293ms)
			LogAssemblyErrors (0ms)
			InitializePlatformSupportModulesInManaged (16ms)
			SetLoadedEditorAssemblies (7ms)
			BeforeProcessingInitializeOnLoad (301ms)
			ProcessInitializeOnLoadAttributes (628ms)
			ProcessInitializeOnLoadMethodAttributes (326ms)
			AfterProcessingInitializeOnLoad (14ms)
			EditorAssembliesLoaded (2ms)
		ExecutionOrderSort2 (0ms)
		AwakeInstancesAfterBackupRestoration (39ms)
Refreshing native plugins compatible for Editor in 2.55 ms, found 3 plugins.
Preloading 0 native plugins for Editor in 0.00 ms.
Unloading 7 Unused Serialized files (Serialized files now loaded: 0)
Unloading 10724 unused Assets / (5.2 MB). Loaded Objects now: 12106.
Memory consumption went from 281.9 MB to 276.7 MB.
Total: 21.221800 ms (FindLiveObjects: 1.865800 ms CreateObjectMapping: 1.797100 ms MarkObjects: 11.640500 ms  DeleteObjects: 5.917100 ms)

Prepare: number of updated asset objects reloaded= 0
========================================================================
Received Prepare
Begin MonoManager ReloadAssembly
ADTM: Control thread waiting for realtime thread timed out, have to lock...
Symbol file LoadedFromMemory is not a mono symbol file
- Loaded All Assemblies, in  2.837 seconds
'Packages/com.unity.cinemachine/Editor/Obsolete/CinemachineVirtualCameraBaseEditor.cs' contains partial class of Unity.Object, exactly 1 of the partial classes needs to be in a file with the same filename. This is to know the one that can be referenced from ie. GameObjects
'Packages/com.unity.cinemachine/Editor/Editors/CinemachineVirtualCameraBaseEditor.cs' contains partial class of Unity.Object, exactly 1 of the partial classes needs to be in a file with the same filename. This is to know the one that can be referenced from ie. GameObjects
Refreshing native plugins compatible for Editor in 2.51 ms, found 3 plugins.
Native extension for Android target not found
Native extension for WindowsStandalone target not found
Native extension for WebGL target not found
[Package Manager] Failed to launch server process. Reason: Unity was launched with the -noUpm command-line argument
[Package Manager] Unable to send message (not connected to server process).
[Package Manager] Cannot connect to Unity Package Manager local server
[Package Manager] Failed to launch server process. Reason: Unity was launched with the -noUpm command-line argument
[Package Manager] Unable to send message (not connected to server process).
[Package Manager] Cannot connect to Unity Package Manager local server
ScheduleIndexationOnStartup MainProcess:False IndexOnStartup:True
Mono: successfully reloaded assembly
[Package Manager] Failed to launch server process. Reason: Unity was launched with the -noUpm command-line argument
[Package Manager] Unable to send message (not connected to server process).
[Package Manager] Cannot connect to Unity Package Manager local server
- Finished resetting the current domain, in  1.713 seconds
Domain Reload Profiling: 4553ms
	BeginReloadAssembly (1498ms)
		ExecutionOrderSort (0ms)
		DisableScriptedObjects (14ms)
		BackupInstance (0ms)
		ReleaseScriptingObjects (0ms)
		CreateAndSetChildDomain (1128ms)
	RebuildCommonClasses (73ms)
	RebuildNativeTypeToScriptingClass (30ms)
	initialDomainReloadingComplete (87ms)
	LoadAllAssembliesAndSetupDomain (1151ms)
		LoadAssemblies (723ms)
		RebuildTransferFunctionScriptingTraits (0ms)
		AnalyzeDomain (602ms)
			TypeCache.Refresh (25ms)
				TypeCache.ScanAssembly (0ms)
			BuildScriptInfoCaches (546ms)
			ResolveRequiredComponents (23ms)
	FinalizeReload (1714ms)
		ReleaseScriptCaches (0ms)
		RebuildScriptCaches (0ms)
		SetupLoadedEditorAssemblies (1308ms)
			LogAssemblyErrors (0ms)
			InitializePlatformSupportModulesInManaged (16ms)
			SetLoadedEditorAssemblies (7ms)
			BeforeProcessingInitializeOnLoad (300ms)
			ProcessInitializeOnLoadAttributes (611ms)
			ProcessInitializeOnLoadMethodAttributes (362ms)
			AfterProcessingInitializeOnLoad (11ms)
			EditorAssembliesLoaded (1ms)
		ExecutionOrderSort2 (0ms)
		AwakeInstancesAfterBackupRestoration (40ms)
Refreshing native plugins compatible for Editor in 2.67 ms, found 3 plugins.
Preloading 0 native plugins for Editor in 0.00 ms.
Unloading 7 Unused Serialized files (Serialized files now loaded: 0)
Unloading 10724 unused Assets / (5.4 MB). Loaded Objects now: 12110.
Memory consumption went from 282.0 MB to 276.6 MB.
Total: 23.457500 ms (FindLiveObjects: 1.778500 ms CreateObjectMapping: 1.799400 ms MarkObjects: 14.651100 ms  DeleteObjects: 5.227100 ms)

Prepare: number of updated asset objects reloaded= 0
========================================================================
Received Prepare
Begin MonoManager ReloadAssembly
[Licensing::Client] Successfully resolved entitlement details
ADTM: Control thread waiting for realtime thread timed out, have to lock...
Symbol file LoadedFromMemory is not a mono symbol file
- Loaded All Assemblies, in  2.792 seconds
'Packages/com.unity.cinemachine/Editor/Obsolete/CinemachineVirtualCameraBaseEditor.cs' contains partial class of Unity.Object, exactly 1 of the partial classes needs to be in a file with the same filename. This is to know the one that can be referenced from ie. GameObjects
'Packages/com.unity.cinemachine/Editor/Editors/CinemachineVirtualCameraBaseEditor.cs' contains partial class of Unity.Object, exactly 1 of the partial classes needs to be in a file with the same filename. This is to know the one that can be referenced from ie. GameObjects
Refreshing native plugins compatible for Editor in 2.49 ms, found 3 plugins.
Native extension for Android target not found
Native extension for WindowsStandalone target not found
Native extension for WebGL target not found
[Package Manager] Failed to launch server process. Reason: Unity was launched with the -noUpm command-line argument
[Package Manager] Unable to send message (not connected to server process).
[Package Manager] Cannot connect to Unity Package Manager local server
[Package Manager] Failed to launch server process. Reason: Unity was launched with the -noUpm command-line argument
[Package Manager] Unable to send message (not connected to server process).
[Package Manager] Cannot connect to Unity Package Manager local server
ScheduleIndexationOnStartup MainProcess:False IndexOnStartup:True
Mono: successfully reloaded assembly
[Package Manager] Failed to launch server process. Reason: Unity was launched with the -noUpm command-line argument
[Package Manager] Unable to send message (not connected to server process).
[Package Manager] Cannot connect to Unity Package Manager local server
- Finished resetting the current domain, in  1.668 seconds
Domain Reload Profiling: 4463ms
	BeginReloadAssembly (1460ms)
		ExecutionOrderSort (0ms)
		DisableScriptedObjects (12ms)
		BackupInstance (0ms)
		ReleaseScriptingObjects (0ms)
		CreateAndSetChildDomain (1143ms)
	RebuildCommonClasses (72ms)
	RebuildNativeTypeToScriptingClass (31ms)
	initialDomainReloadingComplete (89ms)
	LoadAllAssembliesAndSetupDomain (1142ms)
		LoadAssemblies (676ms)
		RebuildTransferFunctionScriptingTraits (0ms)
		AnalyzeDomain (641ms)
			TypeCache.Refresh (15ms)
				TypeCache.ScanAssembly (0ms)
			BuildScriptInfoCaches (590ms)
			ResolveRequiredComponents (28ms)
	FinalizeReload (1668ms)
		ReleaseScriptCaches (0ms)
		RebuildScriptCaches (0ms)
		SetupLoadedEditorAssemblies (1281ms)
			LogAssemblyErrors (0ms)
			InitializePlatformSupportModulesInManaged (16ms)
			SetLoadedEditorAssemblies (8ms)
			BeforeProcessingInitializeOnLoad (312ms)
			ProcessInitializeOnLoadAttributes (633ms)
			ProcessInitializeOnLoadMethodAttributes (300ms)
			AfterProcessingInitializeOnLoad (11ms)
			EditorAssembliesLoaded (1ms)
		ExecutionOrderSort2 (0ms)
		AwakeInstancesAfterBackupRestoration (32ms)
Refreshing native plugins compatible for Editor in 3.07 ms, found 3 plugins.
Preloading 0 native plugins for Editor in 0.00 ms.
Unloading 7 Unused Serialized files (Serialized files now loaded: 0)
Unloading 10724 unused Assets / (7.1 MB). Loaded Objects now: 12114.
Memory consumption went from 282.1 MB to 275.0 MB.
Total: 27.022400 ms (FindLiveObjects: 2.101900 ms CreateObjectMapping: 2.417200 ms MarkObjects: 14.306500 ms  DeleteObjects: 8.194800 ms)

Prepare: number of updated asset objects reloaded= 0
